챕터,스테이지,명중 요구치,집중 요구치
1,1-1,100,100
1,1-2,100,100
1,1-3,100,100
1,1-4,100,100
1,1-5,101,101
1,1-6,101,101
1,1-7,101,101
1,1-8,101,101
1,1-9,101,101
1,1-10,101,101
1,1-11,101.6,101.6
1,1-12,101.9,101.9
1,1-13,102,102
1,1-14,102,102
1,1-15,102,102
1,1-16,102,102
1,1-17,102,102
1,1-18,102,102
1,1-19,105.3,102.2
1,1-20,111.3,102.5
1,1-21,119.7,102.9
1,1-22,121.4,103
1,1-23,122,103
1,1-24,122,103
1,1-25,122,103
1,1-26,122,103
1,1-27,122,103
1,1-28,122,103
1,1-29,122.3,103.3
1,1-30,122.7,103.7
2,2-1,123,104
2,2-2,123,104
2,2-3,123,104
2,2-4,123,104
2,2-5,123,104
2,2-6,123,104
2,2-7,123.3,104.3
2,2-8,123.7,104.7
2,2-9,124,105
2,2-10,124,105
2,2-11,124,105
2,2-12,124,105
2,2-13,124,105
2,2-14,124,105
2,2-15,124,105
2,2-16,124.2,105.2
2,2-17,124.6,105.6
2,2-18,124.9,105.9
2,2-19,125,106
2,2-20,125,106
2,2-21,125,106
2,2-22,125,106
2,2-23,125,106
2,2-24,125,106
2,2-25,125,106
2,2-26,125.3,106.3
2,2-27,125.7,106.7
2,2-28,126,107
2,2-29,126,107
2,2-30,126,107
3,3-1,126,107
3,3-2,126,107
3,3-3,126.2,107.1
3,3-4,126.8,107.3
3,3-5,127.6,107.7
3,3-6,127.9,108
3,3-7,128,108
3,3-8,128,108
3,3-9,128,108
3,3-10,128,108
3,3-11,128,108
3,3-12,128,108
3,3-13,128.1,108.1
3,3-14,128.7,108.7
3,3-15,129,109
3,3-16,129,109
3,3-17,129,109
3,3-18,129,109
3,3-19,129,109
3,3-20,129,109
3,3-21,129,109
3,3-22,129.1,109.2
3,3-23,129.4,109.4
3,3-24,129.9,109.9
3,3-25,130,110
3,3-26,130,110
3,3-27,130,110
3,3-28,130,110
3,3-29,130,110
3,3-30,130.1,110.1
4,4-1,130.4,110.4
4,4-2,130.8,110.8
4,4-3,131,111
4,4-4,131,111
4,4-5,131,111
4,4-6,131,111
4,4-7,131,111
4,4-8,131,111
4,4-9,131,111
4,4-10,131.3,111.3
4,4-11,131.6,111.6
4,4-12,132,112
4,4-13,132,112
4,4-14,132,112
4,4-15,132,112
4,4-16,132,112
4,4-17,132,112
4,4-18,132,112
4,4-19,132.1,112.1
4,4-20,132.6,112.6
4,4-21,132.9,112.9
4,4-22,133,113
4,4-23,133,113
4,4-24,133,113
4,4-25,133,113
4,4-26,133,113
4,4-27,133,113
4,4-28,133.5,113.5
4,4-29,133.8,113.8
4,4-30,134,114
5,5-1,134,114
5,5-2,134,114
5,5-3,134.1,114.1
5,5-4,134.6,114.6
5,5-5,135,115
5,5-6,135,115
5,5-7,135,115
5,5-8,135.1,115.1
5,5-9,136,115.5
5,5-10,136.9,116
5,5-11,137,116
5,5-12,137,116
5,5-13,137,116
5,5-14,137.1,116.1
5,5-15,137.6,116.6
5,5-16,138,117
5,5-17,138,117
5,5-18,138,117
5,5-19,138,117
5,5-20,138,117
5,5-21,138.3,117.3
5,5-22,138.8,117.8
5,5-23,139,118
5,5-24,139,118
5,5-25,139,118
5,5-26,139,118
5,5-27,139.1,118.1
5,5-28,139.5,118.5
5,5-29,139.9,118.9
5,5-30,140,119
6,6-1,140,119
6,6-2,140,119
6,6-3,140.1,119.1
6,6-4,140.6,119.6
6,6-5,141,120
6,6-6,141,120
6,6-7,141,120
6,6-8,141,120
6,6-9,141,120
6,6-10,141.3,120.3
6,6-11,141.8,120.8
6,6-12,142,121
6,6-13,142,121
6,6-14,142,121
6,6-15,142,121
6,6-16,142,121
6,6-17,142,121
6,6-18,142,121
6,6-19,142,121
6,6-20,142,121
6,6-21,142.4,121.1
6,6-22,143.5,121.5
6,6-23,144.7,121.9
6,6-24,145,122
6,6-25,145,122
6,6-26,145,122
6,6-27,145,122
6,6-28,145,122
6,6-29,145,122
6,6-30,145,122
7,7-1,145.1,122.1
7,7-2,145.3,122.3
7,7-3,145.8,122.8
7,7-4,146,123
7,7-5,146,123
7,7-6,146,123
7,7-7,146,123
7,7-8,146,123
7,7-9,146,123
7,7-10,146,123
7,7-11,146,123
7,7-12,146,123
7,7-13,146.1,123.1
7,7-14,146.3,123.3
7,7-15,146.7,123.7
7,7-16,147,124
7,7-17,147,124
7,7-18,147,124
7,7-19,147,124
7,7-20,147,124
7,7-21,147,124
7,7-22,147,124
7,7-23,147,124
7,7-24,147,124
7,7-25,147,124
7,7-26,147.2,124.2
7,7-27,147.7,124.7
7,7-28,148,125
7,7-29,148,125
7,7-30,148,125
8,8-1,148,125
8,8-2,148,125
8,8-3,148,125
8,8-4,148,125
8,8-5,148,125
8,8-6,148.1,125.1
8,8-7,148.5,125.5
8,8-8,148.9,125.9
8,8-9,149,126
8,8-10,149,126
8,8-11,149,126
8,8-12,149,126
8,8-13,149,126
8,8-14,149,126
8,8-15,149,126
8,8-16,149,126
8,8-17,149.5,126.5
8,8-18,150,127
8,8-19,150,127
8,8-20,150,127
8,8-21,150,127
8,8-22,150,127
8,8-23,150,127
8,8-24,150.2,127.2
8,8-25,151,128
8,8-26,151,128
8,8-27,151,128
8,8-28,151,128
8,8-29,151,128
8,8-30,151,128
9,9-1,151.8,128.8
9,9-2,152,129
9,9-3,152,129
9,9-4,152,129
9,9-5,152,129
9,9-6,152,129
9,9-7,152,129
9,9-8,152.6,129.6
9,9-9,153,130
9,9-10,153,130
9,9-11,153,130
9,9-12,153,130
9,9-13,153,130
9,9-14,153,130
9,9-15,153.4,130.4
9,9-16,153.9,130.9
9,9-17,154,131
9,9-18,154,131
9,9-19,154,131
9,9-20,154,131
9,9-21,154.2,131.2
9,9-22,154.8,131.8
9,9-23,155,132
9,9-24,155,132
9,9-25,155,132
9,9-26,155,132
9,9-27,155,132
9,9-28,155.2,132.2
9,9-29,155.7,132.7
9,9-30,156,133
10,10-1,156,133
10,10-2,156,133
10,10-3,156,133
10,10-4,156,133
10,10-5,156,133
10,10-6,157.1,133.5
10,10-7,157.9,134
10,10-8,158,134
10,10-9,158,134
10,10-10,158,134
10,10-11,158,134
10,10-12,158.4,134.4
10,10-13,158.9,134.9
10,10-14,159,135
10,10-15,159,135
10,10-16,159,135
10,10-17,159,135
10,10-18,159,135
10,10-19,159.4,135.1
10,10-20,160.8,135.9
10,10-21,161,136
10,10-22,161,136
10,10-23,161,136
10,10-24,161,136
10,10-25,161,136
10,10-26,161,136
10,10-27,161.7,136.7
10,10-28,162,137
10,10-29,162,137
10,10-30,162,137
11,11-1,162,137
11,11-2,162,137
11,11-3,162,137
11,11-4,162.4,137.4
11,11-5,162.9,137.9
11,11-6,163,138
11,11-7,163,138
11,11-8,163,138
11,11-9,163,138
11,11-10,163,138
11,11-11,163,138
11,11-12,163,138
11,11-13,163.1,138.1
11,11-14,163.5,138.5
11,11-15,164,139
11,11-16,164,139
11,11-17,164,139
11,11-18,164,139
11,11-19,164,139
11,11-20,164,139
11,11-21,164,139
11,11-22,164,139
11,11-23,164.2,139.1
11,11-24,165.2,139.6
11,11-25,165.9,140
11,11-26,166,140
11,11-27,166,140
11,11-28,166,140
11,11-29,166,140
11,11-30,166,140
12,12-1,166,140
12,12-2,166.4,140.4
12,12-3,166.9,140.9
12,12-4,167,141
12,12-5,167,141
12,12-6,167,141
12,12-7,167,141
12,12-8,167,141
12,12-9,167,141
12,12-10,167,141
12,12-11,167,141
12,12-12,167,141
12,12-13,167,141
12,12-14,167,141
12,12-15,167,141
12,12-16,167,141
12,12-17,167,141
12,12-18,167,141
12,12-19,167,141
12,12-20,167,141
12,12-21,167,141
12,12-22,167,141
12,12-23,167,141
12,12-24,167,141
12,12-25,167,141
12,12-26,167,141
12,12-27,167,141
12,12-28,167,141
12,12-29,167,141
12,12-30,167,141
13,13-1,167,141
13,13-2,167,141
13,13-3,167,141
13,13-4,167,141
13,13-5,167,141
13,13-6,167,141
13,13-7,167,141
13,13-8,167,141
13,13-9,167,141
13,13-10,167,141
13,13-11,167.1,141.1
13,13-12,167.2,141.2
13,13-13,167.3,141.3
13,13-14,167.4,141.4
13,13-15,167.5,141.5
13,13-16,167.6,141.6
13,13-17,167.6,141.6
13,13-18,167.7,141.7
13,13-19,167.8,141.8
13,13-20,168,142
13,13-21,168,142
13,13-22,168,142
13,13-23,168,142
13,13-24,168,142
13,13-25,168,142
13,13-26,168,142
13,13-27,168,142
13,13-28,168,142
13,13-29,168,142
13,13-30,168,142
14,14-1,168,142
14,14-2,168,142
14,14-3,168,142
14,14-4,168,142
14,14-5,168,142
14,14-6,168,142
14,14-7,168,142
14,14-8,168,142
14,14-9,168,142
14,14-10,168,142
14,14-11,168,142
14,14-12,168,142
14,14-13,168,142
14,14-14,168,142
14,14-15,168,142
14,14-16,168,142
14,14-17,168,142
14,14-18,168,142
14,14-19,168,142
14,14-20,168,142
14,14-21,168,142
14,14-22,168,142
14,14-23,168,142
14,14-24,168,142
14,14-25,168,142
14,14-26,168,142
14,14-27,168,142
14,14-28,168,142
14,14-29,168,142
14,14-30,168,142
15,15-1,168,142
15,15-2,168,142
15,15-3,168,142
15,15-4,168,142
15,15-5,168,142
15,15-6,168,142
15,15-7,168,142
15,15-8,168,142
15,15-9,168,142
15,15-10,168,142
15,15-11,168,142
15,15-12,168,142
15,15-13,168,142
15,15-14,168,142
15,15-15,168,142
15,15-16,168,142
15,15-17,168,142
15,15-18,168,142
15,15-19,168,142
15,15-20,168,142
15,15-21,168,142
15,15-22,168,142
15,15-23,168.1,142.1
15,15-24,168.3,142.3
15,15-25,168.4,142.4
15,15-26,168.5,142.5
15,15-27,168.6,142.6
15,15-28,168.6,142.6
15,15-29,168.7,142.7
15,15-30,168.8,142.8
16,16-1,168.9,142.9
16,16-2,169,143
16,16-3,169,143
16,16-4,169,143
16,16-5,169,143
16,16-6,169,143
16,16-7,169,143
16,16-8,169,143
16,16-9,169,143
16,16-10,169,143
16,16-11,169,143
16,16-12,169,143
16,16-13,169,143
16,16-14,169,143
16,16-15,169,143
16,16-16,169,143
16,16-17,169,143
16,16-18,169,143
16,16-19,169,143
16,16-20,169,143
16,16-21,169,143
16,16-22,169,143
16,16-23,169,143
16,16-24,169,143
16,16-25,169,143
16,16-26,169,143
16,16-27,169,143
16,16-28,169,143
16,16-29,169,143
16,16-30,169.1,143.1
17,17-1,169.7,143.7
17,17-2,170,144
17,17-3,170,144
17,17-4,170,144
17,17-5,170,144
17,17-6,170,144
17,17-7,170,144
17,17-8,170,144
17,17-9,170.1,144.1
17,17-10,170.5,144.5
17,17-11,171,145
17,17-12,171,145
17,17-13,171,145
17,17-14,171,145
17,17-15,171,145
17,17-16,171,145
17,17-17,171,145
17,17-18,171.1,145.1
17,17-19,171.5,145.5
17,17-20,172,146
17,17-21,172,146
17,17-22,172,146
17,17-23,172,146
17,17-24,172,146
17,17-25,172,146
17,17-26,172.6,146.6
17,17-27,173,147
17,17-28,173,147
17,17-29,173,147
17,17-30,173,147
18,18-1,173,147
18,18-2,173,147
18,18-3,173,147
18,18-4,173.7,147.7
18,18-5,174,148
18,18-6,174,148
18,18-7,174,148
18,18-8,174,148
18,18-9,174,148
18,18-10,174,148
18,18-11,174,148
18,18-12,174.8,148.8
18,18-13,175,149
18,18-14,175,149
18,18-15,175,149
18,18-16,175,149
18,18-17,175,149
18,18-18,175.3,149.1
18,18-19,177,150
18,18-20,177,150
18,18-21,177,150
18,18-22,177,150
18,18-23,177,150
18,18-24,177,150
18,18-25,177,150
18,18-26,177.5,150.3
18,18-27,179,151
18,18-28,179,151
18,18-29,179,151
18,18-30,179,151
19,19-1,179,151
19,19-2,179,151
19,19-3,179,151
19,19-4,179.4,151.4
19,19-5,180,152
19,19-6,180,152
19,19-7,180,152
19,19-8,180,152
19,19-9,180,152
19,19-10,180,152
19,19-11,180.6,152.6
19,19-12,181,153
19,19-13,181,153
19,19-14,181,153
19,19-15,181,153
19,19-16,181,153
19,19-17,181,153
19,19-18,181,153
19,19-19,181.7,153.7
19,19-20,182,154
19,19-21,182,154
19,19-22,182,154
19,19-23,182,154
19,19-24,182,154
19,19-25,182,154
19,19-26,182,154
19,19-27,182.8,154.8
19,19-28,183,155
19,19-29,183,155
19,19-30,183,155
20,20-1,183,155
20,20-2,183,155
20,20-3,183.1,155.1
20,20-4,184,156
20,20-5,184,156
20,20-6,184,156
20,20-7,184,156
20,20-8,184,156
20,20-9,184,156
20,20-10,184,156
20,20-11,184.3,156.3
20,20-12,185,157
20,20-13,185,157
20,20-14,185,157
20,20-15,185,157
20,20-16,185,157
20,20-17,185,157
20,20-18,185,157
20,20-19,185.4,157.4
20,20-20,186,158
20,20-21,186,158
20,20-22,186,158
20,20-23,186,158
20,20-24,186,158
20,20-25,186,158
20,20-26,187.2,158.6
20,20-27,188,159
20,20-28,188,159
20,20-29,188,159
20,20-30,188,159
21,21-1,188,159
21,21-2,188,159
21,21-3,188.3,159.3
21,21-4,189,160
21,21-5,189,160
21,21-6,189,160
21,21-7,189,160
21,21-8,189,160
21,21-9,189,160
21,21-10,189.6,160.6
21,21-11,190,161
21,21-12,190,161
21,21-13,190,161
21,21-14,190,161
21,21-15,190,161
21,21-16,190.8,161.8
21,21-17,191,162
21,21-18,191,162
21,21-19,191,162
21,21-20,191,162
21,21-21,191,162
21,21-22,191,162
21,21-23,192,163
21,21-24,192,163
21,21-25,192,163
21,21-26,192,163
21,21-27,192,163
21,21-28,192,163
21,21-29,192.3,163.3
21,21-30,193,164
22,22-1,193,164
22,22-2,193,164
22,22-3,193,164
22,22-4,193,164
22,22-5,194.1,164.6
22,22-6,195,165
22,22-7,195,165
22,22-8,195,165
22,22-9,195,165
22,22-10,195,165
22,22-11,195,165
22,22-12,195.8,165.8
22,22-13,196,166
22,22-14,196,166
22,22-15,196,166
22,22-16,196,166
22,22-17,196,166
22,22-18,196.1,166.1
22,22-19,197,167
22,22-20,197,167
22,22-21,197,167
22,22-22,197,167
22,22-23,197,167
22,22-24,197.3,167.3
22,22-25,198,168
22,22-26,198,168
22,22-27,198,168
22,22-28,198,168
22,22-29,198,168
22,22-30,198,168
23,23-1,199.2,168.6
23,23-2,200,169
23,23-3,200,169
23,23-4,200,169
23,23-5,200,169
23,23-6,200,169
23,23-7,200,169
23,23-8,200.9,169.9
23,23-9,201,170
23,23-10,201,170
23,23-11,201,170
23,23-12,201,170
23,23-13,201.1,170.1
23,23-14,202,171
23,23-15,202,171
23,23-16,202,171
23,23-17,202,171
23,23-18,202,171
23,23-19,202,171
23,23-20,202.4,171.4
23,23-21,203,172
23,23-22,203,172
23,23-23,203,172
23,23-24,203,172
23,23-25,203,172
23,23-26,203,172
23,23-27,203.6,172.6
23,23-28,204,173
23,23-29,204,173
23,23-30,204,173
24,24-1,204,173
24,24-2,204,173
24,24-3,204.9,173.9
24,24-4,205,174
24,24-5,205,174
24,24-6,205,174
24,24-7,205,174
24,24-8,205,174
24,24-9,205.1,174.1
24,24-10,206,175
24,24-11,206,175
24,24-12,206,175
24,24-13,206,175
24,24-14,206,175
24,24-15,206,175
24,24-16,206,175
24,24-17,206,175
24,24-18,206,175
24,24-19,206,175
24,24-20,206,175
24,24-21,206.3,175.3
24,24-22,206.8,175.8
24,24-23,207,176
24,24-24,207,176
24,24-25,207,176
24,24-26,207,176
24,24-27,207,176
24,24-28,207,176
24,24-29,207,176
24,24-30,207,176
25,25-1,207,176
25,25-2,207.4,176.4
25,25-3,207.9,176.9
25,25-4,208,177
25,25-5,208,177
25,25-6,208,177
25,25-7,208,177
25,25-8,208,177
25,25-9,208,177
25,25-10,208,177
25,25-11,208,177
25,25-12,208,177
25,25-13,208,177
25,25-14,208.1,177
25,25-15,209.2,177.6
25,25-16,210,178
25,25-17,210,178
25,25-18,210,178
25,25-19,210,178
25,25-20,210,178
25,25-21,210,178
25,25-22,210,178
25,25-23,210,178
25,25-24,210,178
25,25-25,210,178
25,25-26,210,178
25,25-27,210.5,178.3
25,25-28,211.6,178.8
25,25-29,212,179
25,25-30,212,179
26,26-1,212,179
26,26-2,212,179
26,26-3,212,179
26,26-4,213,180
26,26-5,213,180
26,26-6,213,180
26,26-7,213,180
26,26-8,213,180
26,26-9,213.6,180.6
26,26-10,214,181
26,26-11,214,181
26,26-12,214,181
26,26-13,214,181
26,26-14,214.1,181.1
26,26-15,215,182
26,26-16,215,182
26,26-17,215,182
26,26-18,215,182
26,26-19,215.6,182.6
26,26-20,216,183
26,26-21,216,183
26,26-22,216,183
26,26-23,216,183
26,26-24,216.2,183.2
26,26-25,217,184
26,26-26,217,184
26,26-27,217,184
26,26-28,217,184
26,26-29,217,184
26,26-30,218,185
27,27-1,218,185
27,27-2,218,185
27,27-3,218,185
27,27-4,218.2,185.2
27,27-5,219,186
27,27-6,219,186
27,27-7,219,186
27,27-8,219,186
27,27-9,219,186
27,27-10,220.9,187
27,27-11,221,187
27,27-12,221,187
27,27-13,221,187
27,27-14,221,187
27,27-15,221.5,187.5
27,27-16,222,188
27,27-17,222,188
27,27-18,222,188
27,27-19,222,188
27,27-20,223,189
27,27-21,223,189
27,27-22,223,189
27,27-23,223,189
27,27-24,223.3,189.3
27,27-25,224,190
27,27-26,224,190
27,27-27,224,190
27,27-28,224,190
27,27-29,224.9,190.9
27,27-30,225,191
28,28-1,225,191
28,28-2,225,191
28,28-3,226,192
28,28-4,226,192
28,28-5,226,192
28,28-6,226,192
28,28-7,226.1,192.1
28,28-8,228,193
28,28-9,228,193
28,28-10,228,193
28,28-11,228,193
28,28-12,228.7,193.7
28,28-13,229,194
28,28-14,229,194
28,28-15,229,194
28,28-16,229.8,194.8
28,28-17,230,195
28,28-18,230,195
28,28-19,230,195
28,28-20,230,195
28,28-21,232,196
28,28-22,232,196
28,28-23,232,196
28,28-24,232,196
28,28-25,232.5,196.5
28,28-26,233,197
28,28-27,233,197
28,28-28,233,197
28,28-29,233.6,197.6
28,28-30,234,198
29,29-1,234,198
29,29-2,234,198
29,29-3,234,198
29,29-4,235,199
29,29-5,235,199
29,29-6,235,199
29,29-7,235,199
29,29-8,235.3,199.3
29,29-9,236,200
29,29-10,236,200
29,29-11,236,200
29,29-12,236.3,200.3
29,29-13,237,201
29,29-14,237,201
29,29-15,237,201
29,29-16,237,201
29,29-17,237.9,201.9
29,29-18,238,202
29,29-19,238,202
29,29-20,238,202
29,29-21,238,202
29,29-22,239,203
29,29-23,239,203
29,29-24,239,203
29,29-25,239.1,203.1
29,29-26,240,204
29,29-27,240,204
29,29-28,240,204
29,29-29,240,204
29,29-30,241.5,204.7
30,30-1,242,205
30,30-2,242,205
30,30-3,242,205
30,30-4,242,205
30,30-5,243,206
30,30-6,243,206
30,30-7,243,206
30,30-8,243,206
30,30-9,244,207
30,30-10,244,207
30,30-11,244,207
30,30-12,244,207
30,30-13,245,207.5
30,30-14,246,208
30,30-15,246,208
30,30-16,246,208
30,30-17,246,208
30,30-18,247,209
30,30-19,247,209
30,30-20,247,209
30,30-21,247,209
30,30-22,248,210
30,30-23,248,210
30,30-24,248,210
30,30-25,248,210
30,30-26,248.3,210.3
30,30-27,249,211
30,30-28,249,211
30,30-29,249,211
30,30-30,249,211
31,31-1,249.9,211.9
31,31-2,250,212
31,31-3,250,212
31,31-4,250,212
31,31-5,251,213
31,31-6,251,213
31,31-7,251,213
31,31-8,251,213
31,31-9,251.1,213.1
31,31-10,252,214
31,31-11,252,214
31,31-12,252,214
31,31-13,252,214
31,31-14,253.4,214.7
31,31-15,254,215
31,31-16,254,215
31,31-17,254,215
31,31-18,254.8,215.8
31,31-19,255,216
31,31-20,255,216
31,31-21,255,216
31,31-22,255,216
31,31-23,256,217
31,31-24,256,217
31,31-25,256,217
31,31-26,256,217
31,31-27,256.5,217.5
31,31-28,257,218
31,31-29,257,218
31,31-30,257,218
32,32-1,257.6,218.6
32,32-2,258,219
32,32-3,258,219
32,32-4,258,219
32,32-5,258,219
32,32-6,259,220
32,32-7,259,220
32,32-8,259,220
32,32-9,259,220
32,32-10,259.3,220.3
32,32-11,260,221
32,32-12,260,221
32,32-13,260,221
32,32-14,261.1,221.4
32,32-15,263,222
32,32-16,263,222
32,32-17,263,222
32,32-18,263,222
32,32-19,264,223
32,32-20,264,223
32,32-21,264,223
32,32-22,264,223
32,32-23,264.1,223.1
32,32-24,265,224
32,32-25,265,224
32,32-26,265,224
32,32-27,265.1,224.1
32,32-28,266,225
32,32-29,266,225
32,32-30,266,225
33,33-1,266,225
33,33-2,266.8,225.8
33,33-3,267,226
33,33-4,267,226
33,33-5,267,226
33,33-6,267,226
33,33-7,268,227
33,33-8,268,227
33,33-9,268,227
33,33-10,268,227
33,33-11,269,228
33,33-12,269,228
33,33-13,269,228
33,33-14,269,228
33,33-15,269.5,228.5
33,33-16,270,229
33,33-17,270,229
33,33-18,270,229
33,33-19,270,229
33,33-20,271,230
33,33-21,271,230
33,33-22,271,230
33,33-23,271,230
33,33-24,272,231
33,33-25,272,231
33,33-26,272,231
33,33-27,272,231
33,33-28,272.3,231.3
33,33-29,273,232
33,33-30,273,232
34,34-1,273,232
34,34-2,273,232
34,34-3,273.9,232.9
34,34-4,274,233
34,34-5,274,233
34,34-6,274,233
34,34-7,276,234
34,34-8,276,234
34,34-9,276,234
34,34-10,276,234
34,34-11,276.1,234.1
34,34-12,277,235
34,34-13,277,235
34,34-14,277,235
34,34-15,277,235
34,34-16,278.5,235.7
34,34-17,279,236
34,34-18,279,236
34,34-19,279,236
34,34-20,279.8,236.8
34,34-21,280,237
34,34-22,280,237
34,34-23,280,237
34,34-24,280,237
34,34-25,281,238
34,34-26,281,238
34,34-27,281,238
34,34-28,281,238
34,34-29,281.5,238.5
34,34-30,282,239
35,35-1,282,239
35,35-2,282,239
35,35-3,283.2,239.6
35,35-4,284,240
35,35-5,284,240
35,35-6,284,240
35,35-7,284,240
35,35-8,285,241
35,35-9,285,241
35,35-10,285,241
35,35-11,285,241
35,35-12,285.3,241.3
35,35-13,286,242
35,35-14,286,242
35,35-15,286,242
35,35-16,286.4,242.4
35,35-17,287,243
35,35-18,287,243
35,35-19,287,243
35,35-20,287,243
35,35-21,288,244
35,35-22,288,244
35,35-23,288,244
35,35-24,288,244
35,35-25,288.1,244.1
35,35-26,289,245
35,35-27,289,245
35,35-28,289,245
35,35-29,289.2,245.2
35,35-30,290,246
36,36-1,290,246
36,36-2,290,246
36,36-3,290,246
36,36-4,290.8,246.8
36,36-5,291,247
36,36-6,291,247
36,36-7,291,247
36,36-8,291,247
36,36-9,292,248
36,36-10,292,248
36,36-11,292,248
36,36-12,292,248
36,36-13,293,249
36,36-14,293,249
36,36-15,293,249
36,36-16,293,249
36,36-17,294.1,249.6
36,36-18,295,250
36,36-19,295,250
36,36-20,295,250
36,36-21,295,250
36,36-22,296,251
36,36-23,296,251
36,36-24,296,251
36,36-25,296,251
36,36-26,298,252
36,36-27,298,252
36,36-28,298,252
36,36-29,298,252
36,36-30,298.4,252.4
37,37-1,299,253
37,37-2,299,253
37,37-3,299,253
37,37-4,299,253
37,37-5,300,254
37,37-6,300,254
37,37-7,300,254
37,37-8,300,254
37,37-9,301,255
37,37-10,301,255
37,37-11,301,255
37,37-12,301,255
37,37-13,301.1,255.1
37,37-14,302,256
37,37-15,302,256
37,37-16,302,256
37,37-17,302,256
37,37-18,302.8,256.8
37,37-19,303,257
37,37-20,303,257
37,37-21,303,257
37,37-22,304.7,257.8
37,37-23,305,258
37,37-24,305,258
37,37-25,305,258
37,37-26,305,258
37,37-27,306,259
37,37-28,306,259
37,37-29,306,259
37,37-30,306,259
38,38-1,306.5,259.5
38,38-2,307,260
38,38-3,307,260
38,38-4,307,260
38,38-5,307.6,260.6
38,38-6,308,261
38,38-7,308,261
38,38-8,308,261
38,38-9,308,261
38,38-10,309,262
38,38-11,309,262
38,38-12,309,262
38,38-13,309,262
38,38-14,309.3,262.3
38,38-15,310,263
38,38-16,310,263
38,38-17,310,263
38,38-18,310.4,263.4
38,38-19,311,264
38,38-20,311,264
38,38-21,311,264
38,38-22,311,264
38,38-23,313,265
38,38-24,313,265
38,38-25,313,265
38,38-26,313,265
38,38-27,313.1,265.1
38,38-28,314,266
38,38-29,314,266
38,38-30,314,266
39,39-1,314.2,266.2
39,39-2,315,267
39,39-3,315,267
39,39-4,315,267
39,39-5,315,267
39,39-6,315.8,267.8
39,39-7,316,268
39,39-8,316,268
39,39-9,316,268
39,39-10,316,268
39,39-11,317,269
39,39-12,317,269
39,39-13,317,269
39,39-14,317,269
39,39-15,318,270
39,39-16,318,270
39,39-17,318,270
39,39-18,318,270
39,39-19,319.2,270.6
39,39-20,320,271
39,39-21,320,271
39,39-22,320,271
39,39-23,320,271
39,39-24,321,272
39,39-25,321,272
39,39-26,321,272
39,39-27,321,272
39,39-28,322,273
39,39-29,322,273
39,39-30,322,273
40,40-1,322,273
40,40-2,322.4,273.4
40,40-3,323,274
40,40-4,323,274
40,40-5,323,274
40,40-6,323,274
40,40-7,324,275
40,40-8,324,275
40,40-9,324,275
40,40-10,324,275
40,40-11,326,276
40,40-12,326,276
40,40-13,326,276
40,40-14,326,276
40,40-15,326.2,276.2
40,40-16,327,277
40,40-17,327,277
40,40-18,327,277
40,40-19,327,277
40,40-20,327.8,277.8
40,40-21,328,278
40,40-22,328,278
40,40-23,328,278
40,40-24,329.7,278.9
40,40-25,330,279
40,40-26,330,279
40,40-27,330,279
40,40-28,330,279
40,40-29,331,280
40,40-30,331,280
41,41-1,331,280
41,41-2,331,280
41,41-3,331,280
41,41-4,331,280
41,41-5,332,281
41,41-6,332,281
41,41-7,332,281
41,41-8,332,281
41,41-9,332,281
41,41-10,332,281
41,41-11,333,282
41,41-12,333,282
41,41-13,333,282
41,41-14,333,282
41,41-15,333,282
41,41-16,333,282
41,41-17,333,282
41,41-18,334,283
41,41-19,334,283
41,41-20,334,283
41,41-21,334,283
41,41-22,334,283
41,41-23,334,283
41,41-24,334,283
41,41-25,335,284
41,41-26,335,284
41,41-27,335,284
41,41-28,335,284
41,41-29,335,284
41,41-30,335,284
42,42-1,336,285
42,42-2,336,285
42,42-3,336,285
42,42-4,336,285
42,42-5,336,285
42,42-6,336,285
42,42-7,336,285
42,42-8,337,286
42,42-9,337,286
42,42-10,337,286
42,42-11,337,286
42,42-12,337,286
42,42-13,337,286
42,42-14,337,286
42,42-15,338,287
42,42-16,338,287
42,42-17,338,287
42,42-18,338,287
42,42-19,338,287
42,42-20,338,287
42,42-21,339,288
42,42-22,339,288
42,42-23,339,288
42,42-24,339,288
42,42-25,339,288
42,42-26,339,288
42,42-27,339,288
42,42-28,340,289
42,42-29,340,289
42,42-30,340,289
43,43-1,340,289
43,43-2,340,289
43,43-3,340,289
43,43-4,340,289
43,43-5,342,290
43,43-6,342,290
43,43-7,342,290
43,43-8,342,290
43,43-9,342,290
43,43-10,342,290
43,43-11,343,291
43,43-12,343,291
43,43-13,343,291
43,43-14,343,291
43,43-15,343,291
43,43-16,343,291
43,43-17,343,291
43,43-18,344,292
43,43-19,344,292
43,43-20,344,292
43,43-21,344,292
43,43-22,344,292
43,43-23,344,292
43,43-24,344,292
43,43-25,347,293
43,43-26,347,293
43,43-27,347,293
43,43-28,347,293
43,43-29,347,293
43,43-30,347,293
44,44-1,348,294
44,44-2,348,294
44,44-3,348,294
44,44-4,348,294
44,44-5,348,294
44,44-6,348,294
44,44-7,348,294
44,44-8,349,295
44,44-9,349,295
44,44-10,349,295
44,44-11,349,295
44,44-12,349,295
44,44-13,349,295
44,44-14,349,295
44,44-15,350,296
44,44-16,350,296
44,44-17,350,296
44,44-18,350,296
44,44-19,350,296
44,44-20,350,296
44,44-21,351,297
44,44-22,351,297
44,44-23,351,297
44,44-24,351,297
44,44-25,351,297
44,44-26,351,297
44,44-27,351,297
44,44-28,352,298
44,44-29,352,298
44,44-30,352,298
45,45-1,352,298
45,45-2,352,298
45,45-3,352,298
45,45-4,352,298
45,45-5,353,299
45,45-6,353,299
45,45-7,353,299
45,45-8,353,299
45,45-9,353,299
45,45-10,353,299
45,45-11,354,300
45,45-12,354,300
45,45-13,354,300
45,45-14,354,300
45,45-15,354,300
45,45-16,354,300
45,45-17,354,300
45,45-18,355,301
45,45-19,355,301
45,45-20,355,301
45,45-21,355,301
45,45-22,355,301
45,45-23,355,301
45,45-24,355,301
45,45-25,356,302
45,45-26,356,302
45,45-27,356,302
45,45-28,356,302
45,45-29,356,302
45,45-30,356,302
46,46-1,357,303
46,46-2,357,303
46,46-3,357,303
46,46-4,357,303
46,46-5,357,303
46,46-6,357,303
46,46-7,357,303
46,46-8,358,304
46,46-9,358,304
46,46-10,358,304
46,46-11,358,304
46,46-12,358,304
46,46-13,358,304
46,46-14,358,304
46,46-15,359,305
46,46-16,359,305
46,46-17,359,305
46,46-18,359,305
46,46-19,359,305
46,46-20,359,305
46,46-21,360,306
46,46-22,360,306
46,46-23,360,306
46,46-24,360,306
46,46-25,360,306
46,46-26,360,306
46,46-27,360,306
46,46-28,361,307
46,46-29,361,307
46,46-30,361,307
47,47-1,361,307
47,47-2,361,307
47,47-3,361,307
47,47-4,361,307
47,47-5,364,308
47,47-6,364,308
47,47-7,364,308
47,47-8,364,308
47,47-9,364,308
47,47-10,364,308
47,47-11,365,309
47,47-12,365,309
47,47-13,365,309
47,47-14,365,309
47,47-15,365,309
47,47-16,365,309
47,47-17,365,309
47,47-18,366,310
47,47-19,366,310
47,47-20,366,310
47,47-21,366,310
47,47-22,366,310
47,47-23,366,310
47,47-24,366,310
47,47-25,368,311
47,47-26,368,311
47,47-27,368,311
47,47-28,368,311
47,47-29,368,311
47,47-30,368,311
48,48-1,369,312
48,48-2,369,312
48,48-3,369,312
48,48-4,369,312
48,48-5,369,312
48,48-6,369,312
48,48-7,369,312
48,48-8,370,313
48,48-9,370,313
48,48-10,370,313
48,48-11,370,313
48,48-12,370,313
48,48-13,370,313
48,48-14,370,313
48,48-15,371,314
48,48-16,371,314
48,48-17,371,314
48,48-18,371,314
48,48-19,371,314
48,48-20,371,314
48,48-21,372,315
48,48-22,372,315
48,48-23,372,315
48,48-24,372,315
48,48-25,372,315
48,48-26,372,315
48,48-27,372,315
48,48-28,373,316
48,48-29,373,316
48,48-30,373,316
49,49-1,373,316
49,49-2,373,316
49,49-3,373,316
49,49-4,373,316
49,49-5,374,317
49,49-6,374,317
49,49-7,374,317
49,49-8,374,317
49,49-9,374,317
49,49-10,374,317
49,49-11,375,318
49,49-12,375,318
49,49-13,375,318
49,49-14,375,318
49,49-15,375,318
49,49-16,375,318
49,49-17,375,318
49,49-18,376,319
49,49-19,376,319
49,49-20,376,319
49,49-21,376,319
49,49-22,376,319
49,49-23,376,319
49,49-24,376,319
49,49-25,377,320
49,49-26,377,320
49,49-27,377,320
49,49-28,377,320
49,49-29,377,320
49,49-30,377,320
50,50-1,378,321
50,50-2,378,321
50,50-3,378,321
50,50-4,378,321
50,50-5,378,321
50,50-6,378,321
50,50-7,378,321
50,50-8,380,322
50,50-9,380,322
50,50-10,380,322
50,50-11,380,322
50,50-12,380,322
50,50-13,380,322
50,50-14,380,322
50,50-15,381,323
50,50-16,381,323
50,50-17,381,323
50,50-18,381,323
50,50-19,381,323
50,50-20,381,323
50,50-21,382,324
50,50-22,382,324
50,50-23,382,324
50,50-24,382,324
50,50-25,382,324
50,50-26,382,324
50,50-27,382,324
50,50-28,383,325
50,50-29,383,325
50,50-30,383,325
51,51-1,383,325
51,51-2,383,325
51,51-3,383,325
51,51-4,383,325
51,51-5,384,326
51,51-6,384,326
51,51-7,384,326
51,51-8,384,326
51,51-9,384,326
51,51-10,384,326
51,51-11,386,327
51,51-12,386,327
51,51-13,386,327
51,51-14,386,327
51,51-15,386,327
51,51-16,386,327
51,51-17,386,327
51,51-18,387,328
51,51-19,387,328
51,51-20,387,328
51,51-21,387,328
51,51-22,387,328
51,51-23,387,328
51,51-24,387,328
51,51-25,389,329
51,51-26,389,329
51,51-27,389,329
51,51-28,389,329
51,51-29,389,329
51,51-30,389,329
52,52-1,390,330
52,52-2,390,330
52,52-3,390,330
52,52-4,390,330
52,52-5,390,330
52,52-6,390,330
52,52-7,390,330
52,52-8,391,331
52,52-9,391,331
52,52-10,391,331
52,52-11,391,331
52,52-12,391,331
52,52-13,391,331
52,52-14,391,331
52,52-15,392,332
52,52-16,392,332
52,52-17,392,332
52,52-18,392,332
52,52-19,392,332
52,52-20,392,332
52,52-21,393,333
52,52-22,393,333
52,52-23,393,333
52,52-24,393,333
52,52-25,393,333
52,52-26,393,333
52,52-27,393,333
52,52-28,394,334
52,52-29,394,334
52,52-30,394,334
53,53-1,394,334
53,53-2,394,334
53,53-3,394,334
53,53-4,394,334
53,53-5,395,335
53,53-6,395,335
53,53-7,395,335
53,53-8,395,335
53,53-9,395,335
53,53-10,395,335
53,53-11,397,336
53,53-12,397,336
53,53-13,397,336
53,53-14,397,336
53,53-15,397,336
53,53-16,397,336
53,53-17,397,336
53,53-18,398,337
53,53-19,398,337
53,53-20,398,337
53,53-21,398,337
53,53-22,398,337
53,53-23,398,337
53,53-24,398,337
53,53-25,399,338
53,53-26,399,338
53,53-27,399,338
53,53-28,399,338
53,53-29,399,338
53,53-30,399,338
54,54-1,400,339
54,54-2,400,339
54,54-3,400,339
54,54-4,400,339
54,54-5,400,339
54,54-6,400,339
54,54-7,400,339
54,54-8,401,340
54,54-9,401,340
54,54-10,401,340
54,54-11,401,340
54,54-12,401,340
54,54-13,401,340
54,54-14,401,340
54,54-15,402,341
54,54-16,402,341
54,54-17,402,341
54,54-18,402,341
54,54-19,402,341
54,54-20,402,341
54,54-21,403,342
54,54-22,403,342
54,54-23,403,342
54,54-24,403,342
54,54-25,403,342
54,54-26,403,342
54,54-27,403,342
54,54-28,404,343
54,54-29,404,343
54,54-30,404,343
55,55-1,404,343
55,55-2,404,343
55,55-3,404,343
55,55-4,404,343
55,55-5,405,344
55,55-6,405,344
55,55-7,405,344
55,55-8,405,344
55,55-9,405,344
55,55-10,405,344
55,55-11,406,345
55,55-12,406,345
55,55-13,406,345
55,55-14,406,345
55,55-15,406,345
55,55-16,406,345
55,55-17,406,345
55,55-18,408,346
55,55-19,408,346
55,55-20,408,346
55,55-21,408,346
55,55-22,408,346
55,55-23,408,346
55,55-24,408,346
55,55-25,410,347
55,55-26,410,347
55,55-27,410,347
55,55-28,410,347
55,55-29,410,347
55,55-30,410,347
56,56-1,411,348
56,56-2,411,348
56,56-3,411,348
56,56-4,411,348
56,56-5,411,348
56,56-6,411,348
56,56-7,411,348
56,56-8,412,349
56,56-9,412,349
56,56-10,412,349
56,56-11,412,349
56,56-12,412,349
56,56-13,412,349
56,56-14,412,349
56,56-15,414,350
56,56-16,414,350
56,56-17,414,350
56,56-18,414,350
56,56-19,414,350
56,56-20,414,350
56,56-21,415,351
56,56-22,415,351
56,56-23,415,351
56,56-24,415,351
56,56-25,415,351
56,56-26,415,351
56,56-27,415,351
56,56-28,416,352
56,56-29,416,352
56,56-30,416,352
57,57-1,416,352
57,57-2,416,352
57,57-3,416,352
57,57-4,416,352
57,57-5,417,353
57,57-6,417,353
57,57-7,417,353
57,57-8,417,353
57,57-9,417,353
57,57-10,417,353
57,57-11,418,354
57,57-12,418,354
57,57-13,418,354
57,57-14,418,354
57,57-15,418,354
57,57-16,418,354
57,57-17,418,354
57,57-18,419,355
57,57-19,419,355
57,57-20,419,355
57,57-21,419,355
57,57-22,419,355
57,57-23,419,355
57,57-24,419,355
57,57-25,420,356
57,57-26,420,356
57,57-27,420,356
57,57-28,420,356
57,57-29,420,356
57,57-30,420,356
58,58-1,421,357
58,58-2,421,357
58,58-3,421,357
58,58-4,421,357
58,58-5,421,357
58,58-6,421,357
58,58-7,421,357
58,58-8,422,358
58,58-9,422,358
58,58-10,422,358
58,58-11,422,358
58,58-12,422,358
58,58-13,422,358
58,58-14,422,358
58,58-15,423,359
58,58-16,423,359
58,58-17,423,359
58,58-18,423,359
58,58-19,423,359
58,58-20,423,359
58,58-21,424,360
58,58-22,424,360
58,58-23,424,360
58,58-24,424,360
58,58-25,424,360
58,58-26,424,360
58,58-27,424,360
58,58-28,425,361
58,58-29,425,361
58,58-30,425,361
59,59-1,425,361
59,59-2,425,361
59,59-3,425,361
59,59-4,425,361
59,59-5,426,362
59,59-6,426,362
59,59-7,426,362
59,59-8,426,362
59,59-9,426,362
59,59-10,426,362
59,59-11,427,363
59,59-12,427,363
59,59-13,427,363
59,59-14,427,363
59,59-15,427,363
59,59-16,427,363
59,59-17,427,363
59,59-18,428,364
59,59-19,428,364
59,59-20,428,364
59,59-21,428,364
59,59-22,428,364
59,59-23,428,364
59,59-24,428,364
59,59-25,432,365
59,59-26,432,365
59,59-27,432,365
59,59-28,432,365
59,59-29,432,365
59,59-30,432,365
60,60-1,433,366
60,60-2,433,366
60,60-3,433,366
60,60-4,433,366
60,60-5,433,366
60,60-6,433,366
60,60-7,433,366
60,60-8,434,367
60,60-9,434,367
60,60-10,434,367
60,60-11,434,367
60,60-12,434,367
60,60-13,434,367
60,60-14,434,367
60,60-15,435,368
60,60-16,435,368
60,60-17,435,368
60,60-18,435,368
60,60-19,435,368
60,60-20,435,368
60,60-21,436,369
60,60-22,436,369
60,60-23,436,369
60,60-24,436,369
60,60-25,436,369
60,60-26,436,369
60,60-27,436,369
60,60-28,437,370
60,60-29,437,370
60,60-30,437,370
61,61-1,437,370
61,61-2,437,370
61,61-3,437,370
61,61-4,437,370
61,61-5,438,371
61,61-6,438,371
61,61-7,438,371
61,61-8,438,371
61,61-9,438,371
61,61-10,438,371
61,61-11,439,372
61,61-12,439,372
61,61-13,439,372
61,61-14,439,372
61,61-15,439,372
61,61-16,439,372
61,61-17,439,372
61,61-18,440,373
61,61-19,440,373
61,61-20,440,373
61,61-21,440,373
61,61-22,440,373
61,61-23,440,373
61,61-24,440,373
61,61-25,441,374
61,61-26,441,374
61,61-27,441,374
61,61-28,441,374
61,61-29,441,374
61,61-30,441,374
62,62-1,442,375
62,62-2,442,375
62,62-3,442,375
62,62-4,442,375
62,62-5,442,375
62,62-6,442,375
62,62-7,442,375
62,62-8,443,376
62,62-9,443,376
62,62-10,443,376
62,62-11,443,376
62,62-12,443,376
62,62-13,443,376
62,62-14,443,376
62,62-15,444,377
62,62-16,444,377
62,62-17,444,377
62,62-18,444,377
62,62-19,444,377
62,62-20,444,377
62,62-21,445,378
62,62-22,445,378
62,62-23,445,378
62,62-24,445,378
62,62-25,445,378
62,62-26,445,378
62,62-27,445,378
62,62-28,447,379
62,62-29,447,379
62,62-30,447,379
63,63-1,447,379
63,63-2,447,379
63,63-3,447,379
63,63-4,447,379
63,63-5,448,380
63,63-6,448,380
63,63-7,448,380
63,63-8,448,380
63,63-9,448,380
63,63-10,448,380
63,63-11,449,381
63,63-12,449,381
63,63-13,449,381
63,63-14,449,381
63,63-15,449,381
63,63-16,449,381
63,63-17,449,381
63,63-18,450,382
63,63-19,450,382
63,63-20,450,382
63,63-21,450,382
63,63-22,450,382
63,63-23,450,382
63,63-24,450,382
63,63-25,453,383
63,63-26,453,383
63,63-27,453,383
63,63-28,453,383
63,63-29,453,383
63,63-30,453,383
64,64-1,454,384
64,64-2,454,384
64,64-3,454,384
64,64-4,454,384
64,64-5,454,384
64,64-6,454,384
64,64-7,454,384
64,64-8,455,385
64,64-9,455,385
64,64-10,455,385
64,64-11,455,385
64,64-12,455,385
64,64-13,455,385
64,64-14,455,385
64,64-15,456,386
64,64-16,456,386
64,64-17,456,386
64,64-18,456,386
64,64-19,456,386
64,64-20,456,386
64,64-21,457,387
64,64-22,457,387
64,64-23,457,387
64,64-24,457,387
64,64-25,457,387
64,64-26,457,387
64,64-27,457,387
64,64-28,458,388
64,64-29,458,388
64,64-30,458,388
65,65-1,458,388
65,65-2,458,388
65,65-3,458,388
65,65-4,458,388
65,65-5,459,389
65,65-6,459,389
65,65-7,459,389
65,65-8,459,389
65,65-9,459,389
65,65-10,459,389
65,65-11,460,390
65,65-12,460,390
65,65-13,460,390
65,65-14,460,390
65,65-15,460,390
65,65-16,460,390
65,65-17,460,390
65,65-18,461,391
65,65-19,461,391
65,65-20,461,391
65,65-21,461,391
65,65-22,461,391
65,65-23,461,391
65,65-24,461,391
65,65-25,462,392
65,65-26,462,392
65,65-27,462,392
65,65-28,462,392
65,65-29,462,392
65,65-30,462,392
66,66-1,464,393
66,66-2,464,393
66,66-3,464,393
66,66-4,464,393
66,66-5,464,393
66,66-6,464,393
66,66-7,464,393
66,66-8,465,394
66,66-9,465,394
66,66-10,465,394
66,66-11,465,394
66,66-12,465,394
66,66-13,465,394
66,66-14,465,394
66,66-15,466,395
66,66-16,466,395
66,66-17,466,395
66,66-18,466,395
66,66-19,466,395
66,66-20,466,395
66,66-21,467,396
66,66-22,467,396
66,66-23,467,396
66,66-24,467,396
66,66-25,467,396
66,66-26,467,396
66,66-27,467,396
66,66-28,468,397
66,66-29,468,397
66,66-30,468,397
67,67-1,468,397
67,67-2,468,397
67,67-3,468,397
67,67-4,468,397
67,67-5,469,398
67,67-6,469,398
67,67-7,469,398
67,67-8,469,398
67,67-9,469,398
67,67-10,469,398
67,67-11,470,399
67,67-12,470,399
67,67-13,470,399
67,67-14,470,399
67,67-15,470,399
67,67-16,470,399
67,67-17,470,399
67,67-18,471,400
67,67-19,471,400
67,67-20,471,400
67,67-21,471,400
67,67-22,471,400
67,67-23,471,400
67,67-24,471,400
67,67-25,473,401
67,67-26,473,401
67,67-27,473,401
67,67-28,473,401
67,67-29,473,401
67,67-30,473,401
68,68-1,475,402
68,68-2,475,402
68,68-3,475,402
68,68-4,475,402
68,68-5,475,402
68,68-6,475,402
68,68-7,475,402
68,68-8,476,403
68,68-9,476,403
68,68-10,476,403
68,68-11,476,403
68,68-12,476,403
68,68-13,476,403
68,68-14,476,403
68,68-15,477,404
68,68-16,477,404
68,68-17,477,404
68,68-18,477,404
68,68-19,477,404
68,68-20,477,404
68,68-21,478,405
68,68-22,478,405
68,68-23,478,405
68,68-24,478,405
68,68-25,478,405
68,68-26,478,405
68,68-27,478,405
68,68-28,479,406
68,68-29,479,406
68,68-30,479,406
69,69-1,479,406
69,69-2,479,406
69,69-3,479,406
69,69-4,479,406
69,69-5,480,407
69,69-6,480,407
69,69-7,480,407
69,69-8,480,407
69,69-9,480,407
69,69-10,480,407
69,69-11,482,408
69,69-12,482,408
69,69-13,482,408
69,69-14,482,408
69,69-15,482,408
69,69-16,482,408
69,69-17,482,408
69,69-18,483,409
69,69-19,483,409
69,69-20,483,409
69,69-21,483,409
69,69-22,483,409
69,69-23,483,409
69,69-24,483,409
69,69-25,484,410
69,69-26,484,410
69,69-27,484,410
69,69-28,484,410
69,69-29,484,410
69,69-30,484,410
70,70-1,485,411
70,70-2,485,411
70,70-3,485,411
70,70-4,485,411
70,70-5,485,411
70,70-6,485,411
70,70-7,485,411
70,70-8,486,412
70,70-9,486,412
70,70-10,486,412
70,70-11,486,412
70,70-12,486,412
70,70-13,486,412
70,70-14,486,412
70,70-15,487,413
70,70-16,487,413
70,70-17,487,413
70,70-18,487,413
70,70-19,487,413
70,70-20,487,413
70,70-21,488,414
70,70-22,488,414
70,70-23,488,414
70,70-24,488,414
70,70-25,488,414
70,70-26,488,414
70,70-27,488,414
70,70-28,489,415
70,70-29,489,415
70,70-30,489,415
71,71-1,489,415
71,71-2,489,415
71,71-3,489,415
71,71-4,489,415
71,71-5,490,416
71,71-6,490,416
71,71-7,490,416
71,71-8,490,416
71,71-9,490,416
71,71-10,490,416
71,71-11,491,417
71,71-12,491,417
71,71-13,491,417
71,71-14,491,417
71,71-15,491,417
71,71-16,491,417
71,71-17,491,417
71,71-18,492,418
71,71-19,492,418
71,71-20,492,418
71,71-21,492,418
71,71-22,492,418
71,71-23,492,418
71,71-24,492,418
71,71-25,494,419
71,71-26,494,419
71,71-27,494,419
71,71-28,494,419
71,71-29,494,419
71,71-30,494,419
72,72-1,495,420
72,72-2,495,420
72,72-3,495,420
72,72-4,495,420
72,72-5,495,420
72,72-6,495,420
72,72-7,495,420
72,72-8,497,421
72,72-9,497,421
72,72-10,497,421
72,72-11,497,421
72,72-12,497,421
72,72-13,497,421
72,72-14,497,421
72,72-15,499,422
72,72-16,499,422
72,72-17,499,422
72,72-18,499,422
72,72-19,499,422
72,72-20,499,422
72,72-21,500,423
72,72-22,500,423
72,72-23,500,423
72,72-24,500,423
72,72-25,500,423
72,72-26,500,423
72,72-27,500,423
72,72-28,501,424
72,72-29,501,424
72,72-30,501,424
73,73-1,501,424
73,73-2,501,424
73,73-3,501,424
73,73-4,501,424
73,73-5,502,425
73,73-6,502,425
73,73-7,502,425
73,73-8,502,425
73,73-9,502,425
73,73-10,502,425
73,73-11,503,426
73,73-12,503,426
73,73-13,503,426
73,73-14,503,426
73,73-15,503,426
73,73-16,503,426
73,73-17,503,426
73,73-18,504,427
73,73-19,504,427
73,73-20,504,427
73,73-21,504,427
73,73-22,504,427
73,73-23,504,427
73,73-24,504,427
73,73-25,505,428
73,73-26,505,428
73,73-27,505,428
73,73-28,505,428
73,73-29,505,428
73,73-30,505,428
74,74-1,506,429
74,74-2,506,429
74,74-3,506,429
74,74-4,506,429
74,74-5,506,429
74,74-6,506,429
74,74-7,506,429
74,74-8,507,430
74,74-9,507,430
74,74-10,507,430
74,74-11,507,430
74,74-12,507,430
74,74-13,507,430
74,74-14,507,430
74,74-15,508,431
74,74-16,508,431
74,74-17,508,431
74,74-18,508,431
74,74-19,508,431
74,74-20,508,431
74,74-21,509,432
74,74-22,509,432
74,74-23,509,432
74,74-24,509,432
74,74-25,509,432
74,74-26,509,432
74,74-27,509,432
74,74-28,510,433
74,74-29,510,433
74,74-30,510,433
75,75-1,510,433
75,75-2,510,433
75,75-3,510,433
75,75-4,510,433
75,75-5,511,434
75,75-6,511,434
75,75-7,511,434
75,75-8,511,434
75,75-9,511,434
75,75-10,511,434
75,75-11,512,435
75,75-12,512,435
75,75-13,512,435
75,75-14,512,435
75,75-15,512,435
75,75-16,512,435
75,75-17,512,435
75,75-18,515,436
75,75-19,515,436
75,75-20,515,436
75,75-21,515,436
75,75-22,515,436
75,75-23,515,436
75,75-24,515,436
75,75-25,516,437
75,75-26,516,437
75,75-27,516,437
75,75-28,516,437
75,75-29,516,437
75,75-30,516,437
76,76-1,517,438
76,76-2,517,438
76,76-3,517,438
76,76-4,517,438
76,76-5,517,438
76,76-6,517,438
76,76-7,517,438
76,76-8,519,439
76,76-9,519,439
76,76-10,519,439
76,76-11,519,439
76,76-12,519,439
76,76-13,519,439
76,76-14,519,439
76,76-15,520,440
76,76-16,520,440
76,76-17,520,440
76,76-18,520,440
76,76-19,520,440
76,76-20,520,440
76,76-21,521,441
76,76-22,521,441
76,76-23,521,441
76,76-24,521,441
76,76-25,521,441
76,76-26,521,441
76,76-27,521,441
76,76-28,522,442
76,76-29,522,442
76,76-30,522,442
77,77-1,522,442
77,77-2,522,442
77,77-3,522,442
77,77-4,522,442
77,77-5,523,443
77,77-6,523,443
77,77-7,523,443
77,77-8,523,443
77,77-9,523,443
77,77-10,523,443
77,77-11,524,444
77,77-12,524,444
77,77-13,524,444
77,77-14,524,444
77,77-15,524,444
77,77-16,524,444
77,77-17,524,444
77,77-18,525,445
77,77-19,525,445
77,77-20,525,445
77,77-21,525,445
77,77-22,525,445
77,77-23,525,445
77,77-24,525,445
77,77-25,526,446
77,77-26,526,446
77,77-27,526,446
77,77-28,526,446
77,77-29,526,446
77,77-30,526,446
78,78-1,527,447
78,78-2,527,447
78,78-3,527,447
78,78-4,527,447
78,78-5,527,447
78,78-6,527,447
78,78-7,527,447
78,78-8,528,448
78,78-9,528,448
78,78-10,528,448
78,78-11,528,448
78,78-12,528,448
78,78-13,528,448
78,78-14,528,448
78,78-15,529,449
78,78-16,529,449
78,78-17,529,449
78,78-18,529,449
78,78-19,529,449
78,78-20,529,449
78,78-21,531,450
78,78-22,531,450
78,78-23,531,450
78,78-24,531,450
78,78-25,531,450
78,78-26,531,450
78,78-27,531,450
78,78-28,532,451
78,78-29,532,451
78,78-30,532,451
79,79-1,532,451
79,79-2,532,451
79,79-3,532,451
79,79-4,532,451
79,79-5,533,452
79,79-6,533,452
79,79-7,533,452
79,79-8,533,452
79,79-9,533,452
79,79-10,533,452
79,79-11,534,453
79,79-12,534,453
79,79-13,534,453
79,79-14,534,453
79,79-15,534,453
79,79-16,534,453
79,79-17,534,453
79,79-18,536,454
79,79-19,536,454
79,79-20,536,454
79,79-21,536,454
79,79-22,536,454
79,79-23,536,454
79,79-24,536,454
79,79-25,537,455
79,79-26,537,455
79,79-27,537,455
79,79-28,537,455
79,79-29,537,455
79,79-30,537,455
80,80-1,538,456
80,80-2,538,456
80,80-3,538,456
80,80-4,538,456
80,80-5,538,456
80,80-6,538,456
80,80-7,538,456
80,80-8,539,457
80,80-9,539,457
80,80-10,539,457
80,80-11,539,457
80,80-12,539,457
80,80-13,539,457
80,80-14,539,457
80,80-15,541,458
80,80-16,541,458
80,80-17,541,458
80,80-18,541,458
80,80-19,541,458
80,80-20,541,458
80,80-21,542,459
80,80-22,542,459
80,80-23,542,459
80,80-24,542,459
80,80-25,542,459
80,80-26,542,459
80,80-27,542,459
80,80-28,543,460
80,80-29,543,460
80,80-30,543,460
81,81-1,543,460
81,81-2,543,460
81,81-3,543,460
81,81-4,543,460
81,81-5,544,461
81,81-6,544,461
81,81-7,544,461
81,81-8,544,461
81,81-9,544,461
81,81-10,544,461
81,81-11,545,462
81,81-12,545,462
81,81-13,545,462
81,81-14,545,462
81,81-15,545,462
81,81-16,545,462
81,81-17,545,462
81,81-18,546,463
81,81-19,546,463
81,81-20,546,463
81,81-21,546,463
81,81-22,546,463
81,81-23,546,463
81,81-24,546,463
81,81-25,547,464
81,81-26,547,464
81,81-27,547,464
81,81-28,547,464
81,81-29,547,464
81,81-30,547,464
82,82-1,549,465
82,82-2,549,465
82,82-3,549,465
82,82-4,549,465
82,82-5,549,465
82,82-6,549,465
82,82-7,549,465
82,82-8,550,466
82,82-9,550,466
82,82-10,550,466
82,82-11,550,466
82,82-12,550,466
82,82-13,550,466
82,82-14,550,466
82,82-15,551,467
82,82-16,551,467
82,82-17,551,467
82,82-18,551,467
82,82-19,551,467
82,82-20,551,467
82,82-21,552,468
82,82-22,552,468
82,82-23,552,468
82,82-24,552,468
82,82-25,552,468
82,82-26,552,468
82,82-27,552,468
82,82-28,553,469
82,82-29,553,469
82,82-30,553,469
83,83-1,553,469
83,83-2,553,469
83,83-3,553,469
83,83-4,553,469
83,83-5,554,470
83,83-6,554,470
83,83-7,554,470
83,83-8,554,470
83,83-9,554,470
83,83-10,554,470
83,83-11,555,471
83,83-12,555,471
83,83-13,555,471
83,83-14,555,471
83,83-15,555,471
83,83-16,555,471
83,83-17,555,471
83,83-18,557,472
83,83-19,557,472
83,83-20,557,472
83,83-21,557,472
83,83-22,557,472
83,83-23,557,472
83,83-24,557,472
83,83-25,558,473
83,83-26,558,473
83,83-27,558,473
83,83-28,558,473
83,83-29,558,473
83,83-30,558,473
84,84-1,559,474
84,84-2,559,474
84,84-3,559,474
84,84-4,559,474
84,84-5,559,474
84,84-6,559,474
84,84-7,559,474
84,84-8,560,475
84,84-9,560,475
84,84-10,560,475
84,84-11,560,475
84,84-12,560,475
84,84-13,560,475
84,84-14,560,475
84,84-15,561,476
84,84-16,561,476
84,84-17,561,476
84,84-18,561,476
84,84-19,561,476
84,84-20,561,476
84,84-21,563,477
84,84-22,563,477
84,84-23,563,477
84,84-24,563,477
84,84-25,563,477
84,84-26,563,477
84,84-27,563,477
84,84-28,564,478
84,84-29,564,478
84,84-30,564,478
85,85-1,564,478
85,85-2,564,478
85,85-3,564,478
85,85-4,564,478
85,85-5,566,479
85,85-6,566,479
85,85-7,566,479
85,85-8,566,479
85,85-9,566,479
85,85-10,566,479
85,85-11,567,480
85,85-12,567,480
85,85-13,567,480
85,85-14,567,480
85,85-15,567,480
85,85-16,567,480
85,85-17,567,480
85,85-18,568,481
85,85-19,568,481
85,85-20,568,481
85,85-21,568,481
85,85-22,568,481
85,85-23,568,481
85,85-24,568,481
85,85-25,569,482
85,85-26,569,482
85,85-27,569,482
85,85-28,569,482
85,85-29,569,482
85,85-30,569,482
86,86-1,570,483
86,86-2,570,483
86,86-3,570,483
86,86-4,570,483
86,86-5,570,483
86,86-6,570,483
86,86-7,570,483
86,86-8,571,484
86,86-9,571,484
86,86-10,571,484
86,86-11,571,484
86,86-12,571,484
86,86-13,571,484
86,86-14,571,484
86,86-15,572,485
86,86-16,572,485
86,86-17,572,485
86,86-18,572,485
86,86-19,572,485
86,86-20,572,485
86,86-21,573,486
86,86-22,573,486
86,86-23,573,486
86,86-24,573,486
86,86-25,573,486
86,86-26,573,486
86,86-27,573,486
86,86-28,574,487
86,86-29,574,487
86,86-30,574,487
87,87-1,574,487
87,87-2,574,487
87,87-3,574,487
87,87-4,574,487
87,87-5,575,488
87,87-6,575,488
87,87-7,575,488
87,87-8,575,488
87,87-9,575,488
87,87-10,575,488
87,87-11,576,489
87,87-12,576,489
87,87-13,576,489
87,87-14,576,489
87,87-15,576,489
87,87-16,576,489
87,87-17,576,489
87,87-18,578,490
87,87-19,578,490
87,87-20,578,490
87,87-21,578,490
87,87-22,578,490
87,87-23,578,490
87,87-24,578,490
87,87-25,579,491
87,87-26,579,491
87,87-27,579,491
87,87-28,579,491
87,87-29,579,491
87,87-30,579,491
88,88-1,580,492
88,88-2,580,492
88,88-3,580,492
88,88-4,580,492
88,88-5,580,492
88,88-6,580,492
88,88-7,580,492
88,88-8,582,493
88,88-9,582,493
88,88-10,582,493
88,88-11,582,493
88,88-12,582,493
88,88-13,582,493
88,88-14,582,493
88,88-15,583,494
88,88-16,583,494
88,88-17,583,494
88,88-18,583,494
88,88-19,583,494
88,88-20,583,494
88,88-21,585,495
88,88-22,585,495
88,88-23,585,495
88,88-24,585,495
88,88-25,585,495
88,88-26,585,495
88,88-27,585,495
88,88-28,586,496
88,88-29,586,496
88,88-30,586,496
89,89-1,586,496
89,89-2,586,496
89,89-3,586,496
89,89-4,586,496
89,89-5,587,497
89,89-6,587,497
89,89-7,587,497
89,89-8,587,497
89,89-9,587,497
89,89-10,587,497
89,89-11,588,498
89,89-12,588,498
89,89-13,588,498
89,89-14,588,498
89,89-15,588,498
89,89-16,588,498
89,89-17,588,498
89,89-18,589,499
89,89-19,589,499
89,89-20,589,499
89,89-21,589,499
89,89-22,589,499
89,89-23,589,499
89,89-24,589,499
89,89-25,590,500
89,89-26,590,500
89,89-27,590,500
89,89-28,590,500
89,89-29,590,500
89,89-30,590,500
90,90-1,591,501
90,90-2,591,501
90,90-3,591,501
90,90-4,591,501
90,90-5,591,501
90,90-6,591,501
90,90-7,591,501
90,90-8,592,502
90,90-9,592,502
90,90-10,592,502
90,90-11,592,502
90,90-12,592,502
90,90-13,592,502
90,90-14,592,502
90,90-15,593,503
90,90-16,593,503
90,90-17,593,503
90,90-18,593,503
90,90-19,593,503
90,90-20,593,503
90,90-21,594,504
90,90-22,594,504
90,90-23,594,504
90,90-24,594,504
90,90-25,594,504
90,90-26,594,504
90,90-27,594,504
90,90-28,595,505
90,90-29,595,505
90,90-30,595,505
91,91-1,595,505
91,91-2,595,505
91,91-3,595,505
91,91-4,595,505
91,91-5,596,506
91,91-6,596,506
91,91-7,596,506
91,91-8,596,506
91,91-9,596,506
91,91-10,596,506
91,91-11,597,507
91,91-12,597,507
91,91-13,597,507
91,91-14,597,507
91,91-15,597,507
91,91-16,597,507
91,91-17,597,507
91,91-18,600,508
91,91-19,600,508
91,91-20,600,508
91,91-21,600,508
91,91-22,600,508
91,91-23,600,508
91,91-24,600,508
91,91-25,601,509
91,91-26,601,509
91,91-27,601,509
91,91-28,601,509
91,91-29,601,509
91,91-30,601,509
92,92-1,602,510
92,92-2,602,510
92,92-3,602,510
92,92-4,602,510
92,92-5,602,510
92,92-6,602,510
92,92-7,602,510
92,92-8,603,511
92,92-9,603,511
92,92-10,603,511
92,92-11,603,511
92,92-12,603,511
92,92-13,603,511
92,92-14,603,511
92,92-15,604,512
92,92-16,604,512
92,92-17,604,512
92,92-18,604,512
92,92-19,604,512
92,92-20,604,512
92,92-21,605,513
92,92-22,605,513
92,92-23,605,513
92,92-24,605,513
92,92-25,605,513
92,92-26,605,513
92,92-27,605,513
92,92-28,607,514
92,92-29,607,514
92,92-30,607,514
93,93-1,607,514
93,93-2,607,514
93,93-3,607,514
93,93-4,607,514
93,93-5,608,515
93,93-6,608,515
93,93-7,608,515
93,93-8,608,515
93,93-9,608,515
93,93-10,608,515
93,93-11,609,516
93,93-12,609,516
93,93-13,609,516
93,93-14,609,516
93,93-15,609,516
93,93-16,609,516
93,93-17,609,516
93,93-18,610,517
93,93-19,610,517
93,93-20,610,517
93,93-21,610,517
93,93-22,610,517
93,93-23,610,517
93,93-24,610,517
93,93-25,611,518
93,93-26,611,518
93,93-27,611,518
93,93-28,611,518
93,93-29,611,518
93,93-30,611,518
94,94-1,612,519
94,94-2,612,519
94,94-3,612,519
94,94-4,612,519
94,94-5,612,519
94,94-6,612,519
94,94-7,612,519
94,94-8,613,520
94,94-9,613,520
94,94-10,613,520
94,94-11,613,520
94,94-12,613,520
94,94-13,613,520
94,94-14,613,520
94,94-15,614,521
94,94-16,614,521
94,94-17,614,521
94,94-18,614,521
94,94-19,614,521
94,94-20,614,521
94,94-21,616,522
94,94-22,616,522
94,94-23,616,522
94,94-24,616,522
94,94-25,616,522
94,94-26,616,522
94,94-27,616,522
94,94-28,617,523
94,94-29,617,523
94,94-30,617,523
95,95-1,617,523
95,95-2,617,523
95,95-3,617,523
95,95-4,617,523
95,95-5,618,524
95,95-6,618,524
95,95-7,618,524
95,95-8,618,524
95,95-9,618,524
95,95-10,618,524
95,95-11,620,525
95,95-12,620,525
95,95-13,620,525
95,95-14,620,525
95,95-15,620,525
95,95-16,620,525
95,95-17,620,525
95,95-18,621,526
95,95-19,621,526
95,95-20,621,526
95,95-21,621,526
95,95-22,621,526
95,95-23,621,526
95,95-24,621,526
95,95-25,622,527
95,95-26,622,527
95,95-27,622,527
95,95-28,622,527
95,95-29,622,527
95,95-30,622,527
96,96-1,623,528
96,96-2,623,528
96,96-3,623,528
96,96-4,623,528
96,96-5,623,528
96,96-6,623,528
96,96-7,623,528
96,96-8,624,529
96,96-9,624,529
96,96-10,624,529
96,96-11,624,529
96,96-12,624,529
96,96-13,624,529
96,96-14,624,529
96,96-15,625,530
96,96-16,625,530
96,96-17,625,530
96,96-18,625,530
96,96-19,625,530
96,96-20,625,530
96,96-21,626,531
96,96-22,626,531
96,96-23,626,531
96,96-24,626,531
96,96-25,626,531
96,96-26,626,531
96,96-27,626,531
96,96-28,627,532
96,96-29,627,532
96,96-30,627,532
97,97-1,627,532
97,97-2,627,532
97,97-3,627,532
97,97-4,627,532
97,97-5,629,533
97,97-6,629,533
97,97-7,629,533
97,97-8,629,533
97,97-9,629,533
97,97-10,629,533
97,97-11,630,534
97,97-12,630,534
97,97-13,630,534
97,97-14,630,534
97,97-15,630,534
97,97-16,630,534
97,97-17,630,534
97,97-18,631,535
97,97-19,631,535
97,97-20,631,535
97,97-21,631,535
97,97-22,631,535
97,97-23,631,535
97,97-24,631,535
97,97-25,633,536
97,97-26,633,536
97,97-27,633,536
97,97-28,633,536
97,97-29,633,536
97,97-30,633,536
98,98-1,634,537
98,98-2,634,537
98,98-3,634,537
98,98-4,634,537
98,98-5,634,537
98,98-6,634,537
98,98-7,634,537
98,98-8,635,538
98,98-9,635,538
98,98-10,635,538
98,98-11,635,538
98,98-12,635,538
98,98-13,635,538
98,98-14,635,538
98,98-15,636,539
98,98-16,636,539
98,98-17,636,539
98,98-18,636,539
98,98-19,636,539
98,98-20,636,539
98,98-21,637,540
98,98-22,637,540
98,98-23,637,540
98,98-24,637,540
98,98-25,637,540
98,98-26,637,540
98,98-27,637,540
98,98-28,638,541
98,98-29,638,541
98,98-30,638,541
99,99-1,638,541
99,99-2,638,541
99,99-3,638,541
99,99-4,638,541
99,99-5,639,542
99,99-6,639,542
99,99-7,639,542
99,99-8,639,542
99,99-9,639,542
99,99-10,639,542
99,99-11,641,543
99,99-12,641,543
99,99-13,641,543
99,99-14,641,543
99,99-15,641,543
99,99-16,641,543
99,99-17,641,543
99,99-18,642,544
99,99-19,642,544
99,99-20,642,544
99,99-21,642,544
99,99-22,642,544
99,99-23,642,544
99,99-24,642,544
99,99-25,643,545
99,99-26,643,545
99,99-27,643,545
99,99-28,643,545
99,99-29,643,545
99,99-30,643,545
100,100-1,644,546
100,100-2,644,546
100,100-3,644,546
100,100-4,644,546
100,100-5,644,546
100,100-6,644,546
100,100-7,644,546
100,100-8,645,547
100,100-9,645,547
100,100-10,645,547
100,100-11,645,547
100,100-12,645,547
100,100-13,645,547
100,100-14,645,547
100,100-15,646,548
100,100-16,646,548
100,100-17,646,548
100,100-18,646,548
100,100-19,646,548
100,100-20,646,548
100,100-21,647,549
100,100-22,647,549
100,100-23,647,549
100,100-24,647,549
100,100-25,647,549
100,100-26,647,549
100,100-27,647,549
100,100-28,649,550
100,100-29,649,550
100,100-30,649,550
101,101-1,649,550
101,101-2,649,550
101,101-3,649,550
101,101-4,649,550
101,101-5,651,551
101,101-6,651,551
101,101-7,651,551
101,101-8,651,551
101,101-9,651,551
101,101-10,651,551
101,101-11,652,552
101,101-12,652,552
101,101-13,652,552
101,101-14,652,552
101,101-15,652,552
101,101-16,652,552
101,101-17,652,552
101,101-18,653,553
101,101-19,653,553
101,101-20,653,553
101,101-21,653,553
101,101-22,653,553
101,101-23,653,553
101,101-24,653,553
101,101-25,654,554
101,101-26,654,554
101,101-27,654,554
101,101-28,654,554
101,101-29,654,554
101,101-30,654,554
102,102-1,655,555
102,102-2,655,555
102,102-3,655,555
102,102-4,655,555
102,102-5,655,555
102,102-6,655,555
102,102-7,655,555
102,102-8,656,556
102,102-9,656,556
102,102-10,656,556
102,102-11,656,556
102,102-12,656,556
102,102-13,656,556
102,102-14,656,556
102,102-15,657,557
102,102-16,657,557
102,102-17,657,557
102,102-18,657,557
102,102-19,657,557
102,102-20,657,557
102,102-21,658,558
102,102-22,658,558
102,102-23,658,558
102,102-24,658,558
102,102-25,658,558
102,102-26,658,558
102,102-27,658,558
102,102-28,659,559
102,102-29,659,559
102,102-30,659,559
103,103-1,659,559
103,103-2,659,559
103,103-3,659,559
103,103-4,659,559
103,103-5,660,560
103,103-6,660,560
103,103-7,660,560
103,103-8,660,560
103,103-9,660,560
103,103-10,660,560
103,103-11,662,561
103,103-12,662,561
103,103-13,662,561
103,103-14,662,561
103,103-15,662,561
103,103-16,662,561
103,103-17,662,561
103,103-18,663,562
103,103-19,663,562
103,103-20,663,562
103,103-21,663,562
103,103-22,663,562
103,103-23,663,562
103,103-24,663,562
103,103-25,664,563
103,103-26,664,563
103,103-27,664,563
103,103-28,664,563
103,103-29,664,563
103,103-30,664,563
104,104-1,665,564
104,104-2,665,564
104,104-3,665,564
104,104-4,665,564
104,104-5,665,564
104,104-6,665,564
104,104-7,665,564
104,104-8,667,565
104,104-9,667,565
104,104-10,667,565
104,104-11,667,565
104,104-12,667,565
104,104-13,667,565
104,104-14,667,565
104,104-15,668,566
104,104-16,668,566
104,104-17,668,566
104,104-18,668,566
104,104-19,668,566
104,104-20,668,566
104,104-21,669,567
104,104-22,669,567
104,104-23,669,567
104,104-24,669,567
104,104-25,669,567
104,104-26,669,567
104,104-27,669,567
104,104-28,670,568
104,104-29,670,568
104,104-30,670,568
105,105-1,670,568
105,105-2,670,568
105,105-3,670,568
105,105-4,670,568
105,105-5,671,569
105,105-6,671,569
105,105-7,671,569
105,105-8,671,569
105,105-9,671,569
105,105-10,671,569
105,105-11,673,570
105,105-12,673,570
105,105-13,673,570
105,105-14,673,570
105,105-15,673,570
105,105-16,673,570
105,105-17,673,570
105,105-18,674,571
105,105-19,674,571
105,105-20,674,571
105,105-21,674,571
105,105-22,674,571
105,105-23,674,571
105,105-24,674,571
105,105-25,675,572
105,105-26,675,572
105,105-27,675,572
105,105-28,675,572
105,105-29,675,572
105,105-30,675,572
106,106-1,676,573
106,106-2,676,573
106,106-3,676,573
106,106-4,676,573
106,106-5,676,573
106,106-6,676,573
106,106-7,676,573
106,106-8,677,574
106,106-9,677,574
106,106-10,677,574
106,106-11,677,574
106,106-12,677,574
106,106-13,677,574
106,106-14,677,574
106,106-15,678,575
106,106-16,678,575
106,106-17,678,575
106,106-18,678,575
106,106-19,678,575
106,106-20,678,575
106,106-21,679,576
106,106-22,679,576
106,106-23,679,576
106,106-24,679,576
106,106-25,679,576
106,106-26,679,576
106,106-27,679,576
106,106-28,680,577
106,106-29,680,577
106,106-30,680,577
107,107-1,680,577
107,107-2,680,577
107,107-3,680,577
107,107-4,680,577
107,107-5,681,578
107,107-6,681,578
107,107-7,681,578
107,107-8,681,578
107,107-9,681,578
107,107-10,681,578
107,107-11,684,579
107,107-12,684,579
107,107-13,684,579
107,107-14,684,579
107,107-15,684,579
107,107-16,684,579
107,107-17,684,579
107,107-18,685,580
107,107-19,685,580
107,107-20,685,580
107,107-21,685,580
107,107-22,685,580
107,107-23,685,580
107,107-24,685,580
107,107-25,686,581
107,107-26,686,581
107,107-27,686,581
107,107-28,686,581
107,107-29,686,581
107,107-30,686,581
108,108-1,687,582
108,108-2,687,582
108,108-3,687,582
108,108-4,687,582
108,108-5,687,582
108,108-6,687,582
108,108-7,687,582
108,108-8,688,583
108,108-9,688,583
108,108-10,688,583
108,108-11,688,583
108,108-12,688,583
108,108-13,688,583
108,108-14,688,583
108,108-15,689,584
108,108-16,689,584
108,108-17,689,584
108,108-18,689,584
108,108-19,689,584
108,108-20,689,584
108,108-21,690,585
108,108-22,690,585
108,108-23,690,585
108,108-24,690,585
108,108-25,690,585
108,108-26,690,585
108,108-27,690,585
108,108-28,691,586
108,108-29,691,586
108,108-30,691,586
109,109-1,691,586
109,109-2,691,586
109,109-3,691,586
109,109-4,691,586
109,109-5,692,587
109,109-6,692,587
109,109-7,692,587
109,109-8,692,587
109,109-9,692,587
109,109-10,692,587
109,109-11,693,588
109,109-12,693,588
109,109-13,693,588
109,109-14,693,588
109,109-15,693,588
109,109-16,693,588
109,109-17,693,588
109,109-18,695,589
109,109-19,695,589
109,109-20,695,589
109,109-21,695,589
109,109-22,695,589
109,109-23,695,589
109,109-24,695,589
109,109-25,696,590
109,109-26,696,590
109,109-27,696,590
109,109-28,696,590
109,109-29,696,590
109,109-30,696,590
110,110-1,697,591
110,110-2,697,591
110,110-3,697,591
110,110-4,697,591
110,110-5,697,591
110,110-6,697,591
110,110-7,697,591
110,110-8,698,592
110,110-9,698,592
110,110-10,698,592
110,110-11,698,592
110,110-12,698,592
110,110-13,698,592
110,110-14,698,592
110,110-15,700,593
110,110-16,700,593
110,110-17,700,593
110,110-18,700,593
110,110-19,700,593
110,110-20,700,593
110,110-21,701,594
110,110-22,701,594
110,110-23,701,594
110,110-24,701,594
110,110-25,701,594
110,110-26,701,594
110,110-27,701,594
110,110-28,702,595
110,110-29,702,595
110,110-30,702,595
111,111-1,702,595
111,111-2,702,595
111,111-3,702,595
111,111-4,702,595
111,111-5,704,596
111,111-6,704,596
111,111-7,704,596
111,111-8,704,596
111,111-9,704,596
111,111-10,704,596
111,111-11,705,597
111,111-12,705,597
111,111-13,705,597
111,111-14,705,597
111,111-15,705,597
111,111-16,705,597
111,111-17,705,597
111,111-18,706,598
111,111-19,706,598
111,111-20,706,598
111,111-21,706,598
111,111-22,706,598
111,111-23,706,598
111,111-24,706,598
111,111-25,707,599
111,111-26,707,599
111,111-27,707,599
111,111-28,707,599
111,111-29,707,599
111,111-30,707,599
112,112-1,708,600
112,112-2,708,600
112,112-3,708,600
112,112-4,708,600
112,112-5,708,600
112,112-6,708,600
112,112-7,708,600
112,112-8,709,601
112,112-9,709,601
112,112-10,709,601
112,112-11,709,601
112,112-12,709,601
112,112-13,709,601
112,112-14,709,601
112,112-15,710,602
112,112-16,710,602
112,112-17,710,602
112,112-18,710,602
112,112-19,710,602
112,112-20,710,602
112,112-21,711,603
112,112-22,711,603
112,112-23,711,603
112,112-24,711,603
112,112-25,711,603
112,112-26,711,603
112,112-27,711,603
112,112-28,712,604
112,112-29,712,604
112,112-30,712,604
113,113-1,712,604
113,113-2,712,604
113,113-3,712,604
113,113-4,712,604
113,113-5,713,605
113,113-6,713,605
113,113-7,713,605
113,113-8,713,605
113,113-9,713,605
113,113-10,713,605
113,113-11,714,606
113,113-12,714,606
113,113-13,714,606
113,113-14,714,606
113,113-15,714,606
113,113-16,714,606
113,113-17,714,606
113,113-18,715,607
113,113-19,715,607
113,113-20,715,607
113,113-21,715,607
113,113-22,715,607
113,113-23,715,607
113,113-24,715,607
113,113-25,718,608
113,113-26,718,608
113,113-27,718,608
113,113-28,718,608
113,113-29,718,608
113,113-30,718,608
114,114-1,719,609
114,114-2,719,609
114,114-3,719,609
114,114-4,719,609
114,114-5,719,609
114,114-6,719,609
114,114-7,719,609
114,114-8,720,610
114,114-9,720,610
114,114-10,720,610
114,114-11,720,610
114,114-12,720,610
114,114-13,720,610
114,114-14,720,610
114,114-15,721,611
114,114-16,721,611
114,114-17,721,611
114,114-18,721,611
114,114-19,721,611
114,114-20,721,611
114,114-21,722,612
114,114-22,722,612
114,114-23,722,612
114,114-24,722,612
114,114-25,722,612
114,114-26,722,612
114,114-27,722,612
114,114-28,723,613
114,114-29,723,613
114,114-30,723,613
115,115-1,723,613
115,115-2,723,613
115,115-3,723,613
115,115-4,723,613
115,115-5,725,614
115,115-6,725,614
115,115-7,725,614
115,115-8,725,614
115,115-9,725,614
115,115-10,725,614
115,115-11,726,615
115,115-12,726,615
115,115-13,726,615
115,115-14,726,615
115,115-15,726,615
115,115-16,726,615
115,115-17,726,615
115,115-18,727,616
115,115-19,727,616
115,115-20,727,616
115,115-21,727,616
115,115-22,727,616
115,115-23,727,616
115,115-24,727,616
115,115-25,728,617
115,115-26,728,617
115,115-27,728,617
115,115-28,728,617
115,115-29,728,617
115,115-30,728,617
116,116-1,729,618
116,116-2,729,618
116,116-3,729,618
116,116-4,729,618
116,116-5,729,618
116,116-6,729,618
116,116-7,729,618
116,116-8,730,619
116,116-9,730,619
116,116-10,730,619
116,116-11,730,619
116,116-12,730,619
116,116-13,730,619
116,116-14,730,619
116,116-15,731,620
116,116-16,731,620
116,116-17,731,620
116,116-18,731,620
116,116-19,731,620
116,116-20,731,620
116,116-21,732,621
116,116-22,732,621
116,116-23,732,621
116,116-24,732,621
116,116-25,732,621
116,116-26,732,621
116,116-27,732,621
116,116-28,734,622
116,116-29,734,622
116,116-30,734,622
117,117-1,734,622
117,117-2,734,622
117,117-3,734,622
117,117-4,734,622
117,117-5,735,623
117,117-6,735,623
117,117-7,735,623
117,117-8,735,623
117,117-9,735,623
117,117-10,735,623
117,117-11,736,624
117,117-12,736,624
117,117-13,736,624
117,117-14,736,624
117,117-15,736,624
117,117-16,736,624
117,117-17,736,624
117,117-18,737,625
117,117-19,737,625
117,117-20,737,625
117,117-21,737,625
117,117-22,737,625
117,117-23,737,625
117,117-24,737,625
117,117-25,739,626
117,117-26,739,626
117,117-27,739,626
117,117-28,739,626
117,117-29,739,626
117,117-30,739,626
118,118-1,740,627
118,118-2,740,627
118,118-3,740,627
118,118-4,740,627
118,118-5,740,627
118,118-6,740,627
118,118-7,740,627
118,118-8,741,628
118,118-9,741,628
118,118-10,741,628
118,118-11,741,628
118,118-12,741,628
118,118-13,741,628
118,118-14,741,628
118,118-15,742,629
118,118-16,742,629
118,118-17,742,629
118,118-18,742,629
118,118-19,742,629
118,118-20,742,629
118,118-21,743,630
118,118-22,743,630
118,118-23,743,630
118,118-24,743,630
118,118-25,743,630
118,118-26,743,630
118,118-27,743,630
118,118-28,744,631
118,118-29,744,631
118,118-30,744,631
119,119-1,744,631
119,119-2,744,631
119,119-3,744,631
119,119-4,744,631
119,119-5,746,632
119,119-6,746,632
119,119-7,746,632
119,119-8,746,632
119,119-9,746,632
119,119-10,746,632
119,119-11,747,633
119,119-12,747,633
119,119-13,747,633
119,119-14,747,633
119,119-15,747,633
119,119-16,747,633
119,119-17,747,633
119,119-18,748,634
119,119-19,748,634
119,119-20,748,634
119,119-21,748,634
119,119-22,748,634
119,119-23,748,634
119,119-24,748,634
119,119-25,749,635
119,119-26,749,635
119,119-27,749,635
119,119-28,749,635
119,119-29,749,635
119,119-30,749,635
120,120-1,751,636
120,120-2,751,636
120,120-3,751,636
120,120-4,751,636
120,120-5,751,636
120,120-6,751,636
120,120-7,751,636
120,120-8,752,637
120,120-9,752,637
120,120-10,752,637
120,120-11,752,637
120,120-12,752,637
120,120-13,752,637
120,120-14,752,637
120,120-15,753,638
120,120-16,753,638
120,120-17,753,638
120,120-18,753,638
120,120-19,753,638
120,120-20,753,638
120,120-21,754,639
120,120-22,754,639
120,120-23,754,639
120,120-24,754,639
120,120-25,754,639
120,120-26,754,639
120,120-27,754,639
120,120-28,755,640
120,120-29,755,640
120,120-30,755,640
121,121-1,755,640
121,121-2,755,640
121,121-3,755,640
121,121-4,755,640
121,121-5,756,641
121,121-6,756,641
121,121-7,756,641
121,121-8,756,641
121,121-9,756,641
121,121-10,756,641
121,121-11,757,642
121,121-12,757,642
121,121-13,757,642
121,121-14,757,642
121,121-15,757,642
121,121-16,757,642
121,121-17,757,642
121,121-18,758,643
121,121-19,758,643
121,121-20,758,643
121,121-21,758,643
121,121-22,758,643
121,121-23,758,643
121,121-24,758,643
121,121-25,759,644
121,121-26,759,644
121,121-27,759,644
121,121-28,759,644
121,121-29,759,644
121,121-30,759,644
122,122-1,761,645
122,122-2,761,645
122,122-3,761,645
122,122-4,761,645
122,122-5,761,645
122,122-6,761,645
122,122-7,761,645
122,122-8,762,646
122,122-9,762,646
122,122-10,762,646
122,122-11,762,646
122,122-12,762,646
122,122-13,762,646
122,122-14,762,646
122,122-15,763,647
122,122-16,763,647
122,122-17,763,647
122,122-18,763,647
122,122-19,763,647
122,122-20,763,647
122,122-21,764,648
122,122-22,764,648
122,122-23,764,648
122,122-24,764,648
122,122-25,764,648
122,122-26,764,648
122,122-27,764,648
122,122-28,765,649
122,122-29,765,649
122,122-30,765,649
123,123-1,765,649
123,123-2,765,649
123,123-3,765,649
123,123-4,765,649
123,123-5,768,650
123,123-6,768,650
123,123-7,768,650
123,123-8,768,650
123,123-9,768,650
123,123-10,768,650
123,123-11,769,651
123,123-12,769,651
123,123-13,769,651
123,123-14,769,651
123,123-15,769,651
123,123-16,769,651
123,123-17,769,651
123,123-18,770,652
123,123-19,770,652
123,123-20,770,652
123,123-21,770,652
123,123-22,770,652
123,123-23,770,652
123,123-24,770,652
123,123-25,771,653
123,123-26,771,653
123,123-27,771,653
123,123-28,771,653
123,123-29,771,653
123,123-30,771,653
124,124-1,772,654
124,124-2,772,654
124,124-3,772,654
124,124-4,772,654
124,124-5,772,654
124,124-6,772,654
124,124-7,772,654
124,124-8,773,655
124,124-9,773,655
124,124-10,773,655
124,124-11,773,655
124,124-12,773,655
124,124-13,773,655
124,124-14,773,655
124,124-15,774,656
124,124-16,774,656
124,124-17,774,656
124,124-18,774,656
124,124-19,774,656
124,124-20,774,656
124,124-21,775,657
124,124-22,775,657
124,124-23,775,657
124,124-24,775,657
124,124-25,775,657
124,124-26,775,657
124,124-27,775,657
124,124-28,776,658
124,124-29,776,658
124,124-30,776,658
125,125-1,776,658
125,125-2,776,658
125,125-3,776,658
125,125-4,776,658
125,125-5,777,659
125,125-6,777,659
125,125-7,777,659
125,125-8,777,659
125,125-9,777,659
125,125-10,777,659
125,125-11,778,660
125,125-12,778,660
125,125-13,778,660
125,125-14,778,660
125,125-15,778,660
125,125-16,778,660
125,125-17,778,660
125,125-18,779,661
125,125-19,779,661
125,125-20,779,661
125,125-21,779,661
125,125-22,779,661
125,125-23,779,661
125,125-24,779,661
125,125-25,780,662
125,125-26,780,662
125,125-27,780,662
125,125-28,780,662
125,125-29,780,662
125,125-30,780,662
126,126-1,781,663
126,126-2,781,663
126,126-3,781,663
126,126-4,781,663
126,126-5,781,663
126,126-6,781,663
126,126-7,781,663
126,126-8,783,664
126,126-9,783,664
126,126-10,783,664
126,126-11,783,664
126,126-12,783,664
126,126-13,783,664
126,126-14,783,664
126,126-15,785,665
126,126-16,785,665
126,126-17,785,665
126,126-18,785,665
126,126-19,785,665
126,126-20,785,665
126,126-21,786,666
126,126-22,786,666
126,126-23,786,666
126,126-24,786,666
126,126-25,786,666
126,126-26,786,666
126,126-27,786,666
126,126-28,788,667
126,126-29,788,667
126,126-30,788,667
127,127-1,788,667
127,127-2,788,667
127,127-3,788,667
127,127-4,788,667
127,127-5,789,668
127,127-6,789,668
127,127-7,789,668
127,127-8,789,668
127,127-9,789,668
127,127-10,789,668
127,127-11,790,669
127,127-12,790,669
127,127-13,790,669
127,127-14,790,669
127,127-15,790,669
127,127-16,790,669
127,127-17,790,669
127,127-18,791,670
127,127-19,791,670
127,127-20,791,670
127,127-21,791,670
127,127-22,791,670
127,127-23,791,670
127,127-24,791,670
127,127-25,792,671
127,127-26,792,671
127,127-27,792,671
127,127-28,792,671
127,127-29,792,671
127,127-30,792,671
128,128-1,793,672
128,128-2,793,672
128,128-3,793,672
128,128-4,793,672
128,128-5,793,672
128,128-6,793,672
128,128-7,793,672
128,128-8,794,673
128,128-9,794,673
128,128-10,794,673
128,128-11,794,673
128,128-12,794,673
128,128-13,794,673
128,128-14,794,673
128,128-15,795,674
128,128-16,795,674
128,128-17,795,674
128,128-18,795,674
128,128-19,795,674
128,128-20,795,674
128,128-21,796,675
128,128-22,796,675
128,128-23,796,675
128,128-24,796,675
128,128-25,796,675
128,128-26,796,675
128,128-27,796,675
128,128-28,797,676
128,128-29,797,676
128,128-30,797,676
129,129-1,797,676
129,129-2,797,676
129,129-3,797,676
129,129-4,797,676
129,129-5,798,677
129,129-6,798,677
129,129-7,798,677
129,129-8,798,677
129,129-9,798,677
129,129-10,798,677
129,129-11,799,678
129,129-12,799,678
129,129-13,799,678
129,129-14,799,678
129,129-15,799,678
129,129-16,799,678
129,129-17,799,678
129,129-18,801,679
129,129-19,801,679
129,129-20,801,679
129,129-21,801,679
129,129-22,801,679
129,129-23,801,679
129,129-24,801,679
129,129-25,802,680
129,129-26,802,680
129,129-27,802,680
129,129-28,802,680
129,129-29,802,680
129,129-30,802,680
130,130-1,803,681
130,130-2,803,681
130,130-3,803,681
130,130-4,803,681
130,130-5,803,681
130,130-6,803,681
130,130-7,803,681
130,130-8,805,682
130,130-9,805,682
130,130-10,805,682
130,130-11,805,682
130,130-12,805,682
130,130-13,805,682
130,130-14,805,682
130,130-15,806,683
130,130-16,806,683
130,130-17,806,683
130,130-18,806,683
130,130-19,806,683
130,130-20,806,683
130,130-21,807,684
130,130-22,807,684
130,130-23,807,684
130,130-24,807,684
130,130-25,807,684
130,130-26,807,684
130,130-27,807,684
130,130-28,809,685
130,130-29,809,685
130,130-30,809,685
131,131-1,809,685
131,131-2,809,685
131,131-3,809,685
131,131-4,809,685
131,131-5,810,686
131,131-6,810,686
131,131-7,810,686
131,131-8,810,686
131,131-9,810,686
131,131-10,810,686
131,131-11,811,687
131,131-12,811,687
131,131-13,811,687
131,131-14,811,687
131,131-15,811,687
131,131-16,811,687
131,131-17,811,687
131,131-18,812,688
131,131-19,812,688
131,131-20,812,688
131,131-21,812,688
131,131-22,812,688
131,131-23,812,688
131,131-24,812,688
131,131-25,813,689
131,131-26,813,689
131,131-27,813,689
131,131-28,813,689
131,131-29,813,689
131,131-30,813,689
132,132-1,814,690
132,132-2,814,690
132,132-3,814,690
132,132-4,814,690
132,132-5,814,690
132,132-6,814,690
132,132-7,814,690
132,132-8,815,691
132,132-9,815,691
132,132-10,815,691
132,132-11,815,691
132,132-12,815,691
132,132-13,815,691
132,132-14,815,691
132,132-15,816,692
132,132-16,816,692
132,132-17,816,692
132,132-18,816,692
132,132-19,816,692
132,132-20,816,692
132,132-21,818,693
132,132-22,818,693
132,132-23,818,693
132,132-24,818,693
132,132-25,818,693
132,132-26,818,693
132,132-27,818,693
132,132-28,819,694
132,132-29,819,694
132,132-30,819,694
133,133-1,819,694
133,133-2,819,694
133,133-3,819,694
133,133-4,819,694
133,133-5,820,695
133,133-6,820,695
133,133-7,820,695
133,133-8,820,695
133,133-9,820,695
133,133-10,820,695
133,133-11,821,696
133,133-12,821,696
133,133-13,821,696
133,133-14,821,696
133,133-15,821,696
133,133-16,821,696
133,133-17,821,696
133,133-18,822,697
133,133-19,822,697
133,133-20,822,697
133,133-21,822,697
133,133-22,822,697
133,133-23,822,697
133,133-24,822,697
133,133-25,823,698
133,133-26,823,698
133,133-27,823,698
133,133-28,823,698
133,133-29,823,698
133,133-30,823,698
134,134-1,824,699
134,134-2,824,699
134,134-3,824,699
134,134-4,824,699
134,134-5,824,699
134,134-6,824,699
134,134-7,824,699
134,134-8,825,700
134,134-9,825,700
134,134-10,825,700
134,134-11,825,700
134,134-12,825,700
134,134-13,825,700
134,134-14,825,700
134,134-15,827,701
134,134-16,827,701
134,134-17,827,701
134,134-18,827,701
134,134-19,827,701
134,134-20,827,701
134,134-21,828,702
134,134-22,828,702
134,134-23,828,702
134,134-24,828,702
134,134-25,828,702
134,134-26,828,702
134,134-27,828,702
134,134-28,830,703
134,134-29,830,703
134,134-30,830,703
135,135-1,830,703
135,135-2,830,703
135,135-3,830,703
135,135-4,830,703
135,135-5,831,704
135,135-6,831,704
135,135-7,831,704
135,135-8,831,704
135,135-9,831,704
135,135-10,831,704
135,135-11,832,705
135,135-12,832,705
135,135-13,832,705
135,135-14,832,705
135,135-15,832,705
135,135-16,832,705
135,135-17,832,705
135,135-18,833,706
135,135-19,833,706
135,135-20,833,706
135,135-21,833,706
135,135-22,833,706
135,135-23,833,706
135,135-24,833,706
135,135-25,834,707
135,135-26,834,707
135,135-27,834,707
135,135-28,834,707
135,135-29,834,707
135,135-30,834,707
136,136-1,836,708
136,136-2,836,708
136,136-3,836,708
136,136-4,836,708
136,136-5,836,708
136,136-6,836,708
136,136-7,836,708
136,136-8,837,709
136,136-9,837,709
136,136-10,837,709
136,136-11,837,709
136,136-12,837,709
136,136-13,837,709
136,136-14,837,709
136,136-15,838,710
136,136-16,838,710
136,136-17,838,710
136,136-18,838,710
136,136-19,838,710
136,136-20,838,710
136,136-21,839,711
136,136-22,839,711
136,136-23,839,711
136,136-24,839,711
136,136-25,839,711
136,136-26,839,711
136,136-27,839,711
136,136-28,840,712
136,136-29,840,712
136,136-30,840,712
137,137-1,840,712
137,137-2,840,712
137,137-3,840,712
137,137-4,840,712
137,137-5,841,713
137,137-6,841,713
137,137-7,841,713
137,137-8,841,713
137,137-9,841,713
137,137-10,841,713
137,137-11,842,714
137,137-12,842,714
137,137-13,842,714
137,137-14,842,714
137,137-15,842,714
137,137-16,842,714
137,137-17,842,714
137,137-18,843,715
137,137-19,843,715
137,137-20,843,715
137,137-21,843,715
137,137-22,843,715
137,137-23,843,715
137,137-24,843,715
137,137-25,844,716
137,137-26,844,716
137,137-27,844,716
137,137-28,844,716
137,137-29,844,716
137,137-30,844,716
138,138-1,845,717
138,138-2,845,717
138,138-3,845,717
138,138-4,845,717
138,138-5,845,717
138,138-6,845,717
138,138-7,845,717
138,138-8,846,718
138,138-9,846,718
138,138-10,846,718
138,138-11,846,718
138,138-12,846,718
138,138-13,846,718
138,138-14,846,718
138,138-15,847,719
138,138-16,847,719
138,138-17,847,719
138,138-18,847,719
138,138-19,847,719
138,138-20,847,719
138,138-21,849,720
138,138-22,849,720
138,138-23,849,720
138,138-24,849,720
138,138-25,849,720
138,138-26,849,720
138,138-27,849,720
138,138-28,851,721
138,138-29,851,721
138,138-30,851,721
139,139-1,851,721
139,139-2,851,721
139,139-3,851,721
139,139-4,851,721
139,139-5,853,722
139,139-6,853,722
139,139-7,853,722
139,139-8,853,722
139,139-9,853,722
139,139-10,853,722
139,139-11,854,723
139,139-12,854,723
139,139-13,854,723
139,139-14,854,723
139,139-15,854,723
139,139-16,854,723
139,139-17,854,723
139,139-18,855,724
139,139-19,855,724
139,139-20,855,724
139,139-21,855,724
139,139-22,855,724
139,139-23,855,724
139,139-24,855,724
139,139-25,856,725
139,139-26,856,725
139,139-27,856,725
139,139-28,856,725
139,139-29,856,725
139,139-30,856,725
140,140-1,857,726
140,140-2,857,726
140,140-3,857,726
140,140-4,857,726
140,140-5,857,726
140,140-6,857,726
140,140-7,857,726
140,140-8,858,727
140,140-9,858,727
140,140-10,858,727
140,140-11,858,727
140,140-12,858,727
140,140-13,858,727
140,140-14,858,727
140,140-15,859,728
140,140-16,859,728
140,140-17,859,728
140,140-18,859,728
140,140-19,859,728
140,140-20,859,728
140,140-21,860,729
140,140-22,860,729
140,140-23,860,729
140,140-24,860,729
140,140-25,860,729
140,140-26,860,729
140,140-27,860,729
140,140-28,861,730
140,140-29,861,730
140,140-30,861,730
141,141-1,861,730
141,141-2,861,730
141,141-3,861,730
141,141-4,861,730
141,141-5,862,731
141,141-6,862,731
141,141-7,862,731
141,141-8,862,731
141,141-9,862,731
141,141-10,862,731
141,141-11,863,732
141,141-12,863,732
141,141-13,863,732
141,141-14,863,732
141,141-15,863,732
141,141-16,863,732
141,141-17,863,732
141,141-18,864,733
141,141-19,864,733
141,141-20,864,733
141,141-21,864,733
141,141-22,864,733
141,141-23,864,733
141,141-24,864,733
141,141-25,865,734
141,141-26,865,734
141,141-27,865,734
141,141-28,865,734
141,141-29,865,734
141,141-30,865,734
142,142-1,866,735
142,142-2,866,735
142,142-3,866,735
142,142-4,866,735
142,142-5,866,735
142,142-6,866,735
142,142-7,866,735
142,142-8,868,736
142,142-9,868,736
142,142-10,868,736
142,142-11,868,736
142,142-12,868,736
142,142-13,868,736
142,142-14,868,736
142,142-15,869,737
142,142-16,869,737
142,142-17,869,737
142,142-18,869,737
142,142-19,869,737
142,142-20,869,737
142,142-21,872,738
142,142-22,872,738
142,142-23,872,738
142,142-24,872,738
142,142-25,872,738
142,142-26,872,738
142,142-27,872,738
142,142-28,873,739
142,142-29,873,739
142,142-30,873,739
143,143-1,873,739
143,143-2,873,739
143,143-3,873,739
143,143-4,873,739
143,143-5,874,740
143,143-6,874,740
143,143-7,874,740
143,143-8,874,740
143,143-9,874,740
143,143-10,874,740
143,143-11,875,741
143,143-12,875,741
143,143-13,875,741
143,143-14,875,741
143,143-15,875,741
143,143-16,875,741
143,143-17,875,741
143,143-18,876,742
143,143-19,876,742
143,143-20,876,742
143,143-21,876,742
143,143-22,876,742
143,143-23,876,742
143,143-24,876,742
143,143-25,877,743
143,143-26,877,743
143,143-27,877,743
143,143-28,877,743
143,143-29,877,743
143,143-30,877,743
144,144-1,878,744
144,144-2,878,744
144,144-3,878,744
144,144-4,878,744
144,144-5,878,744
144,144-6,878,744
144,144-7,878,744
144,144-8,879,745
144,144-9,879,745
144,144-10,879,745
144,144-11,879,745
144,144-12,879,745
144,144-13,879,745
144,144-14,879,745
144,144-15,880,746
144,144-16,880,746
144,144-17,880,746
144,144-18,880,746
144,144-19,880,746
144,144-20,880,746
144,144-21,881,747
144,144-22,881,747
144,144-23,881,747
144,144-24,881,747
144,144-25,881,747
144,144-26,881,747
144,144-27,881,747
144,144-28,882,748
144,144-29,882,748
144,144-30,882,748
145,145-1,882,748
145,145-2,882,748
145,145-3,882,748
145,145-4,882,748
145,145-5,883,749
145,145-6,883,749
145,145-7,883,749
145,145-8,883,749
145,145-9,883,749
145,145-10,883,749
145,145-11,885,750
145,145-12,885,750
145,145-13,885,750
145,145-14,885,750
145,145-15,885,750
145,145-16,885,750
145,145-17,885,750
145,145-18,886,751
145,145-19,886,751
145,145-20,886,751
145,145-21,886,751
145,145-22,886,751
145,145-23,886,751
145,145-24,886,751
145,145-25,887,752
145,145-26,887,752
145,145-27,887,752
145,145-28,887,752
145,145-29,887,752
145,145-30,887,752
146,146-1,888,753
146,146-2,888,753
146,146-3,888,753
146,146-4,888,753
146,146-5,888,753
146,146-6,888,753
146,146-7,888,753
146,146-8,889,754
146,146-9,889,754
146,146-10,889,754
146,146-11,889,754
146,146-12,889,754
146,146-13,889,754
146,146-14,889,754
146,146-15,890,755
146,146-16,890,755
146,146-17,890,755
146,146-18,890,755
146,146-19,890,755
146,146-20,890,755
146,146-21,891,756
146,146-22,891,756
146,146-23,891,756
146,146-24,891,756
146,146-25,891,756
146,146-26,891,756
146,146-27,891,756
146,146-28,894,757
146,146-29,894,757
146,146-30,894,757
147,147-1,894,757
147,147-2,894,757
147,147-3,894,757
147,147-4,894,757
147,147-5,895,758
147,147-6,895,758
147,147-7,895,758
147,147-8,895,758
147,147-9,895,758
147,147-10,895,758
147,147-11,896,759
147,147-12,896,759
147,147-13,896,759
147,147-14,896,759
147,147-15,896,759
147,147-16,896,759
147,147-17,896,759
147,147-18,897,760
147,147-19,897,760
147,147-20,897,760
147,147-21,897,760
147,147-22,897,760
147,147-23,897,760
147,147-24,897,760
147,147-25,898,761
147,147-26,898,761
147,147-27,898,761
147,147-28,898,761
147,147-29,898,761
147,147-30,898,761
148,148-1,899,762
148,148-2,899,762
148,148-3,899,762
148,148-4,899,762
148,148-5,899,762
148,148-6,899,762
148,148-7,899,762
148,148-8,900,763
148,148-9,900,763
148,148-10,900,763
148,148-11,900,763
148,148-12,900,763
148,148-13,900,763
148,148-14,900,763
148,148-15,901,764
148,148-16,901,764
148,148-17,901,764
148,148-18,901,764
148,148-19,901,764
148,148-20,901,764
148,148-21,903,765
148,148-22,903,765
148,148-23,903,765
148,148-24,903,765
148,148-25,903,765
148,148-26,903,765
148,148-27,903,765
148,148-28,904,766
148,148-29,904,766
148,148-30,904,766
149,149-1,904,766
149,149-2,904,766
149,149-3,904,766
149,149-4,904,766
149,149-5,905,767
149,149-6,905,767
149,149-7,905,767
149,149-8,905,767
149,149-9,905,767
149,149-10,905,767
149,149-11,906,768
149,149-12,906,768
149,149-13,906,768
149,149-14,906,768
149,149-15,906,768
149,149-16,906,768
149,149-17,906,768
149,149-18,907,769
149,149-19,907,769
149,149-20,907,769
149,149-21,907,769
149,149-22,907,769
149,149-23,907,769
149,149-24,907,769
149,149-25,908,770
149,149-26,908,770
149,149-27,908,770
149,149-28,908,770
149,149-29,908,770
149,149-30,908,770
150,150-1,909,771
150,150-2,909,771
150,150-3,909,771
150,150-4,909,771
150,150-5,909,771
150,150-6,909,771
150,150-7,909,771
150,150-8,910,772
150,150-9,910,772
150,150-10,910,772
150,150-11,910,772
150,150-12,910,772
150,150-13,910,772
150,150-14,910,772
150,150-15,911,773
150,150-16,911,773
150,150-17,911,773
150,150-18,911,773
150,150-19,911,773
150,150-20,911,773
150,150-21,912,774
150,150-22,912,774
150,150-23,912,774
150,150-24,912,774
150,150-25,912,774
150,150-26,912,774
150,150-27,912,774
150,150-28,914,775
150,150-29,914,775
150,150-30,914,775
151,151-1,914,775
151,151-2,914,775
151,151-3,914,775
151,151-4,914,775
151,151-5,916,776
151,151-6,916,776
151,151-7,916,776
151,151-8,916,776
151,151-9,916,776
151,151-10,916,776
151,151-11,917,777
151,151-12,917,777
151,151-13,917,777
151,151-14,917,777
151,151-15,917,777
151,151-16,917,777
151,151-17,917,777
151,151-18,918,778
151,151-19,918,778
151,151-20,918,778
151,151-21,918,778
151,151-22,918,778
151,151-23,918,778
151,151-24,918,778
151,151-25,920,779
151,151-26,920,779
151,151-27,920,779
151,151-28,920,779
151,151-29,920,779
151,151-30,920,779
152,152-1,921,780
152,152-2,921,780
152,152-3,921,780
152,152-4,921,780
152,152-5,921,780
152,152-6,921,780
152,152-7,921,780
152,152-8,922,781
152,152-9,922,781
152,152-10,922,781
152,152-11,922,781
152,152-12,922,781
152,152-13,922,781
152,152-14,922,781
152,152-15,923,782
152,152-16,923,782
152,152-17,923,782
152,152-18,923,782
152,152-19,923,782
152,152-20,923,782
152,152-21,924,783
152,152-22,924,783
152,152-23,924,783
152,152-24,924,783
152,152-25,924,783
152,152-26,924,783
152,152-27,924,783
152,152-28,925,784
152,152-29,925,784
152,152-30,925,784
153,153-1,925,784
153,153-2,925,784
153,153-3,925,784
153,153-4,925,784
153,153-5,926,785
153,153-6,926,785
153,153-7,926,785
153,153-8,926,785
153,153-9,926,785
153,153-10,926,785
153,153-11,927,786
153,153-12,927,786
153,153-13,927,786
153,153-14,927,786
153,153-15,927,786
153,153-16,927,786
153,153-17,927,786
153,153-18,928,787
153,153-19,928,787
153,153-20,928,787
153,153-21,928,787
153,153-22,928,787
153,153-23,928,787
153,153-24,928,787
153,153-25,929,788
153,153-26,929,788
153,153-27,929,788
153,153-28,929,788
153,153-29,929,788
153,153-30,929,788
154,154-1,930,789
154,154-2,930,789
154,154-3,930,789
154,154-4,930,789
154,154-5,930,789
154,154-6,930,789
154,154-7,930,789
154,154-8,931,790
154,154-9,931,790
154,154-10,931,790
154,154-11,931,790
154,154-12,931,790
154,154-13,931,790
154,154-14,931,790
154,154-15,932,791
154,154-16,932,791
154,154-17,932,791
154,154-18,932,791
154,154-19,932,791
154,154-20,932,791
154,154-21,933,792
154,154-22,933,792
154,154-23,933,792
154,154-24,933,792
154,154-25,933,792
154,154-26,933,792
154,154-27,933,792
154,154-28,936,793
154,154-29,936,793
154,154-30,936,793
155,155-1,936,793
155,155-2,936,793
155,155-3,936,793
155,155-4,936,793
155,155-5,938,794
155,155-6,938,794
155,155-7,938,794
155,155-8,938,794
155,155-9,938,794
155,155-10,938,794
155,155-11,939,795
155,155-12,939,795
155,155-13,939,795
155,155-14,939,795
155,155-15,939,795
155,155-16,939,795
155,155-17,939,795
155,155-18,940,796
155,155-19,940,796
155,155-20,940,796
155,155-21,940,796
155,155-22,940,796
155,155-23,940,796
155,155-24,940,796
155,155-25,941,797
155,155-26,941,797
155,155-27,941,797
155,155-28,941,797
155,155-29,941,797
155,155-30,941,797
156,156-1,942,798
156,156-2,942,798
156,156-3,942,798
156,156-4,942,798
156,156-5,942,798
156,156-6,942,798
156,156-7,942,798
156,156-8,943,799
156,156-9,943,799
156,156-10,943,799
156,156-11,943,799
156,156-12,943,799
156,156-13,943,799
156,156-14,943,799
156,156-15,944,800
156,156-16,944,800
156,156-17,944,800
156,156-18,944,800
156,156-19,944,800
156,156-20,944,800
156,156-21,945,801
156,156-22,945,801
156,156-23,945,801
156,156-24,945,801
156,156-25,945,801
156,156-26,945,801
156,156-27,945,801
156,156-28,946,802
156,156-29,946,802
156,156-30,946,802
157,157-1,946,802
157,157-2,946,802
157,157-3,946,802
157,157-4,946,802
157,157-5,947,803
157,157-6,947,803
157,157-7,947,803
157,157-8,947,803
157,157-9,947,803
157,157-10,947,803
157,157-11,948,804
157,157-12,948,804
157,157-13,948,804
157,157-14,948,804
157,157-15,948,804
157,157-16,948,804
157,157-17,948,804
157,157-18,949,805
157,157-19,949,805
157,157-20,949,805
157,157-21,949,805
157,157-22,949,805
157,157-23,949,805
157,157-24,949,805
157,157-25,950,806
157,157-26,950,806
157,157-27,950,806
157,157-28,950,806
157,157-29,950,806
157,157-30,950,806
158,158-1,951,807
158,158-2,951,807
158,158-3,951,807
158,158-4,951,807
158,158-5,951,807
158,158-6,951,807
158,158-7,951,807
158,158-8,953,808
158,158-9,953,808
158,158-10,953,808
158,158-11,953,808
158,158-12,953,808
158,158-13,953,808
158,158-14,953,808
158,158-15,954,809
158,158-16,954,809
158,158-17,954,809
158,158-18,954,809
158,158-19,954,809
158,158-20,954,809
158,158-21,956,810
158,158-22,956,810
158,158-23,956,810
158,158-24,956,810
158,158-25,956,810
158,158-26,956,810
158,158-27,956,810
158,158-28,957,811
158,158-29,957,811
158,158-30,957,811
159,159-1,957,811
159,159-2,957,811
159,159-3,957,811
159,159-4,957,811
159,159-5,958,812
159,159-6,958,812
159,159-7,958,812
159,159-8,958,812
159,159-9,958,812
159,159-10,958,812
159,159-11,960,813
159,159-12,960,813
159,159-13,960,813
159,159-14,960,813
159,159-15,960,813
159,159-16,960,813
159,159-17,960,813
159,159-18,961,814
159,159-19,961,814
159,159-20,961,814
159,159-21,961,814
159,159-22,961,814
159,159-23,961,814
159,159-24,961,814
159,159-25,962,815
159,159-26,962,815
159,159-27,962,815
159,159-28,962,815
159,159-29,962,815
159,159-30,962,815
160,160-1,963,816
160,160-2,963,816
160,160-3,963,816
160,160-4,963,816
160,160-5,963,816
160,160-6,963,816
160,160-7,963,816
160,160-8,964,817
160,160-9,964,817
160,160-10,964,817
160,160-11,964,817
160,160-12,964,817
160,160-13,964,817
160,160-14,964,817
160,160-15,965,818
160,160-16,965,818
160,160-17,965,818
160,160-18,965,818
160,160-19,965,818
160,160-20,965,818
160,160-21,966,819
160,160-22,966,819
160,160-23,966,819
160,160-24,966,819
160,160-25,966,819
160,160-26,966,819
160,160-27,966,819
160,160-28,967,820
160,160-29,967,820
160,160-30,967,820
161,161-1,967,820
161,161-2,967,820
161,161-3,967,820
161,161-4,967,820
161,161-5,968,821
161,161-6,968,821
161,161-7,968,821
161,161-8,968,821
161,161-9,968,821
161,161-10,968,821
161,161-11,970,822
161,161-12,970,822
161,161-13,970,822
161,161-14,970,822
161,161-15,970,822
161,161-16,970,822
161,161-17,970,822
161,161-18,971,823
161,161-19,971,823
161,161-20,971,823
161,161-21,971,823
161,161-22,971,823
161,161-23,971,823
161,161-24,971,823
161,161-25,972,824
161,161-26,972,824
161,161-27,972,824
161,161-28,972,824
161,161-29,972,824
161,161-30,972,824
162,162-1,973,825
162,162-2,973,825
162,162-3,973,825
162,162-4,973,825
162,162-5,973,825
162,162-6,973,825
162,162-7,973,825
162,162-8,974,826
162,162-9,974,826
162,162-10,974,826
162,162-11,974,826
162,162-12,974,826
162,162-13,974,826
162,162-14,974,826
162,162-15,975,827
162,162-16,975,827
162,162-17,975,827
162,162-18,975,827
162,162-19,975,827
162,162-20,975,827
162,162-21,977,828
162,162-22,977,828
162,162-23,977,828
162,162-24,977,828
162,162-25,977,828
162,162-26,977,828
162,162-27,977,828
162,162-28,978,829
162,162-29,978,829
162,162-30,978,829
163,163-1,978,829
163,163-2,978,829
163,163-3,978,829
163,163-4,978,829
163,163-5,979,830
163,163-6,979,830
163,163-7,979,830
163,163-8,979,830
163,163-9,979,830
163,163-10,979,830
163,163-11,980,831
163,163-12,980,831
163,163-13,980,831
163,163-14,980,831
163,163-15,980,831
163,163-16,980,831
163,163-17,980,831
163,163-18,982,832
163,163-19,982,832
163,163-20,982,832
163,163-21,982,832
163,163-22,982,832
163,163-23,982,832
163,163-24,982,832
163,163-25,983,833
163,163-26,983,833
163,163-27,983,833
163,163-28,983,833
163,163-29,983,833
163,163-30,983,833
164,164-1,984,834
164,164-2,984,834
164,164-3,984,834
164,164-4,984,834
164,164-5,984,834
164,164-6,984,834
164,164-7,984,834
164,164-8,985,835
164,164-9,985,835
164,164-10,985,835
164,164-11,985,835
164,164-12,985,835
164,164-13,985,835
164,164-14,985,835
164,164-15,987,836
164,164-16,987,836
164,164-17,987,836
164,164-18,987,836
164,164-19,987,836
164,164-20,987,836
164,164-21,988,837
164,164-22,988,837
164,164-23,988,837
164,164-24,988,837
164,164-25,988,837
164,164-26,988,837
164,164-27,988,837
164,164-28,989,838
164,164-29,989,838
164,164-30,989,838
165,165-1,989,838
165,165-2,989,838
165,165-3,989,838
165,165-4,989,838
165,165-5,990,839
165,165-6,990,839
165,165-7,990,839
165,165-8,990,839
165,165-9,990,839
165,165-10,990,839
165,165-11,991,840
165,165-12,991,840
165,165-13,991,840
165,165-14,991,840
165,165-15,991,840
165,165-16,991,840
165,165-17,991,840
165,165-18,992,841
165,165-19,992,841
165,165-20,992,841
165,165-21,992,841
165,165-22,992,841
165,165-23,992,841
165,165-24,992,841
165,165-25,993,842
165,165-26,993,842
165,165-27,993,842
165,165-28,993,842
165,165-29,993,842
165,165-30,993,842
166,166-1,994,843
166,166-2,994,843
166,166-3,994,843
166,166-4,994,843
166,166-5,994,843
166,166-6,994,843
166,166-7,994,843
166,166-8,995,844
166,166-9,995,844
166,166-10,995,844
166,166-11,995,844
166,166-12,995,844
166,166-13,995,844
166,166-14,995,844
166,166-15,996,845
166,166-16,996,845
166,166-17,996,845
166,166-18,996,845
166,166-19,996,845
166,166-20,996,845
166,166-21,998,846
166,166-22,998,846
166,166-23,998,846
166,166-24,998,846
166,166-25,998,846
166,166-26,998,846
166,166-27,998,846
166,166-28,999,847
166,166-29,999,847
166,166-30,999,847
167,167-1,999,847
167,167-2,999,847
167,167-3,999,847
167,167-4,999,847
167,167-5,"1,000",848
167,167-6,"1,000",848
167,167-7,"1,000",848
167,167-8,"1,000",848
167,167-9,"1,000",848
167,167-10,"1,000",848
167,167-11,"1,001",849
167,167-12,"1,001",849
167,167-13,"1,001",849
167,167-14,"1,001",849
167,167-15,"1,001",849
167,167-16,"1,001",849
167,167-17,"1,001",849
167,167-18,"1,004",850
167,167-19,"1,004",850
167,167-20,"1,004",850
167,167-21,"1,004",850
167,167-22,"1,004",850
167,167-23,"1,004",850
167,167-24,"1,004",850
167,167-25,"1,005",851
167,167-26,"1,005",851
167,167-27,"1,005",851
167,167-28,"1,005",851
167,167-29,"1,005",851
167,167-30,"1,005",851
168,168-1,"1,006",852
168,168-2,"1,006",852
168,168-3,"1,006",852
168,168-4,"1,006",852
168,168-5,"1,006",852
168,168-6,"1,006",852
168,168-7,"1,006",852
168,168-8,"1,007",853
168,168-9,"1,007",853
168,168-10,"1,007",853
168,168-11,"1,007",853
168,168-12,"1,007",853
168,168-13,"1,007",853
168,168-14,"1,007",853
168,168-15,"1,008",854
168,168-16,"1,008",854
168,168-17,"1,008",854
168,168-18,"1,008",854
168,168-19,"1,008",854
168,168-20,"1,008",854
168,168-21,"1,009",855
168,168-22,"1,009",855
168,168-23,"1,009",855
168,168-24,"1,009",855
168,168-25,"1,009",855
168,168-26,"1,009",855
168,168-27,"1,009",855
168,168-28,"1,010",856
168,168-29,"1,010",856
168,168-30,"1,010",856
169,169-1,"1,010",856
169,169-2,"1,010",856
169,169-3,"1,010",856
169,169-4,"1,010",856
169,169-5,"1,010.5",856.5
169,169-6,"1,010.5",856.5
169,169-7,"1,010.5",856.5
169,169-8,"1,010.5",856.5
169,169-9,"1,010.5",856.5
169,169-10,"1,010.5",856.5
169,169-11,"1,011",857
169,169-12,"1,011",857
169,169-13,"1,011",857
169,169-14,"1,011",857
169,169-15,"1,011",857
169,169-16,"1,011",857
169,169-17,"1,011",857
169,169-18,"1,011.5",857.5
169,169-19,"1,011.5",857.5
169,169-20,"1,011.5",857.5
169,169-21,"1,011.5",857.5
169,169-22,"1,011.5",857.5
169,169-23,"1,011.5",857.5
169,169-24,"1,011.5",857.5
169,169-25,"1,012",858
169,169-26,"1,012",858
169,169-27,"1,012",858
169,169-28,"1,012",858
169,169-29,"1,012",858
169,169-30,"1,012",858
170,170-1,"1,012.5",858.5
170,170-2,"1,012.5",858.5
170,170-3,"1,012.5",858.5
170,170-4,"1,012.5",858.5
170,170-5,"1,012.5",858.5
170,170-6,"1,012.5",858.5
170,170-7,"1,012.5",858.5
170,170-8,"1,013",859
170,170-9,"1,013",859
170,170-10,"1,013",859
170,170-11,"1,013",859
170,170-12,"1,013",859
170,170-13,"1,013",859
170,170-14,"1,013",859
170,170-15,"1,013.5",859.5
170,170-16,"1,013.5",859.5
170,170-17,"1,013.5",859.5
170,170-18,"1,013.5",859.5
170,170-19,"1,013.5",859.5
170,170-20,"1,013.5",859.5
170,170-21,"1,014.5",860
170,170-22,"1,014.5",860
170,170-23,"1,014.5",860
170,170-24,"1,014.5",860
170,170-25,"1,014.5",860
170,170-26,"1,014.5",860
170,170-27,"1,014.5",860
170,170-28,"1,015.5",860.5
170,170-29,"1,015.5",860.5
170,170-30,"1,015.5",860.5
171,171-1,"1,015.5",860.5
171,171-2,"1,015.5",860.5
171,171-3,"1,015.5",860.5
171,171-4,"1,015.5",860.5
171,171-5,"1,016",861
171,171-6,"1,016",861
171,171-7,"1,016",861
171,171-8,"1,016",861
171,171-9,"1,016",861
171,171-10,"1,016",861
171,171-11,"1,016.5",861.5
171,171-12,"1,016.5",861.5
171,171-13,"1,016.5",861.5
171,171-14,"1,016.5",861.5
171,171-15,"1,016.5",861.5
171,171-16,"1,016.5",861.5
171,171-17,"1,016.5",861.5
171,171-18,"1,017",862
171,171-19,"1,017",862
171,171-20,"1,017",862
171,171-21,"1,017",862
171,171-22,"1,017",862
171,171-23,"1,017",862
171,171-24,"1,017",862
171,171-25,"1,018",862.5
171,171-26,"1,018",862.5
171,171-27,"1,018",862.5
171,171-28,"1,018",862.5
171,171-29,"1,018",862.5
171,171-30,"1,018",862.5
172,172-1,"1,018.5",863
172,172-2,"1,018.5",863
172,172-3,"1,018.5",863
172,172-4,"1,018.5",863
172,172-5,"1,018.5",863
172,172-6,"1,018.5",863
172,172-7,"1,018.5",863
172,172-8,"1,019",863.5
172,172-9,"1,019",863.5
172,172-10,"1,019",863.5
172,172-11,"1,019",863.5
172,172-12,"1,019",863.5
172,172-13,"1,019",863.5
172,172-14,"1,019",863.5
172,172-15,"1,019.5",864
172,172-16,"1,019.5",864
172,172-17,"1,019.5",864
172,172-18,"1,019.5",864
172,172-19,"1,019.5",864
172,172-20,"1,019.5",864
172,172-21,"1,020",864.5
172,172-22,"1,020",864.5
172,172-23,"1,020",864.5
172,172-24,"1,020",864.5
172,172-25,"1,020",864.5
172,172-26,"1,020",864.5
172,172-27,"1,020",864.5
172,172-28,"1,020.4",865
172,172-29,"1,020.4",865
172,172-30,"1,020.4",865
173,173-1,"1,020.4",865
173,173-2,"1,020.4",865
173,173-3,"1,020.4",865
173,173-4,"1,020.4",865
173,173-5,"1,020.9",865.4
173,173-6,"1,020.9",865.4
173,173-7,"1,020.9",865.4
173,173-8,"1,020.9",865.4
173,173-9,"1,020.9",865.4
173,173-10,"1,020.9",865.4
173,173-11,"1,021.4",865.9
173,173-12,"1,021.4",865.9
173,173-13,"1,021.4",865.9
173,173-14,"1,021.4",865.9
173,173-15,"1,021.4",865.9
173,173-16,"1,021.4",865.9
173,173-17,"1,021.4",865.9
173,173-18,"1,021.9",866.4
173,173-19,"1,021.9",866.4
173,173-20,"1,021.9",866.4
173,173-21,"1,021.9",866.4
173,173-22,"1,021.9",866.4
173,173-23,"1,021.9",866.4
173,173-24,"1,021.9",866.4
173,173-25,"1,022.4",866.9
173,173-26,"1,022.4",866.9
173,173-27,"1,022.4",866.9
173,173-28,"1,022.4",866.9
173,173-29,"1,022.4",866.9
173,173-30,"1,022.4",866.9
174,174-1,"1,023.4",867.4
174,174-2,"1,023.4",867.4
174,174-3,"1,023.4",867.4
174,174-4,"1,023.4",867.4
174,174-5,"1,023.4",867.4
174,174-6,"1,023.4",867.4
174,174-7,"1,023.4",867.4
174,174-8,"1,023.9",867.9
174,174-9,"1,023.9",867.9
174,174-10,"1,023.9",867.9
174,174-11,"1,023.9",867.9
174,174-12,"1,023.9",867.9
174,174-13,"1,023.9",867.9
174,174-14,"1,023.9",867.9
174,174-15,"1,024.9",868.4
174,174-16,"1,024.9",868.4
174,174-17,"1,024.9",868.4
174,174-18,"1,024.9",868.4
174,174-19,"1,024.9",868.4
174,174-20,"1,024.9",868.4
174,174-21,"1,025.4",868.9
174,174-22,"1,025.4",868.9
174,174-23,"1,025.4",868.9
174,174-24,"1,025.4",868.9
174,174-25,"1,025.4",868.9
174,174-26,"1,025.4",868.9
174,174-27,"1,025.4",868.9
174,174-28,"1,025.9",869.4
174,174-29,"1,025.9",869.4
174,174-30,"1,025.9",869.4
175,175-1,"1,025.9",869.4
175,175-2,"1,025.9",869.4
175,175-3,"1,025.9",869.4
175,175-4,"1,025.9",869.4
175,175-5,"1,026.4",869.9
175,175-6,"1,026.4",869.9
175,175-7,"1,026.4",869.9
175,175-8,"1,026.4",869.9
175,175-9,"1,026.4",869.9
175,175-10,"1,026.4",869.9
175,175-11,"1,026.9",870.4
175,175-12,"1,026.9",870.4
175,175-13,"1,026.9",870.4
175,175-14,"1,026.9",870.4
175,175-15,"1,026.9",870.4
175,175-16,"1,026.9",870.4
175,175-17,"1,026.9",870.4
175,175-18,"1,027.4",870.9
175,175-19,"1,027.4",870.9
175,175-20,"1,027.4",870.9
175,175-21,"1,027.4",870.9
175,175-22,"1,027.4",870.9
175,175-23,"1,027.4",870.9
175,175-24,"1,027.4",870.9
175,175-25,"1,027.8",871.4
175,175-26,"1,027.8",871.4
175,175-27,"1,027.8",871.4
175,175-28,"1,027.8",871.4
175,175-29,"1,027.8",871.4
175,175-30,"1,027.8",871.4
176,176-1,"1,028.8",871.9
176,176-2,"1,028.8",871.9
176,176-3,"1,028.8",871.9
176,176-4,"1,028.8",871.9
176,176-5,"1,028.8",871.9
176,176-6,"1,028.8",871.9
176,176-7,"1,028.8",871.9
176,176-8,"1,029.3",872.3
176,176-9,"1,029.3",872.3
176,176-10,"1,029.3",872.3
176,176-11,"1,029.3",872.3
176,176-12,"1,029.3",872.3
176,176-13,"1,029.3",872.3
176,176-14,"1,029.3",872.3
176,176-15,"1,029.8",872.8
176,176-16,"1,029.8",872.8
176,176-17,"1,029.8",872.8
176,176-18,"1,029.8",872.8
176,176-19,"1,029.8",872.8
176,176-20,"1,029.8",872.8
176,176-21,"1,030.3",873.3
176,176-22,"1,030.3",873.3
176,176-23,"1,030.3",873.3
176,176-24,"1,030.3",873.3
176,176-25,"1,030.3",873.3
176,176-26,"1,030.3",873.3
176,176-27,"1,030.3",873.3
176,176-28,"1,030.8",873.8
176,176-29,"1,030.8",873.8
176,176-30,"1,030.8",873.8
177,177-1,"1,030.8",873.8
177,177-2,"1,030.8",873.8
177,177-3,"1,030.8",873.8
177,177-4,"1,030.8",873.8
177,177-5,"1,031.8",874.3
177,177-6,"1,031.8",874.3
177,177-7,"1,031.8",874.3
177,177-8,"1,031.8",874.3
177,177-9,"1,031.8",874.3
177,177-10,"1,031.8",874.3
177,177-11,"1,032.3",874.8
177,177-12,"1,032.3",874.8
177,177-13,"1,032.3",874.8
177,177-14,"1,032.3",874.8
177,177-15,"1,032.3",874.8
177,177-16,"1,032.3",874.8
177,177-17,"1,032.3",874.8
177,177-18,"1,032.7",875.3
177,177-19,"1,032.7",875.3
177,177-20,"1,032.7",875.3
177,177-21,"1,032.7",875.3
177,177-22,"1,032.7",875.3
177,177-23,"1,032.7",875.3
177,177-24,"1,032.7",875.3
177,177-25,"1,033.2",875.8
177,177-26,"1,033.2",875.8
177,177-27,"1,033.2",875.8
177,177-28,"1,033.2",875.8
177,177-29,"1,033.2",875.8
177,177-30,"1,033.2",875.8
178,178-1,"1,033.7",876.3
178,178-2,"1,033.7",876.3
178,178-3,"1,033.7",876.3
178,178-4,"1,033.7",876.3
178,178-5,"1,033.7",876.3
178,178-6,"1,033.7",876.3
178,178-7,"1,033.7",876.3
178,178-8,"1,034.2",876.7
178,178-9,"1,034.2",876.7
178,178-10,"1,034.2",876.7
178,178-11,"1,034.2",876.7
178,178-12,"1,034.2",876.7
178,178-13,"1,034.2",876.7
178,178-14,"1,034.2",876.7
178,178-15,"1,035.2",877.2
178,178-16,"1,035.2",877.2
178,178-17,"1,035.2",877.2
178,178-18,"1,035.2",877.2
178,178-19,"1,035.2",877.2
178,178-20,"1,035.2",877.2
178,178-21,"1,035.7",877.7
178,178-22,"1,035.7",877.7
178,178-23,"1,035.7",877.7
178,178-24,"1,035.7",877.7
178,178-25,"1,035.7",877.7
178,178-26,"1,035.7",877.7
178,178-27,"1,035.7",877.7
178,178-28,"1,036.2",878.2
178,178-29,"1,036.2",878.2
178,178-30,"1,036.2",878.2
179,179-1,"1,036.2",878.2
179,179-2,"1,036.2",878.2
179,179-3,"1,036.2",878.2
179,179-4,"1,036.2",878.2
179,179-5,"1,036.6",878.7
179,179-6,"1,036.6",878.7
179,179-7,"1,036.6",878.7
179,179-8,"1,036.6",878.7
179,179-9,"1,036.6",878.7
179,179-10,"1,036.6",878.7
179,179-11,"1,037.1",879.2
179,179-12,"1,037.1",879.2
179,179-13,"1,037.1",879.2
179,179-14,"1,037.1",879.2
179,179-15,"1,037.1",879.2
179,179-16,"1,037.1",879.2
179,179-17,"1,037.1",879.2
179,179-18,"1,037.6",879.7
179,179-19,"1,037.6",879.7
179,179-20,"1,037.6",879.7
179,179-21,"1,037.6",879.7
179,179-22,"1,037.6",879.7
179,179-23,"1,037.6",879.7
179,179-24,"1,037.6",879.7
179,179-25,"1,038.1",880.2
179,179-26,"1,038.1",880.2
179,179-27,"1,038.1",880.2
179,179-28,"1,038.1",880.2
179,179-29,"1,038.1",880.2
179,179-30,"1,038.1",880.2
180,180-1,"1,038.6",880.6
180,180-2,"1,038.6",880.6
180,180-3,"1,038.6",880.6
180,180-4,"1,038.6",880.6
180,180-5,"1,038.6",880.6
180,180-6,"1,038.6",880.6
180,180-7,"1,038.6",880.6
180,180-8,"1,039.6",881.1
180,180-9,"1,039.6",881.1
180,180-10,"1,039.6",881.1
180,180-11,"1,039.6",881.1
180,180-12,"1,039.6",881.1
180,180-13,"1,039.6",881.1
180,180-14,"1,039.6",881.1
180,180-15,"1,040.5",881.6
180,180-16,"1,040.5",881.6
180,180-17,"1,040.5",881.6
180,180-18,"1,040.5",881.6
180,180-19,"1,040.5",881.6
180,180-20,"1,040.5",881.6
180,180-21,"1,041",882.1
180,180-22,"1,041",882.1
180,180-23,"1,041",882.1
180,180-24,"1,041",882.1
180,180-25,"1,041",882.1
180,180-26,"1,041",882.1
180,180-27,"1,041",882.1
180,180-28,"1,041.5",882.6
180,180-29,"1,041.5",882.6
180,180-30,"1,041.5",882.6
181,181-1,"1,041.5",882.6
181,181-2,"1,041.5",882.6
181,181-3,"1,041.5",882.6
181,181-4,"1,041.5",882.6
181,181-5,"1,042",883.1
181,181-6,"1,042",883.1
181,181-7,"1,042",883.1
181,181-8,"1,042",883.1
181,181-9,"1,042",883.1
181,181-10,"1,042",883.1
181,181-11,"1,042.5",883.6
181,181-12,"1,042.5",883.6
181,181-13,"1,042.5",883.6
181,181-14,"1,042.5",883.6
181,181-15,"1,042.5",883.6
181,181-16,"1,042.5",883.6
181,181-17,"1,042.5",883.6
181,181-18,"1,043",884
181,181-19,"1,043",884
181,181-20,"1,043",884
181,181-21,"1,043",884
181,181-22,"1,043",884
181,181-23,"1,043",884
181,181-24,"1,043",884
181,181-25,"1,043.4",884.5
181,181-26,"1,043.4",884.5
181,181-27,"1,043.4",884.5
181,181-28,"1,043.4",884.5
181,181-29,"1,043.4",884.5
181,181-30,"1,043.4",884.5
182,182-1,"1,043.9",885
182,182-2,"1,043.9",885
182,182-3,"1,043.9",885
182,182-4,"1,043.9",885
182,182-5,"1,043.9",885
182,182-6,"1,043.9",885
182,182-7,"1,043.9",885
182,182-8,"1,044.4",885.5
182,182-9,"1,044.4",885.5
182,182-10,"1,044.4",885.5
182,182-11,"1,044.4",885.5
182,182-12,"1,044.4",885.5
182,182-13,"1,044.4",885.5
182,182-14,"1,044.4",885.5
182,182-15,"1,045.4",886
182,182-16,"1,045.4",886
182,182-17,"1,045.4",886
182,182-18,"1,045.4",886
182,182-19,"1,045.4",886
182,182-20,"1,045.4",886
182,182-21,"1,045.9",886.5
182,182-22,"1,045.9",886.5
182,182-23,"1,045.9",886.5
182,182-24,"1,045.9",886.5
182,182-25,"1,045.9",886.5
182,182-26,"1,045.9",886.5
182,182-27,"1,045.9",886.5
182,182-28,"1,046.3",886.9
182,182-29,"1,046.3",886.9
182,182-30,"1,046.3",886.9
183,183-1,"1,046.3",886.9
183,183-2,"1,046.3",886.9
183,183-3,"1,046.3",886.9
183,183-4,"1,046.3",886.9
183,183-5,"1,046.8",887.4
183,183-6,"1,046.8",887.4
183,183-7,"1,046.8",887.4
183,183-8,"1,046.8",887.4
183,183-9,"1,046.8",887.4
183,183-10,"1,046.8",887.4
183,183-11,"1,047.3",887.9
183,183-12,"1,047.3",887.9
183,183-13,"1,047.3",887.9
183,183-14,"1,047.3",887.9
183,183-15,"1,047.3",887.9
183,183-16,"1,047.3",887.9
183,183-17,"1,047.3",887.9
183,183-18,"1,048.3",888.4
183,183-19,"1,048.3",888.4
183,183-20,"1,048.3",888.4
183,183-21,"1,048.3",888.4
183,183-22,"1,048.3",888.4
183,183-23,"1,048.3",888.4
183,183-24,"1,048.3",888.4
183,183-25,"1,048.8",888.9
183,183-26,"1,048.8",888.9
183,183-27,"1,048.8",888.9
183,183-28,"1,048.8",888.9
183,183-29,"1,048.8",888.9
183,183-30,"1,048.8",888.9
184,184-1,"1,049.2",889.4
184,184-2,"1,049.2",889.4
184,184-3,"1,049.2",889.4
184,184-4,"1,049.2",889.4
184,184-5,"1,049.2",889.4
184,184-6,"1,049.2",889.4
184,184-7,"1,049.2",889.4
184,184-8,"1,050.2",889.8
184,184-9,"1,050.2",889.8
184,184-10,"1,050.2",889.8
184,184-11,"1,050.2",889.8
184,184-12,"1,050.2",889.8
184,184-13,"1,050.2",889.8
184,184-14,"1,050.2",889.8
184,184-15,"1,050.7",890.3
184,184-16,"1,050.7",890.3
184,184-17,"1,050.7",890.3
184,184-18,"1,050.7",890.3
184,184-19,"1,050.7",890.3
184,184-20,"1,050.7",890.3
184,184-21,"1,051.2",890.8
184,184-22,"1,051.2",890.8
184,184-23,"1,051.2",890.8
184,184-24,"1,051.2",890.8
184,184-25,"1,051.2",890.8
184,184-26,"1,051.2",890.8
184,184-27,"1,051.2",890.8
184,184-28,"1,051.6",891.3
184,184-29,"1,051.6",891.3
184,184-30,"1,051.6",891.3
185,185-1,"1,051.6",891.3
185,185-2,"1,051.6",891.3
185,185-3,"1,051.6",891.3
185,185-4,"1,051.6",891.3
185,185-5,"1,052.1",891.8
185,185-6,"1,052.1",891.8
185,185-7,"1,052.1",891.8
185,185-8,"1,052.1",891.8
185,185-9,"1,052.1",891.8
185,185-10,"1,052.1",891.8
185,185-11,"1,052.6",892.2
185,185-12,"1,052.6",892.2
185,185-13,"1,052.6",892.2
185,185-14,"1,052.6",892.2
185,185-15,"1,052.6",892.2
185,185-16,"1,052.6",892.2
185,185-17,"1,052.6",892.2
185,185-18,"1,053.1",892.7
185,185-19,"1,053.1",892.7
185,185-20,"1,053.1",892.7
185,185-21,"1,053.1",892.7
185,185-22,"1,053.1",892.7
185,185-23,"1,053.1",892.7
185,185-24,"1,053.1",892.7
185,185-25,"1,053.6",893.2
185,185-26,"1,053.6",893.2
185,185-27,"1,053.6",893.2
185,185-28,"1,053.6",893.2
185,185-29,"1,053.6",893.2
185,185-30,"1,053.6",893.2
186,186-1,"1,054",893.7
186,186-2,"1,054",893.7
186,186-3,"1,054",893.7
186,186-4,"1,054",893.7
186,186-5,"1,054",893.7
186,186-6,"1,054",893.7
186,186-7,"1,054",893.7
186,186-8,"1,054.5",894.1
186,186-9,"1,054.5",894.1
186,186-10,"1,054.5",894.1
186,186-11,"1,054.5",894.1
186,186-12,"1,054.5",894.1
186,186-13,"1,054.5",894.1
186,186-14,"1,054.5",894.1
186,186-15,"1,055.5",894.6
186,186-16,"1,055.5",894.6
186,186-17,"1,055.5",894.6
186,186-18,"1,055.5",894.6
186,186-19,"1,055.5",894.6
186,186-20,"1,055.5",894.6
186,186-21,"1,056.4",895.1
186,186-22,"1,056.4",895.1
186,186-23,"1,056.4",895.1
186,186-24,"1,056.4",895.1
186,186-25,"1,056.4",895.1
186,186-26,"1,056.4",895.1
186,186-27,"1,056.4",895.1
186,186-28,"1,056.9",895.6
186,186-29,"1,056.9",895.6
186,186-30,"1,056.9",895.6
187,187-1,"1,056.9",895.6
187,187-2,"1,056.9",895.6
187,187-3,"1,056.9",895.6
187,187-4,"1,056.9",895.6
187,187-5,"1,057.4",896.1
187,187-6,"1,057.4",896.1
187,187-7,"1,057.4",896.1
187,187-8,"1,057.4",896.1
187,187-9,"1,057.4",896.1
187,187-10,"1,057.4",896.1
187,187-11,"1,057.9",896.5
187,187-12,"1,057.9",896.5
187,187-13,"1,057.9",896.5
187,187-14,"1,057.9",896.5
187,187-15,"1,057.9",896.5
187,187-16,"1,057.9",896.5
187,187-17,"1,057.9",896.5
187,187-18,"1,058.3",897
187,187-19,"1,058.3",897
187,187-20,"1,058.3",897
187,187-21,"1,058.3",897
187,187-22,"1,058.3",897
187,187-23,"1,058.3",897
187,187-24,"1,058.3",897
187,187-25,"1,058.8",897.5
187,187-26,"1,058.8",897.5
187,187-27,"1,058.8",897.5
187,187-28,"1,058.8",897.5
187,187-29,"1,058.8",897.5
187,187-30,"1,058.8",897.5
188,188-1,"1,059.3",898
188,188-2,"1,059.3",898
188,188-3,"1,059.3",898
188,188-4,"1,059.3",898
188,188-5,"1,059.3",898
188,188-6,"1,059.3",898
188,188-7,"1,059.3",898
188,188-8,"1,059.8",898.4
188,188-9,"1,059.8",898.4
188,188-10,"1,059.8",898.4
188,188-11,"1,059.8",898.4
188,188-12,"1,059.8",898.4
188,188-13,"1,059.8",898.4
188,188-14,"1,059.8",898.4
188,188-15,"1,060.7",898.9
188,188-16,"1,060.7",898.9
188,188-17,"1,060.7",898.9
188,188-18,"1,060.7",898.9
188,188-19,"1,060.7",898.9
188,188-20,"1,060.7",898.9
188,188-21,"1,061.2",899.4
188,188-22,"1,061.2",899.4
188,188-23,"1,061.2",899.4
188,188-24,"1,061.2",899.4
188,188-25,"1,061.2",899.4
188,188-26,"1,061.2",899.4
188,188-27,"1,061.2",899.4
188,188-28,"1,061.7",899.9
188,188-29,"1,061.7",899.9
188,188-30,"1,061.7",899.9
189,189-1,"1,061.7",899.9
189,189-2,"1,061.7",899.9
189,189-3,"1,061.7",899.9
189,189-4,"1,061.7",899.9
189,189-5,"1,062.2",900.4
189,189-6,"1,062.2",900.4
189,189-7,"1,062.2",900.4
189,189-8,"1,062.2",900.4
189,189-9,"1,062.2",900.4
189,189-10,"1,062.2",900.4
189,189-11,"1,062.6",900.8
189,189-12,"1,062.6",900.8
189,189-13,"1,062.6",900.8
189,189-14,"1,062.6",900.8
189,189-15,"1,062.6",900.8
189,189-16,"1,062.6",900.8
189,189-17,"1,062.6",900.8
189,189-18,"1,063.1",901.3
189,189-19,"1,063.1",901.3
189,189-20,"1,063.1",901.3
189,189-21,"1,063.1",901.3
189,189-22,"1,063.1",901.3
189,189-23,"1,063.1",901.3
189,189-24,"1,063.1",901.3
189,189-25,"1,064.1",901.8
189,189-26,"1,064.1",901.8
189,189-27,"1,064.1",901.8
189,189-28,"1,064.1",901.8
189,189-29,"1,064.1",901.8
189,189-30,"1,064.1",901.8
190,190-1,"1,064.5",902.3
190,190-2,"1,064.5",902.3
190,190-3,"1,064.5",902.3
190,190-4,"1,064.5",902.3
190,190-5,"1,064.5",902.3
190,190-6,"1,064.5",902.3
190,190-7,"1,064.5",902.3
190,190-8,"1,065.5",902.7
190,190-9,"1,065.5",902.7
190,190-10,"1,065.5",902.7
190,190-11,"1,065.5",902.7
190,190-12,"1,065.5",902.7
190,190-13,"1,065.5",902.7
190,190-14,"1,065.5",902.7
190,190-15,"1,066",903.2
190,190-16,"1,066",903.2
190,190-17,"1,066",903.2
190,190-18,"1,066",903.2
190,190-19,"1,066",903.2
190,190-20,"1,066",903.2
190,190-21,"1,066.4",903.7
190,190-22,"1,066.4",903.7
190,190-23,"1,066.4",903.7
190,190-24,"1,066.4",903.7
190,190-25,"1,066.4",903.7
190,190-26,"1,066.4",903.7
190,190-27,"1,066.4",903.7
190,190-28,"1,066.9",904.1
190,190-29,"1,066.9",904.1
190,190-30,"1,066.9",904.1
191,191-1,"1,066.9",904.1
191,191-2,"1,066.9",904.1
191,191-3,"1,066.9",904.1
191,191-4,"1,066.9",904.1
191,191-5,"1,067.4",904.6
191,191-6,"1,067.4",904.6
191,191-7,"1,067.4",904.6
191,191-8,"1,067.4",904.6
191,191-9,"1,067.4",904.6
191,191-10,"1,067.4",904.6
191,191-11,"1,067.8",905.1
191,191-12,"1,067.8",905.1
191,191-13,"1,067.8",905.1
191,191-14,"1,067.8",905.1
191,191-15,"1,067.8",905.1
191,191-16,"1,067.8",905.1
191,191-17,"1,067.8",905.1
191,191-18,"1,068.3",905.6
191,191-19,"1,068.3",905.6
191,191-20,"1,068.3",905.6
191,191-21,"1,068.3",905.6
191,191-22,"1,068.3",905.6
191,191-23,"1,068.3",905.6
191,191-24,"1,068.3",905.6
191,191-25,"1,068.8",906
191,191-26,"1,068.8",906
191,191-27,"1,068.8",906
191,191-28,"1,068.8",906
191,191-29,"1,068.8",906
191,191-30,"1,068.8",906
192,192-1,"1,069.3",906.5
192,192-2,"1,069.3",906.5
192,192-3,"1,069.3",906.5
192,192-4,"1,069.3",906.5
192,192-5,"1,069.3",906.5
192,192-6,"1,069.3",906.5
192,192-7,"1,069.3",906.5
192,192-8,"1,069.7",907
192,192-9,"1,069.7",907
192,192-10,"1,069.7",907
192,192-11,"1,069.7",907
192,192-12,"1,069.7",907
192,192-13,"1,069.7",907
192,192-14,"1,069.7",907
192,192-15,"1,070.2",907.5
192,192-16,"1,070.2",907.5
192,192-17,"1,070.2",907.5
192,192-18,"1,070.2",907.5
192,192-19,"1,070.2",907.5
192,192-20,"1,070.2",907.5
192,192-21,"1,071.1",907.9
192,192-22,"1,071.1",907.9
192,192-23,"1,071.1",907.9
192,192-24,"1,071.1",907.9
192,192-25,"1,071.1",907.9
192,192-26,"1,071.1",907.9
192,192-27,"1,071.1",907.9
192,192-28,"1,071.6",908.4
192,192-29,"1,071.6",908.4
192,192-30,"1,071.6",908.4
193,193-1,"1,071.6",908.4
193,193-2,"1,071.6",908.4
193,193-3,"1,071.6",908.4
193,193-4,"1,071.6",908.4
193,193-5,"1,072.6",908.9
193,193-6,"1,072.6",908.9
193,193-7,"1,072.6",908.9
193,193-8,"1,072.6",908.9
193,193-9,"1,072.6",908.9
193,193-10,"1,072.6",908.9
193,193-11,"1,073",909.3
193,193-12,"1,073",909.3
193,193-13,"1,073",909.3
193,193-14,"1,073",909.3
193,193-15,"1,073",909.3
193,193-16,"1,073",909.3
193,193-17,"1,073",909.3
193,193-18,"1,073.5",909.8
193,193-19,"1,073.5",909.8
193,193-20,"1,073.5",909.8
193,193-21,"1,073.5",909.8
193,193-22,"1,073.5",909.8
193,193-23,"1,073.5",909.8
193,193-24,"1,073.5",909.8
193,193-25,"1,074",910.3
193,193-26,"1,074",910.3
193,193-27,"1,074",910.3
193,193-28,"1,074",910.3
193,193-29,"1,074",910.3
193,193-30,"1,074",910.3
194,194-1,"1,074.4",910.7
194,194-2,"1,074.4",910.7
194,194-3,"1,074.4",910.7
194,194-4,"1,074.4",910.7
194,194-5,"1,074.4",910.7
194,194-6,"1,074.4",910.7
194,194-7,"1,074.4",910.7
194,194-8,"1,075.4",911.2
194,194-9,"1,075.4",911.2
194,194-10,"1,075.4",911.2
194,194-11,"1,075.4",911.2
194,194-12,"1,075.4",911.2
194,194-13,"1,075.4",911.2
194,194-14,"1,075.4",911.2
194,194-15,"1,075.9",911.7
194,194-16,"1,075.9",911.7
194,194-17,"1,075.9",911.7
194,194-18,"1,075.9",911.7
194,194-19,"1,075.9",911.7
194,194-20,"1,075.9",911.7
194,194-21,"1,076.3",912.2
194,194-22,"1,076.3",912.2
194,194-23,"1,076.3",912.2
194,194-24,"1,076.3",912.2
194,194-25,"1,076.3",912.2
194,194-26,"1,076.3",912.2
194,194-27,"1,076.3",912.2
194,194-28,"1,076.8",912.6
194,194-29,"1,076.8",912.6
194,194-30,"1,076.8",912.6
195,195-1,"1,076.8",912.6
195,195-2,"1,076.8",912.6
195,195-3,"1,076.8",912.6
195,195-4,"1,076.8",912.6
195,195-5,"1,077.3",913.1
195,195-6,"1,077.3",913.1
195,195-7,"1,077.3",913.1
195,195-8,"1,077.3",913.1
195,195-9,"1,077.3",913.1
195,195-10,"1,077.3",913.1
195,195-11,"1,077.7",913.6
195,195-12,"1,077.7",913.6
195,195-13,"1,077.7",913.6
195,195-14,"1,077.7",913.6
195,195-15,"1,077.7",913.6
195,195-16,"1,077.7",913.6
195,195-17,"1,077.7",913.6
195,195-18,"1,078.2",914
195,195-19,"1,078.2",914
195,195-20,"1,078.2",914
195,195-21,"1,078.2",914
195,195-22,"1,078.2",914
195,195-23,"1,078.2",914
195,195-24,"1,078.2",914
195,195-25,"1,078.7",914.5
195,195-26,"1,078.7",914.5
195,195-27,"1,078.7",914.5
195,195-28,"1,078.7",914.5
195,195-29,"1,078.7",914.5
195,195-30,"1,078.7",914.5
196,196-1,"1,079.1",915
196,196-2,"1,079.1",915
196,196-3,"1,079.1",915
196,196-4,"1,079.1",915
196,196-5,"1,079.1",915
196,196-6,"1,079.1",915
196,196-7,"1,079.1",915
196,196-8,"1,080.1",915.4
196,196-9,"1,080.1",915.4
196,196-10,"1,080.1",915.4
196,196-11,"1,080.1",915.4
196,196-12,"1,080.1",915.4
196,196-13,"1,080.1",915.4
196,196-14,"1,080.1",915.4
196,196-15,"1,080.5",915.9
196,196-16,"1,080.5",915.9
196,196-17,"1,080.5",915.9
196,196-18,"1,080.5",915.9
196,196-19,"1,080.5",915.9
196,196-20,"1,080.5",915.9
196,196-21,"1,081.5",916.4
196,196-22,"1,081.5",916.4
196,196-23,"1,081.5",916.4
196,196-24,"1,081.5",916.4
196,196-25,"1,081.5",916.4
196,196-26,"1,081.5",916.4
196,196-27,"1,081.5",916.4
196,196-28,"1,081.9",916.8
196,196-29,"1,081.9",916.8
196,196-30,"1,081.9",916.8
197,197-1,"1,081.9",916.8
197,197-2,"1,081.9",916.8
197,197-3,"1,081.9",916.8
197,197-4,"1,081.9",916.8
197,197-5,"1,082.4",917.3
197,197-6,"1,082.4",917.3
197,197-7,"1,082.4",917.3
197,197-8,"1,082.4",917.3
197,197-9,"1,082.4",917.3
197,197-10,"1,082.4",917.3
197,197-11,"1,082.9",917.8
197,197-12,"1,082.9",917.8
197,197-13,"1,082.9",917.8
197,197-14,"1,082.9",917.8
197,197-15,"1,082.9",917.8
197,197-16,"1,082.9",917.8
197,197-17,"1,082.9",917.8
197,197-18,"1,083.3",918.2
197,197-19,"1,083.3",918.2
197,197-20,"1,083.3",918.2
197,197-21,"1,083.3",918.2
197,197-22,"1,083.3",918.2
197,197-23,"1,083.3",918.2
197,197-24,"1,083.3",918.2
197,197-25,"1,083.8",918.7
197,197-26,"1,083.8",918.7
197,197-27,"1,083.8",918.7
197,197-28,"1,083.8",918.7
197,197-29,"1,083.8",918.7
197,197-30,"1,083.8",918.7
198,198-1,"1,084.3",919.2
198,198-2,"1,084.3",919.2
198,198-3,"1,084.3",919.2
198,198-4,"1,084.3",919.2
198,198-5,"1,084.3",919.2
198,198-6,"1,084.3",919.2
198,198-7,"1,084.3",919.2
198,198-8,"1,085.2",919.6
198,198-9,"1,085.2",919.6
198,198-10,"1,085.2",919.6
198,198-11,"1,085.2",919.6
198,198-12,"1,085.2",919.6
198,198-13,"1,085.2",919.6
198,198-14,"1,085.2",919.6
198,198-15,"1,085.7",920.1
198,198-16,"1,085.7",920.1
198,198-17,"1,085.7",920.1
198,198-18,"1,085.7",920.1
198,198-19,"1,085.7",920.1
198,198-20,"1,085.7",920.1
198,198-21,"1,086.1",920.6
198,198-22,"1,086.1",920.6
198,198-23,"1,086.1",920.6
198,198-24,"1,086.1",920.6
198,198-25,"1,086.1",920.6
198,198-26,"1,086.1",920.6
198,198-27,"1,086.1",920.6
198,198-28,"1,086.6",921
198,198-29,"1,086.6",921
198,198-30,"1,086.6",921
199,199-1,"1,086.6",921
199,199-2,"1,086.6",921
199,199-3,"1,086.6",921
199,199-4,"1,086.6",921
199,199-5,"1,087.1",921.5
199,199-6,"1,087.1",921.5
199,199-7,"1,087.1",921.5
199,199-8,"1,087.1",921.5
199,199-9,"1,087.1",921.5
199,199-10,"1,087.1",921.5
199,199-11,"1,088",922
199,199-12,"1,088",922
199,199-13,"1,088",922
199,199-14,"1,088",922
199,199-15,"1,088",922
199,199-16,"1,088",922
199,199-17,"1,088",922
199,199-18,"1,088.5",922.4
199,199-19,"1,088.5",922.4
199,199-20,"1,088.5",922.4
199,199-21,"1,088.5",922.4
199,199-22,"1,088.5",922.4
199,199-23,"1,088.5",922.4
199,199-24,"1,088.5",922.4
199,199-25,"1,088.9",922.9
199,199-26,"1,088.9",922.9
199,199-27,"1,088.9",922.9
199,199-28,"1,088.9",922.9
199,199-29,"1,088.9",922.9
199,199-30,"1,088.9",922.9
200,200-1,"1,089.4",923.4
200,200-2,"1,089.4",923.4
200,200-3,"1,089.4",923.4
200,200-4,"1,089.4",923.4
200,200-5,"1,089.4",923.4
200,200-6,"1,089.4",923.4
200,200-7,"1,089.4",923.4
200,200-8,"1,089.8",923.8
200,200-9,"1,089.8",923.8
200,200-10,"1,089.8",923.8
200,200-11,"1,089.8",923.8
200,200-12,"1,089.8",923.8
200,200-13,"1,089.8",923.8
200,200-14,"1,089.8",923.8
200,200-15,"1,090.3",924.3
200,200-16,"1,090.3",924.3
200,200-17,"1,090.3",924.3
200,200-18,"1,090.3",924.3
200,200-19,"1,090.3",924.3
200,200-20,"1,090.3",924.3
200,200-21,"1,090.8",924.7
200,200-22,"1,090.8",924.7
200,200-23,"1,090.8",924.7
200,200-24,"1,090.8",924.7
200,200-25,"1,090.8",924.7
200,200-26,"1,090.8",924.7
200,200-27,"1,090.8",924.7
200,200-28,"1,091.7",925.2
200,200-29,"1,091.7",925.2
200,200-30,"1,091.7",925.2
201,201-1,"1,091.7",925.2
201,201-2,"1,091.7",925.2
201,201-3,"1,091.7",925.2
201,201-4,"1,091.7",925.2
201,201-5,"1,092.2",925.7
201,201-6,"1,092.2",925.7
201,201-7,"1,092.2",925.7
201,201-8,"1,092.2",925.7
201,201-9,"1,092.2",925.7
201,201-10,"1,092.2",925.7
201,201-11,"1,092.6",926.1
201,201-12,"1,092.6",926.1
201,201-13,"1,092.6",926.1
201,201-14,"1,092.6",926.1
201,201-15,"1,092.6",926.1
201,201-16,"1,092.6",926.1
201,201-17,"1,092.6",926.1
201,201-18,"1,093.1",926.6
201,201-19,"1,093.1",926.6
201,201-20,"1,093.1",926.6
201,201-21,"1,093.1",926.6
201,201-22,"1,093.1",926.6
201,201-23,"1,093.1",926.6
201,201-24,"1,093.1",926.6
201,201-25,"1,093.5",927.1
201,201-26,"1,093.5",927.1
201,201-27,"1,093.5",927.1
201,201-28,"1,093.5",927.1
201,201-29,"1,093.5",927.1
201,201-30,"1,093.5",927.1
202,202-1,"1,094",927.5
202,202-2,"1,094",927.5
202,202-3,"1,094",927.5
202,202-4,"1,094",927.5
202,202-5,"1,094",927.5
202,202-6,"1,094",927.5
202,202-7,"1,094",927.5
202,202-8,"1,094.9",928
202,202-9,"1,094.9",928
202,202-10,"1,094.9",928
202,202-11,"1,094.9",928
202,202-12,"1,094.9",928
202,202-13,"1,094.9",928
202,202-14,"1,094.9",928
202,202-15,"1,095.4",928.4
202,202-16,"1,095.4",928.4
202,202-17,"1,095.4",928.4
202,202-18,"1,095.4",928.4
202,202-19,"1,095.4",928.4
202,202-20,"1,095.4",928.4
202,202-21,"1,096.3",928.9
202,202-22,"1,096.3",928.9
202,202-23,"1,096.3",928.9
202,202-24,"1,096.3",928.9
202,202-25,"1,096.3",928.9
202,202-26,"1,096.3",928.9
202,202-27,"1,096.3",928.9
202,202-28,"1,096.8",929.4
202,202-29,"1,096.8",929.4
202,202-30,"1,096.8",929.4
203,203-1,"1,096.8",929.4
203,203-2,"1,096.8",929.4
203,203-3,"1,096.8",929.4
203,203-4,"1,096.8",929.4
203,203-5,"1,097.2",929.8
203,203-6,"1,097.2",929.8
203,203-7,"1,097.2",929.8
203,203-8,"1,097.2",929.8
203,203-9,"1,097.2",929.8
203,203-10,"1,097.2",929.8
203,203-11,"1,097.7",930.3
203,203-12,"1,097.7",930.3
203,203-13,"1,097.7",930.3
203,203-14,"1,097.7",930.3
203,203-15,"1,097.7",930.3
203,203-16,"1,097.7",930.3
203,203-17,"1,097.7",930.3
203,203-18,"1,098.2",930.7
203,203-19,"1,098.2",930.7
203,203-20,"1,098.2",930.7
203,203-21,"1,098.2",930.7
203,203-22,"1,098.2",930.7
203,203-23,"1,098.2",930.7
203,203-24,"1,098.2",930.7
203,203-25,"1,098.6",931.2
203,203-26,"1,098.6",931.2
203,203-27,"1,098.6",931.2
203,203-28,"1,098.6",931.2
203,203-29,"1,098.6",931.2
203,203-30,"1,098.6",931.2
204,204-1,"1,099.1",931.7
204,204-2,"1,099.1",931.7
204,204-3,"1,099.1",931.7
204,204-4,"1,099.1",931.7
204,204-5,"1,099.1",931.7
204,204-6,"1,099.1",931.7
204,204-7,"1,099.1",931.7
204,204-8,"1,099.5",932.1
204,204-9,"1,099.5",932.1
204,204-10,"1,099.5",932.1
204,204-11,"1,099.5",932.1
204,204-12,"1,099.5",932.1
204,204-13,"1,099.5",932.1
204,204-14,"1,099.5",932.1
204,204-15,"1,100",932.6
204,204-16,"1,100",932.6
204,204-17,"1,100",932.6
204,204-18,"1,100",932.6
204,204-19,"1,100",932.6
204,204-20,"1,100",932.6
204,204-21,"1,100.4",933
204,204-22,"1,100.4",933
204,204-23,"1,100.4",933
204,204-24,"1,100.4",933
204,204-25,"1,100.4",933
204,204-26,"1,100.4",933
204,204-27,"1,100.4",933
204,204-28,"1,100.9",933.5
204,204-29,"1,100.9",933.5
204,204-30,"1,100.9",933.5
205,205-1,"1,100.9",933.5
205,205-2,"1,100.9",933.5
205,205-3,"1,100.9",933.5
205,205-4,"1,100.9",933.5
205,205-5,"1,101.8",934
205,205-6,"1,101.8",934
205,205-7,"1,101.8",934
205,205-8,"1,101.8",934
205,205-9,"1,101.8",934
205,205-10,"1,101.8",934
205,205-11,"1,102.3",934.4
205,205-12,"1,102.3",934.4
205,205-13,"1,102.3",934.4
205,205-14,"1,102.3",934.4
205,205-15,"1,102.3",934.4
205,205-16,"1,102.3",934.4
205,205-17,"1,102.3",934.4
205,205-18,"1,102.7",934.9
205,205-19,"1,102.7",934.9
205,205-20,"1,102.7",934.9
205,205-21,"1,102.7",934.9
205,205-22,"1,102.7",934.9
205,205-23,"1,102.7",934.9
205,205-24,"1,102.7",934.9
205,205-25,"1,103.7",935.3
205,205-26,"1,103.7",935.3
205,205-27,"1,103.7",935.3
205,205-28,"1,103.7",935.3
205,205-29,"1,103.7",935.3
205,205-30,"1,103.7",935.3
206,206-1,"1,104.6",935.8
206,206-2,"1,104.6",935.8
206,206-3,"1,104.6",935.8
206,206-4,"1,104.6",935.8
206,206-5,"1,104.6",935.8
206,206-6,"1,104.6",935.8
206,206-7,"1,104.6",935.8
206,206-8,"1,105",936.2
206,206-9,"1,105",936.2
206,206-10,"1,105",936.2
206,206-11,"1,105",936.2
206,206-12,"1,105",936.2
206,206-13,"1,105",936.2
206,206-14,"1,105",936.2
206,206-15,"1,105.5",936.7
206,206-16,"1,105.5",936.7
206,206-17,"1,105.5",936.7
206,206-18,"1,105.5",936.7
206,206-19,"1,105.5",936.7
206,206-20,"1,105.5",936.7
206,206-21,"1,105.9",937.2
206,206-22,"1,105.9",937.2
206,206-23,"1,105.9",937.2
206,206-24,"1,105.9",937.2
206,206-25,"1,105.9",937.2
206,206-26,"1,105.9",937.2
206,206-27,"1,105.9",937.2
206,206-28,"1,106.4",937.6
206,206-29,"1,106.4",937.6
206,206-30,"1,106.4",937.6
207,207-1,"1,106.4",937.6
207,207-2,"1,106.4",937.6
207,207-3,"1,106.4",937.6
207,207-4,"1,106.4",937.6
207,207-5,"1,106.9",938.1
207,207-6,"1,106.9",938.1
207,207-7,"1,106.9",938.1
207,207-8,"1,106.9",938.1
207,207-9,"1,106.9",938.1
207,207-10,"1,106.9",938.1
207,207-11,"1,107.3",938.5
207,207-12,"1,107.3",938.5
207,207-13,"1,107.3",938.5
207,207-14,"1,107.3",938.5
207,207-15,"1,107.3",938.5
207,207-16,"1,107.3",938.5
207,207-17,"1,107.3",938.5
207,207-18,"1,107.8",939
207,207-19,"1,107.8",939
207,207-20,"1,107.8",939
207,207-21,"1,107.8",939
207,207-22,"1,107.8",939
207,207-23,"1,107.8",939
207,207-24,"1,107.8",939
207,207-25,"1,108.2",939.4
207,207-26,"1,108.2",939.4
207,207-27,"1,108.2",939.4
207,207-28,"1,108.2",939.4
207,207-29,"1,108.2",939.4
207,207-30,"1,108.2",939.4
208,208-1,"1,108.7",939.9
208,208-2,"1,108.7",939.9
208,208-3,"1,108.7",939.9
208,208-4,"1,108.7",939.9
208,208-5,"1,108.7",939.9
208,208-6,"1,108.7",939.9
208,208-7,"1,108.7",939.9
208,208-8,"1,109.1",940.3
208,208-9,"1,109.1",940.3
208,208-10,"1,109.1",940.3
208,208-11,"1,109.1",940.3
208,208-12,"1,109.1",940.3
208,208-13,"1,109.1",940.3
208,208-14,"1,109.1",940.3
208,208-15,"1,109.6",940.8
208,208-16,"1,109.6",940.8
208,208-17,"1,109.6",940.8
208,208-18,"1,109.6",940.8
208,208-19,"1,109.6",940.8
208,208-20,"1,109.6",940.8
208,208-21,"1,110",941.3
208,208-22,"1,110",941.3
208,208-23,"1,110",941.3
208,208-24,"1,110",941.3
208,208-25,"1,110",941.3
208,208-26,"1,110",941.3
208,208-27,"1,110",941.3
208,208-28,"1,111",941.7
208,208-29,"1,111",941.7
208,208-30,"1,111",941.7
209,209-1,"1,111",941.7
209,209-2,"1,111",941.7
209,209-3,"1,111",941.7
209,209-4,"1,111",941.7
209,209-5,"1,111.9",942.2
209,209-6,"1,111.9",942.2
209,209-7,"1,111.9",942.2
209,209-8,"1,111.9",942.2
209,209-9,"1,111.9",942.2
209,209-10,"1,111.9",942.2
209,209-11,"1,112.3",942.6
209,209-12,"1,112.3",942.6
209,209-13,"1,112.3",942.6
209,209-14,"1,112.3",942.6
209,209-15,"1,112.3",942.6
209,209-16,"1,112.3",942.6
209,209-17,"1,112.3",942.6
209,209-18,"1,112.8",943.1
209,209-19,"1,112.8",943.1
209,209-20,"1,112.8",943.1
209,209-21,"1,112.8",943.1
209,209-22,"1,112.8",943.1
209,209-23,"1,112.8",943.1
209,209-24,"1,112.8",943.1
209,209-25,"1,113.2",943.5
209,209-26,"1,113.2",943.5
209,209-27,"1,113.2",943.5
209,209-28,"1,113.2",943.5
209,209-29,"1,113.2",943.5
209,209-30,"1,113.2",943.5
210,210-1,"1,114.1",944
210,210-2,"1,114.1",944
210,210-3,"1,114.1",944
210,210-4,"1,114.1",944
210,210-5,"1,114.1",944
210,210-6,"1,114.1",944
210,210-7,"1,114.1",944
210,210-8,"1,114.6",944.4
210,210-9,"1,114.6",944.4
210,210-10,"1,114.6",944.4
210,210-11,"1,114.6",944.4
210,210-12,"1,114.6",944.4
210,210-13,"1,114.6",944.4
210,210-14,"1,114.6",944.4
210,210-15,"1,115",944.9
210,210-16,"1,115",944.9
210,210-17,"1,115",944.9
210,210-18,"1,115",944.9
210,210-19,"1,115",944.9
210,210-20,"1,115",944.9
210,210-21,"1,115.5",945.3
210,210-22,"1,115.5",945.3
210,210-23,"1,115.5",945.3
210,210-24,"1,115.5",945.3
210,210-25,"1,115.5",945.3
210,210-26,"1,115.5",945.3
210,210-27,"1,115.5",945.3
210,210-28,"1,115.9",945.8
210,210-29,"1,115.9",945.8
210,210-30,"1,115.9",945.8
211,211-1,"1,115.9",945.8
211,211-2,"1,115.9",945.8
211,211-3,"1,115.9",945.8
211,211-4,"1,115.9",945.8
211,211-5,"1,116.4",946.2
211,211-6,"1,116.4",946.2
211,211-7,"1,116.4",946.2
211,211-8,"1,116.4",946.2
211,211-9,"1,116.4",946.2
211,211-10,"1,116.4",946.2
211,211-11,"1,116.8",946.7
211,211-12,"1,116.8",946.7
211,211-13,"1,116.8",946.7
211,211-14,"1,116.8",946.7
211,211-15,"1,116.8",946.7
211,211-16,"1,116.8",946.7
211,211-17,"1,116.8",946.7
211,211-18,"1,117.3",947.1
211,211-19,"1,117.3",947.1
211,211-20,"1,117.3",947.1
211,211-21,"1,117.3",947.1
211,211-22,"1,117.3",947.1
211,211-23,"1,117.3",947.1
211,211-24,"1,117.3",947.1
211,211-25,"1,117.8",947.6
211,211-26,"1,117.8",947.6
211,211-27,"1,117.8",947.6
211,211-28,"1,117.8",947.6
211,211-29,"1,117.8",947.6
211,211-30,"1,117.8",947.6
212,212-1,"1,118.7",948.1
212,212-2,"1,118.7",948.1
212,212-3,"1,118.7",948.1
212,212-4,"1,118.7",948.1
212,212-5,"1,118.7",948.1
212,212-6,"1,118.7",948.1
212,212-7,"1,118.7",948.1
212,212-8,"1,119.1",948.5
212,212-9,"1,119.1",948.5
212,212-10,"1,119.1",948.5
212,212-11,"1,119.1",948.5
212,212-12,"1,119.1",948.5
212,212-13,"1,119.1",948.5
212,212-14,"1,119.1",948.5
212,212-15,"1,119.6",949
212,212-16,"1,119.6",949
212,212-17,"1,119.6",949
212,212-18,"1,119.6",949
212,212-19,"1,119.6",949
212,212-20,"1,119.6",949
212,212-21,"1,120",949.4
212,212-22,"1,120",949.4
212,212-23,"1,120",949.4
212,212-24,"1,120",949.4
212,212-25,"1,120",949.4
212,212-26,"1,120",949.4
212,212-27,"1,120",949.4
212,212-28,"1,120.5",949.9
212,212-29,"1,120.5",949.9
212,212-30,"1,120.5",949.9
213,213-1,"1,120.5",949.9
213,213-2,"1,120.5",949.9
213,213-3,"1,120.5",949.9
213,213-4,"1,120.5",949.9
213,213-5,"1,120.9",950.3
213,213-6,"1,120.9",950.3
213,213-7,"1,120.9",950.3
213,213-8,"1,120.9",950.3
213,213-9,"1,120.9",950.3
213,213-10,"1,120.9",950.3
213,213-11,"1,121.8",950.8
213,213-12,"1,121.8",950.8
213,213-13,"1,121.8",950.8
213,213-14,"1,121.8",950.8
213,213-15,"1,121.8",950.8
213,213-16,"1,121.8",950.8
213,213-17,"1,121.8",950.8
213,213-18,"1,122.3",951.2
213,213-19,"1,122.3",951.2
213,213-20,"1,122.3",951.2
213,213-21,"1,122.3",951.2
213,213-22,"1,122.3",951.2
213,213-23,"1,122.3",951.2
213,213-24,"1,122.3",951.2
213,213-25,"1,122.7",951.7
213,213-26,"1,122.7",951.7
213,213-27,"1,122.7",951.7
213,213-28,"1,122.7",951.7
213,213-29,"1,122.7",951.7
213,213-30,"1,122.7",951.7
214,214-1,"1,123.6",952.1
214,214-2,"1,123.6",952.1
214,214-3,"1,123.6",952.1
214,214-4,"1,123.6",952.1
214,214-5,"1,123.6",952.1
214,214-6,"1,123.6",952.1
214,214-7,"1,123.6",952.1
214,214-8,"1,124.1",952.6
214,214-9,"1,124.1",952.6
214,214-10,"1,124.1",952.6
214,214-11,"1,124.1",952.6
214,214-12,"1,124.1",952.6
214,214-13,"1,124.1",952.6
214,214-14,"1,124.1",952.6
214,214-15,"1,124.5",953
214,214-16,"1,124.5",953
214,214-17,"1,124.5",953
214,214-18,"1,124.5",953
214,214-19,"1,124.5",953
214,214-20,"1,124.5",953
214,214-21,"1,125",953.5
214,214-22,"1,125",953.5
214,214-23,"1,125",953.5
214,214-24,"1,125",953.5
214,214-25,"1,125",953.5
214,214-26,"1,125",953.5
214,214-27,"1,125",953.5
214,214-28,"1,125.4",953.9
214,214-29,"1,125.4",953.9
214,214-30,"1,125.4",953.9
215,215-1,"1,125.4",953.9
215,215-2,"1,125.4",953.9
215,215-3,"1,125.4",953.9
215,215-4,"1,125.4",953.9
215,215-5,"1,125.9",954.4
215,215-6,"1,125.9",954.4
215,215-7,"1,125.9",954.4
215,215-8,"1,125.9",954.4
215,215-9,"1,125.9",954.4
215,215-10,"1,125.9",954.4
215,215-11,"1,126.8",954.8
215,215-12,"1,126.8",954.8
215,215-13,"1,126.8",954.8
215,215-14,"1,126.8",954.8
215,215-15,"1,126.8",954.8
215,215-16,"1,126.8",954.8
215,215-17,"1,126.8",954.8
215,215-18,"1,127.2",955.2
215,215-19,"1,127.2",955.2
215,215-20,"1,127.2",955.2
215,215-21,"1,127.2",955.2
215,215-22,"1,127.2",955.2
215,215-23,"1,127.2",955.2
215,215-24,"1,127.2",955.2
215,215-25,"1,127.6",955.7
215,215-26,"1,127.6",955.7
215,215-27,"1,127.6",955.7
215,215-28,"1,127.6",955.7
215,215-29,"1,127.6",955.7
215,215-30,"1,127.6",955.7
216,216-1,"1,128.1",956.1
216,216-2,"1,128.1",956.1
216,216-3,"1,128.1",956.1
216,216-4,"1,128.1",956.1
216,216-5,"1,128.1",956.1
216,216-6,"1,128.1",956.1
216,216-7,"1,128.1",956.1
216,216-8,"1,128.5",956.6
216,216-9,"1,128.5",956.6
216,216-10,"1,128.5",956.6
216,216-11,"1,128.5",956.6
216,216-12,"1,128.5",956.6
216,216-13,"1,128.5",956.6
216,216-14,"1,128.5",956.6
216,216-15,"1,129",957
216,216-16,"1,129",957
216,216-17,"1,129",957
216,216-18,"1,129",957
216,216-19,"1,129",957
216,216-20,"1,129",957
216,216-21,"1,129.4",957.5
216,216-22,"1,129.4",957.5
216,216-23,"1,129.4",957.5
216,216-24,"1,129.4",957.5
216,216-25,"1,129.4",957.5
216,216-26,"1,129.4",957.5
216,216-27,"1,129.4",957.5
216,216-28,"1,129.9",957.9
216,216-29,"1,129.9",957.9
216,216-30,"1,129.9",957.9
217,217-1,"1,129.9",957.9
217,217-2,"1,129.9",957.9
217,217-3,"1,129.9",957.9
217,217-4,"1,129.9",957.9
217,217-5,"1,130.3",958.4
217,217-6,"1,130.3",958.4
217,217-7,"1,130.3",958.4
217,217-8,"1,130.3",958.4
217,217-9,"1,130.3",958.4
217,217-10,"1,130.3",958.4
217,217-11,"1,130.8",958.8
217,217-12,"1,130.8",958.8
217,217-13,"1,130.8",958.8
217,217-14,"1,130.8",958.8
217,217-15,"1,130.8",958.8
217,217-16,"1,130.8",958.8
217,217-17,"1,130.8",958.8
217,217-18,"1,131.7",959.3
217,217-19,"1,131.7",959.3
217,217-20,"1,131.7",959.3
217,217-21,"1,131.7",959.3
217,217-22,"1,131.7",959.3
217,217-23,"1,131.7",959.3
217,217-24,"1,131.7",959.3
217,217-25,"1,132.1",959.7
217,217-26,"1,132.1",959.7
217,217-27,"1,132.1",959.7
217,217-28,"1,132.1",959.7
217,217-29,"1,132.1",959.7
217,217-30,"1,132.1",959.7
218,218-1,"1,133",960.2
218,218-2,"1,133",960.2
218,218-3,"1,133",960.2
218,218-4,"1,133",960.2
218,218-5,"1,133",960.2
218,218-6,"1,133",960.2
218,218-7,"1,133",960.2
218,218-8,"1,133.5",960.6
218,218-9,"1,133.5",960.6
218,218-10,"1,133.5",960.6
218,218-11,"1,133.5",960.6
218,218-12,"1,133.5",960.6
218,218-13,"1,133.5",960.6
218,218-14,"1,133.5",960.6
218,218-15,"1,134.3",961.1
218,218-16,"1,134.3",961.1
218,218-17,"1,134.3",961.1
218,218-18,"1,134.3",961.1
218,218-19,"1,134.3",961.1
218,218-20,"1,134.3",961.1
218,218-21,"1,134.8",961.5
218,218-22,"1,134.8",961.5
218,218-23,"1,134.8",961.5
218,218-24,"1,134.8",961.5
218,218-25,"1,134.8",961.5
218,218-26,"1,134.8",961.5
218,218-27,"1,134.8",961.5
218,218-28,"1,135.2",961.9
218,218-29,"1,135.2",961.9
218,218-30,"1,135.2",961.9
219,219-1,"1,135.2",961.9
219,219-2,"1,135.2",961.9
219,219-3,"1,135.2",961.9
219,219-4,"1,135.2",961.9
219,219-5,"1,135.7",962.4
219,219-6,"1,135.7",962.4
219,219-7,"1,135.7",962.4
219,219-8,"1,135.7",962.4
219,219-9,"1,135.7",962.4
219,219-10,"1,135.7",962.4
219,219-11,"1,136.1",962.8
219,219-12,"1,136.1",962.8
219,219-13,"1,136.1",962.8
219,219-14,"1,136.1",962.8
219,219-15,"1,136.1",962.8
219,219-16,"1,136.1",962.8
219,219-17,"1,136.1",962.8
219,219-18,"1,136.6",963.3
219,219-19,"1,136.6",963.3
219,219-20,"1,136.6",963.3
219,219-21,"1,136.6",963.3
219,219-22,"1,136.6",963.3
219,219-23,"1,136.6",963.3
219,219-24,"1,136.6",963.3
219,219-25,"1,137",963.7
219,219-26,"1,137",963.7
219,219-27,"1,137",963.7
219,219-28,"1,137",963.7
219,219-29,"1,137",963.7
219,219-30,"1,137",963.7
220,220-1,"1,137.5",964.2
220,220-2,"1,137.5",964.2
220,220-3,"1,137.5",964.2
220,220-4,"1,137.5",964.2
220,220-5,"1,137.5",964.2
220,220-6,"1,137.5",964.2
220,220-7,"1,137.5",964.2
220,220-8,"1,137.9",964.6
220,220-9,"1,137.9",964.6
220,220-10,"1,137.9",964.6
220,220-11,"1,137.9",964.6
220,220-12,"1,137.9",964.6
220,220-13,"1,137.9",964.6
220,220-14,"1,137.9",964.6
220,220-15,"1,138.3",965.1
220,220-16,"1,138.3",965.1
220,220-17,"1,138.3",965.1
220,220-18,"1,138.3",965.1
220,220-19,"1,138.3",965.1
220,220-20,"1,138.3",965.1
220,220-21,"1,138.8",965.5
220,220-22,"1,138.8",965.5
220,220-23,"1,138.8",965.5
220,220-24,"1,138.8",965.5
220,220-25,"1,138.8",965.5
220,220-26,"1,138.8",965.5
220,220-27,"1,138.8",965.5
220,220-28,"1,139.2",965.9
220,220-29,"1,139.2",965.9
220,220-30,"1,139.2",965.9
221,221-1,"1,139.2",965.9
221,221-2,"1,139.2",965.9
221,221-3,"1,139.2",965.9
221,221-4,"1,139.2",965.9
221,221-5,"1,139.7",966.4
221,221-6,"1,139.7",966.4
221,221-7,"1,139.7",966.4
221,221-8,"1,139.7",966.4
221,221-9,"1,139.7",966.4
221,221-10,"1,139.7",966.4
221,221-11,"1,140.1",966.8
221,221-12,"1,140.1",966.8
221,221-13,"1,140.1",966.8
221,221-14,"1,140.1",966.8
221,221-15,"1,140.1",966.8
221,221-16,"1,140.1",966.8
221,221-17,"1,140.1",966.8
221,221-18,"1,141.4",967.3
221,221-19,"1,141.4",967.3
221,221-20,"1,141.4",967.3
221,221-21,"1,141.4",967.3
221,221-22,"1,141.4",967.3
221,221-23,"1,141.4",967.3
221,221-24,"1,141.4",967.3
221,221-25,"1,142.3",967.7
221,221-26,"1,142.3",967.7
221,221-27,"1,142.3",967.7
221,221-28,"1,142.3",967.7
221,221-29,"1,142.3",967.7
221,221-30,"1,142.3",967.7
222,222-1,"1,142.8",968.2
222,222-2,"1,142.8",968.2
222,222-3,"1,142.8",968.2
222,222-4,"1,142.8",968.2
222,222-5,"1,142.8",968.2
222,222-6,"1,142.8",968.2
222,222-7,"1,142.8",968.2
222,222-8,"1,143.2",968.6
222,222-9,"1,143.2",968.6
222,222-10,"1,143.2",968.6
222,222-11,"1,143.2",968.6
222,222-12,"1,143.2",968.6
222,222-13,"1,143.2",968.6
222,222-14,"1,143.2",968.6
222,222-15,"1,143.7",969
222,222-16,"1,143.7",969
222,222-17,"1,143.7",969
222,222-18,"1,143.7",969
222,222-19,"1,143.7",969
222,222-20,"1,143.7",969
222,222-21,"1,144.1",969.5
222,222-22,"1,144.1",969.5
222,222-23,"1,144.1",969.5
222,222-24,"1,144.1",969.5
222,222-25,"1,144.1",969.5
222,222-26,"1,144.1",969.5
222,222-27,"1,144.1",969.5
222,222-28,"1,144.5",969.9
222,222-29,"1,144.5",969.9
222,222-30,"1,144.5",969.9
223,223-1,"1,144.5",969.9
223,223-2,"1,144.5",969.9
223,223-3,"1,144.5",969.9
223,223-4,"1,144.5",969.9
223,223-5,"1,145",970.4
223,223-6,"1,145",970.4
223,223-7,"1,145",970.4
223,223-8,"1,145",970.4
223,223-9,"1,145",970.4
223,223-10,"1,145",970.4
223,223-11,"1,145.4",970.8
223,223-12,"1,145.4",970.8
223,223-13,"1,145.4",970.8
223,223-14,"1,145.4",970.8
223,223-15,"1,145.4",970.8
223,223-16,"1,145.4",970.8
223,223-17,"1,145.4",970.8
223,223-18,"1,145.9",971.2
223,223-19,"1,145.9",971.2
223,223-20,"1,145.9",971.2
223,223-21,"1,145.9",971.2
223,223-22,"1,145.9",971.2
223,223-23,"1,145.9",971.2
223,223-24,"1,145.9",971.2
223,223-25,"1,146.3",971.7
223,223-26,"1,146.3",971.7
223,223-27,"1,146.3",971.7
223,223-28,"1,146.3",971.7
223,223-29,"1,146.3",971.7
223,223-30,"1,146.3",971.7
224,224-1,"1,146.7",972.1
224,224-2,"1,146.7",972.1
224,224-3,"1,146.7",972.1
224,224-4,"1,146.7",972.1
224,224-5,"1,146.7",972.1
224,224-6,"1,146.7",972.1
224,224-7,"1,146.7",972.1
224,224-8,"1,147.2",972.6
224,224-9,"1,147.2",972.6
224,224-10,"1,147.2",972.6
224,224-11,"1,147.2",972.6
224,224-12,"1,147.2",972.6
224,224-13,"1,147.2",972.6
224,224-14,"1,147.2",972.6
224,224-15,"1,147.6",973
224,224-16,"1,147.6",973
224,224-17,"1,147.6",973
224,224-18,"1,147.6",973
224,224-19,"1,147.6",973
224,224-20,"1,147.6",973
224,224-21,"1,148.1",973.4
224,224-22,"1,148.1",973.4
224,224-23,"1,148.1",973.4
224,224-24,"1,148.1",973.4
224,224-25,"1,148.1",973.4
224,224-26,"1,148.1",973.4
224,224-27,"1,148.1",973.4
224,224-28,"1,148.9",973.9
224,224-29,"1,148.9",973.9
224,224-30,"1,148.9",973.9
225,225-1,"1,148.9",973.9
225,225-2,"1,148.9",973.9
225,225-3,"1,148.9",973.9
225,225-4,"1,148.9",973.9
225,225-5,"1,149.4",974.3
225,225-6,"1,149.4",974.3
225,225-7,"1,149.4",974.3
225,225-8,"1,149.4",974.3
225,225-9,"1,149.4",974.3
225,225-10,"1,149.4",974.3
225,225-11,"1,149.8",974.8
225,225-12,"1,149.8",974.8
225,225-13,"1,149.8",974.8
225,225-14,"1,149.8",974.8
225,225-15,"1,149.8",974.8
225,225-16,"1,149.8",974.8
225,225-17,"1,149.8",974.8
225,225-18,"1,150.3",975.2
225,225-19,"1,150.3",975.2
225,225-20,"1,150.3",975.2
225,225-21,"1,150.3",975.2
225,225-22,"1,150.3",975.2
225,225-23,"1,150.3",975.2
225,225-24,"1,150.3",975.2
225,225-25,"1,151.6",975.6
225,225-26,"1,151.6",975.6
225,225-27,"1,151.6",975.6
225,225-28,"1,151.6",975.6
225,225-29,"1,151.6",975.6
225,225-30,"1,151.6",975.6
226,226-1,"1,152",976.1
226,226-2,"1,152",976.1
226,226-3,"1,152",976.1
226,226-4,"1,152",976.1
226,226-5,"1,152",976.1
226,226-6,"1,152",976.1
226,226-7,"1,152",976.1
226,226-8,"1,152.5",976.5
226,226-9,"1,152.5",976.5
226,226-10,"1,152.5",976.5
226,226-11,"1,152.5",976.5
226,226-12,"1,152.5",976.5
226,226-13,"1,152.5",976.5
226,226-14,"1,152.5",976.5
226,226-15,"1,152.9",977
226,226-16,"1,152.9",977
226,226-17,"1,152.9",977
226,226-18,"1,152.9",977
226,226-19,"1,152.9",977
226,226-20,"1,152.9",977
226,226-21,"1,153.3",977.4
226,226-22,"1,153.3",977.4
226,226-23,"1,153.3",977.4
226,226-24,"1,153.3",977.4
226,226-25,"1,153.3",977.4
226,226-26,"1,153.3",977.4
226,226-27,"1,153.3",977.4
226,226-28,"1,153.8",977.8
226,226-29,"1,153.8",977.8
226,226-30,"1,153.8",977.8
227,227-1,"1,153.8",977.8
227,227-2,"1,153.8",977.8
227,227-3,"1,153.8",977.8
227,227-4,"1,153.8",977.8
227,227-5,"1,154.2",978.3
227,227-6,"1,154.2",978.3
227,227-7,"1,154.2",978.3
227,227-8,"1,154.2",978.3
227,227-9,"1,154.2",978.3
227,227-10,"1,154.2",978.3
227,227-11,"1,154.6",978.7
227,227-12,"1,154.6",978.7
227,227-13,"1,154.6",978.7
227,227-14,"1,154.6",978.7
227,227-15,"1,154.6",978.7
227,227-16,"1,154.6",978.7
227,227-17,"1,154.6",978.7
227,227-18,"1,155.1",979.1
227,227-19,"1,155.1",979.1
227,227-20,"1,155.1",979.1
227,227-21,"1,155.1",979.1
227,227-22,"1,155.1",979.1
227,227-23,"1,155.1",979.1
227,227-24,"1,155.1",979.1
227,227-25,"1,155.5",979.6
227,227-26,"1,155.5",979.6
227,227-27,"1,155.5",979.6
227,227-28,"1,155.5",979.6
227,227-29,"1,155.5",979.6
227,227-30,"1,155.5",979.6
228,228-1,"1,156.4",980
228,228-2,"1,156.4",980
228,228-3,"1,156.4",980
228,228-4,"1,156.4",980
228,228-5,"1,156.4",980
228,228-6,"1,156.4",980
228,228-7,"1,156.4",980
228,228-8,"1,156.8",980.5
228,228-9,"1,156.8",980.5
228,228-10,"1,156.8",980.5
228,228-11,"1,156.8",980.5
228,228-12,"1,156.8",980.5
228,228-13,"1,156.8",980.5
228,228-14,"1,156.8",980.5
228,228-15,"1,157.3",980.9
228,228-16,"1,157.3",980.9
228,228-17,"1,157.3",980.9
228,228-18,"1,157.3",980.9
228,228-19,"1,157.3",980.9
228,228-20,"1,157.3",980.9
228,228-21,"1,157.7",981.3
228,228-22,"1,157.7",981.3
228,228-23,"1,157.7",981.3
228,228-24,"1,157.7",981.3
228,228-25,"1,157.7",981.3
228,228-26,"1,157.7",981.3
228,228-27,"1,157.7",981.3
228,228-28,"1,158.1",981.8
228,228-29,"1,158.1",981.8
228,228-30,"1,158.1",981.8
229,229-1,"1,158.1",981.8
229,229-2,"1,158.1",981.8
229,229-3,"1,158.1",981.8
229,229-4,"1,158.1",981.8
229,229-5,"1,158.6",982.2
229,229-6,"1,158.6",982.2
229,229-7,"1,158.6",982.2
229,229-8,"1,158.6",982.2
229,229-9,"1,158.6",982.2
229,229-10,"1,158.6",982.2
229,229-11,"1,159",982.6
229,229-12,"1,159",982.6
229,229-13,"1,159",982.6
229,229-14,"1,159",982.6
229,229-15,"1,159",982.6
229,229-16,"1,159",982.6
229,229-17,"1,159",982.6
229,229-18,"1,159.4",983.1
229,229-19,"1,159.4",983.1
229,229-20,"1,159.4",983.1
229,229-21,"1,159.4",983.1
229,229-22,"1,159.4",983.1
229,229-23,"1,159.4",983.1
229,229-24,"1,159.4",983.1
229,229-25,"1,159.9",983.5
229,229-26,"1,159.9",983.5
229,229-27,"1,159.9",983.5
229,229-28,"1,159.9",983.5
229,229-29,"1,159.9",983.5
229,229-30,"1,159.9",983.5
230,230-1,"1,161.2",983.9
230,230-2,"1,161.2",983.9
230,230-3,"1,161.2",983.9
230,230-4,"1,161.2",983.9
230,230-5,"1,161.2",983.9
230,230-6,"1,161.2",983.9
230,230-7,"1,161.2",983.9
230,230-8,"1,161.6",984.4
230,230-9,"1,161.6",984.4
230,230-10,"1,161.6",984.4
230,230-11,"1,161.6",984.4
230,230-12,"1,161.6",984.4
230,230-13,"1,161.6",984.4
230,230-14,"1,161.6",984.4
230,230-15,"1,162.1",984.8
230,230-16,"1,162.1",984.8
230,230-17,"1,162.1",984.8
230,230-18,"1,162.1",984.8
230,230-19,"1,162.1",984.8
230,230-20,"1,162.1",984.8
230,230-21,"1,162.5",985.2
230,230-22,"1,162.5",985.2
230,230-23,"1,162.5",985.2
230,230-24,"1,162.5",985.2
230,230-25,"1,162.5",985.2
230,230-26,"1,162.5",985.2
230,230-27,"1,162.5",985.2
230,230-28,"1,162.9",985.7
230,230-29,"1,162.9",985.7
230,230-30,"1,162.9",985.7
231,231-1,"1,162.9",985.7
231,231-2,"1,162.9",985.7
231,231-3,"1,162.9",985.7
231,231-4,"1,162.9",985.7
231,231-5,"1,163.8",986.1
231,231-6,"1,163.8",986.1
231,231-7,"1,163.8",986.1
231,231-8,"1,163.8",986.1
231,231-9,"1,163.8",986.1
231,231-10,"1,163.8",986.1
231,231-11,"1,164.2",986.5
231,231-12,"1,164.2",986.5
231,231-13,"1,164.2",986.5
231,231-14,"1,164.2",986.5
231,231-15,"1,164.2",986.5
231,231-16,"1,164.2",986.5
231,231-17,"1,164.2",986.5
231,231-18,"1,164.7",987
231,231-19,"1,164.7",987
231,231-20,"1,164.7",987
231,231-21,"1,164.7",987
231,231-22,"1,164.7",987
231,231-23,"1,164.7",987
231,231-24,"1,164.7",987
231,231-25,"1,165.1",987.4
231,231-26,"1,165.1",987.4
231,231-27,"1,165.1",987.4
231,231-28,"1,165.1",987.4
231,231-29,"1,165.1",987.4
231,231-30,"1,165.1",987.4
232,232-1,"1,165.5",987.8
232,232-2,"1,165.5",987.8
232,232-3,"1,165.5",987.8
232,232-4,"1,165.5",987.8
232,232-5,"1,165.5",987.8
232,232-6,"1,165.5",987.8
232,232-7,"1,165.5",987.8
232,232-8,"1,166",988.3
232,232-9,"1,166",988.3
232,232-10,"1,166",988.3
232,232-11,"1,166",988.3
232,232-12,"1,166",988.3
232,232-13,"1,166",988.3
232,232-14,"1,166",988.3
232,232-15,"1,166.4",988.7
232,232-16,"1,166.4",988.7
232,232-17,"1,166.4",988.7
232,232-18,"1,166.4",988.7
232,232-19,"1,166.4",988.7
232,232-20,"1,166.4",988.7
232,232-21,"1,166.8",989.1
232,232-22,"1,166.8",989.1
232,232-23,"1,166.8",989.1
232,232-24,"1,166.8",989.1
232,232-25,"1,166.8",989.1
232,232-26,"1,166.8",989.1
232,232-27,"1,166.8",989.1
232,232-28,"1,167.3",989.6
232,232-29,"1,167.3",989.6
232,232-30,"1,167.3",989.6
233,233-1,"1,167.3",989.6
233,233-2,"1,167.3",989.6
233,233-3,"1,167.3",989.6
233,233-4,"1,167.3",989.6
233,233-5,"1,167.7",990
233,233-6,"1,167.7",990
233,233-7,"1,167.7",990
233,233-8,"1,167.7",990
233,233-9,"1,167.7",990
233,233-10,"1,167.7",990
233,233-11,"1,168.1",990.4
233,233-12,"1,168.1",990.4
233,233-13,"1,168.1",990.4
233,233-14,"1,168.1",990.4
233,233-15,"1,168.1",990.4
233,233-16,"1,168.1",990.4
233,233-17,"1,168.1",990.4
233,233-18,"1,168.6",990.9
233,233-19,"1,168.6",990.9
233,233-20,"1,168.6",990.9
233,233-21,"1,168.6",990.9
233,233-22,"1,168.6",990.9
233,233-23,"1,168.6",990.9
233,233-24,"1,168.6",990.9
233,233-25,"1,169",991.3
233,233-26,"1,169",991.3
233,233-27,"1,169",991.3
233,233-28,"1,169",991.3
233,233-29,"1,169",991.3
233,233-30,"1,169",991.3
234,234-1,"1,169.9",991.7
234,234-2,"1,169.9",991.7
234,234-3,"1,169.9",991.7
234,234-4,"1,169.9",991.7
234,234-5,"1,169.9",991.7
234,234-6,"1,169.9",991.7
234,234-7,"1,169.9",991.7
234,234-8,"1,171.1",992.2
234,234-9,"1,171.1",992.2
234,234-10,"1,171.1",992.2
234,234-11,"1,171.1",992.2
234,234-12,"1,171.1",992.2
234,234-13,"1,171.1",992.2
234,234-14,"1,171.1",992.2
234,234-15,"1,171.6",992.6
234,234-16,"1,171.6",992.6
234,234-17,"1,171.6",992.6
234,234-18,"1,171.6",992.6
234,234-19,"1,171.6",992.6
234,234-20,"1,171.6",992.6
234,234-21,"1,172",993
234,234-22,"1,172",993
234,234-23,"1,172",993
234,234-24,"1,172",993
234,234-25,"1,172",993
234,234-26,"1,172",993
234,234-27,"1,172",993
234,234-28,"1,172.4",993.5
234,234-29,"1,172.4",993.5
234,234-30,"1,172.4",993.5
235,235-1,"1,172.4",993.5
235,235-2,"1,172.4",993.5
235,235-3,"1,172.4",993.5
235,235-4,"1,172.4",993.5
235,235-5,"1,172.9",993.9
235,235-6,"1,172.9",993.9
235,235-7,"1,172.9",993.9
235,235-8,"1,172.9",993.9
235,235-9,"1,172.9",993.9
235,235-10,"1,172.9",993.9
235,235-11,"1,173.3",994.3
235,235-12,"1,173.3",994.3
235,235-13,"1,173.3",994.3
235,235-14,"1,173.3",994.3
235,235-15,"1,173.3",994.3
235,235-16,"1,173.3",994.3
235,235-17,"1,173.3",994.3
235,235-18,"1,173.7",994.8
235,235-19,"1,173.7",994.8
235,235-20,"1,173.7",994.8
235,235-21,"1,173.7",994.8
235,235-22,"1,173.7",994.8
235,235-23,"1,173.7",994.8
235,235-24,"1,173.7",994.8
235,235-25,"1,174.2",995.2
235,235-26,"1,174.2",995.2
235,235-27,"1,174.2",995.2
235,235-28,"1,174.2",995.2
235,235-29,"1,174.2",995.2
235,235-30,"1,174.2",995.2
236,236-1,"1,174.6",995.6
236,236-2,"1,174.6",995.6
236,236-3,"1,174.6",995.6
236,236-4,"1,174.6",995.6
236,236-5,"1,174.6",995.6
236,236-6,"1,174.6",995.6
236,236-7,"1,174.6",995.6
236,236-8,"1,175",996
236,236-9,"1,175",996
236,236-10,"1,175",996
236,236-11,"1,175",996
236,236-12,"1,175",996
236,236-13,"1,175",996
236,236-14,"1,175",996
236,236-15,"1,175.4",996.5
236,236-16,"1,175.4",996.5
236,236-17,"1,175.4",996.5
236,236-18,"1,175.4",996.5
236,236-19,"1,175.4",996.5
236,236-20,"1,175.4",996.5
236,236-21,"1,175.9",996.9
236,236-22,"1,175.9",996.9
236,236-23,"1,175.9",996.9
236,236-24,"1,175.9",996.9
236,236-25,"1,175.9",996.9
236,236-26,"1,175.9",996.9
236,236-27,"1,175.9",996.9
236,236-28,"1,176.3",997.3
236,236-29,"1,176.3",997.3
236,236-30,"1,176.3",997.3
237,237-1,"1,176.3",997.3
237,237-2,"1,176.3",997.3
237,237-3,"1,176.3",997.3
237,237-4,"1,176.3",997.3
237,237-5,"1,176.7",997.8
237,237-6,"1,176.7",997.8
237,237-7,"1,176.7",997.8
237,237-8,"1,176.7",997.8
237,237-9,"1,176.7",997.8
237,237-10,"1,176.7",997.8
237,237-11,"1,177.2",998.2
237,237-12,"1,177.2",998.2
237,237-13,"1,177.2",998.2
237,237-14,"1,177.2",998.2
237,237-15,"1,177.2",998.2
237,237-16,"1,177.2",998.2
237,237-17,"1,177.2",998.2
237,237-18,"1,178",998.6
237,237-19,"1,178",998.6
237,237-20,"1,178",998.6
237,237-21,"1,178",998.6
237,237-22,"1,178",998.6
237,237-23,"1,178",998.6
237,237-24,"1,178",998.6
237,237-25,"1,178.9",999
237,237-26,"1,178.9",999
237,237-27,"1,178.9",999
237,237-28,"1,178.9",999
237,237-29,"1,178.9",999
237,237-30,"1,178.9",999
238,238-1,"1,179.3",999.5
238,238-2,"1,179.3",999.5
238,238-3,"1,179.3",999.5
238,238-4,"1,179.3",999.5
238,238-5,"1,179.3",999.5
238,238-6,"1,179.3",999.5
238,238-7,"1,179.3",999.5
238,238-8,"1,180.2",999.9
238,238-9,"1,180.2",999.9
238,238-10,"1,180.2",999.9
238,238-11,"1,180.2",999.9
238,238-12,"1,180.2",999.9
238,238-13,"1,180.2",999.9
238,238-14,"1,180.2",999.9
238,238-15,"1,180.6","1,000.3"
238,238-16,"1,180.6","1,000.3"
238,238-17,"1,180.6","1,000.3"
238,238-18,"1,180.6","1,000.3"
238,238-19,"1,180.6","1,000.3"
238,238-20,"1,180.6","1,000.3"
238,238-21,"1,181","1,000.8"
238,238-22,"1,181","1,000.8"
238,238-23,"1,181","1,000.8"
238,238-24,"1,181","1,000.8"
238,238-25,"1,181","1,000.8"
238,238-26,"1,181","1,000.8"
238,238-27,"1,181","1,000.8"
238,238-28,"1,181.4","1,001.2"
238,238-29,"1,181.4","1,001.2"
238,238-30,"1,181.4","1,001.2"
239,239-1,"1,181.4","1,001.2"
239,239-2,"1,181.4","1,001.2"
239,239-3,"1,181.4","1,001.2"
239,239-4,"1,181.4","1,001.2"
239,239-5,"1,181.9","1,001.6"
239,239-6,"1,181.9","1,001.6"
239,239-7,"1,181.9","1,001.6"
239,239-8,"1,181.9","1,001.6"
239,239-9,"1,181.9","1,001.6"
239,239-10,"1,181.9","1,001.6"
239,239-11,"1,182.3","1,002"
239,239-12,"1,182.3","1,002"
239,239-13,"1,182.3","1,002"
239,239-14,"1,182.3","1,002"
239,239-15,"1,182.3","1,002"
239,239-16,"1,182.3","1,002"
239,239-17,"1,182.3","1,002"
239,239-18,"1,182.7","1,002.5"
239,239-19,"1,182.7","1,002.5"
239,239-20,"1,182.7","1,002.5"
239,239-21,"1,182.7","1,002.5"
239,239-22,"1,182.7","1,002.5"
239,239-23,"1,182.7","1,002.5"
239,239-24,"1,182.7","1,002.5"
239,239-25,"1,183.2","1,002.9"
239,239-26,"1,183.2","1,002.9"
239,239-27,"1,183.2","1,002.9"
239,239-28,"1,183.2","1,002.9"
239,239-29,"1,183.2","1,002.9"
239,239-30,"1,183.2","1,002.9"
240,240-1,"1,183.6","1,003.3"
240,240-2,"1,183.6","1,003.3"
240,240-3,"1,183.6","1,003.3"
240,240-4,"1,183.6","1,003.3"
240,240-5,"1,183.6","1,003.3"
240,240-6,"1,183.6","1,003.3"
240,240-7,"1,183.6","1,003.3"
240,240-8,"1,184","1,003.7"
240,240-9,"1,184","1,003.7"
240,240-10,"1,184","1,003.7"
240,240-11,"1,184","1,003.7"
240,240-12,"1,184","1,003.7"
240,240-13,"1,184","1,003.7"
240,240-14,"1,184","1,003.7"
240,240-15,"1,184.4","1,004.2"
240,240-16,"1,184.4","1,004.2"
240,240-17,"1,184.4","1,004.2"
240,240-18,"1,184.4","1,004.2"
240,240-19,"1,184.4","1,004.2"
240,240-20,"1,184.4","1,004.2"
240,240-21,"1,185.3","1,004.6"
240,240-22,"1,185.3","1,004.6"
240,240-23,"1,185.3","1,004.6"
240,240-24,"1,185.3","1,004.6"
240,240-25,"1,185.3","1,004.6"
240,240-26,"1,185.3","1,004.6"
240,240-27,"1,185.3","1,004.6"
240,240-28,"1,185.7","1,005"
240,240-29,"1,185.7","1,005"
240,240-30,"1,185.7","1,005"
241,241-1,"1,185.7","1,005"
241,241-2,"1,185.7","1,005"
241,241-3,"1,185.7","1,005"
241,241-4,"1,185.7","1,005"
241,241-5,"1,186.1","1,005.5"
241,241-6,"1,186.1","1,005.5"
241,241-7,"1,186.1","1,005.5"
241,241-8,"1,186.1","1,005.5"
241,241-9,"1,186.1","1,005.5"
241,241-10,"1,186.1","1,005.5"
241,241-11,"1,186.6","1,005.9"
241,241-12,"1,186.6","1,005.9"
241,241-13,"1,186.6","1,005.9"
241,241-14,"1,186.6","1,005.9"
241,241-15,"1,186.6","1,005.9"
241,241-16,"1,186.6","1,005.9"
241,241-17,"1,186.6","1,005.9"
241,241-18,"1,187","1,006.3"
241,241-19,"1,187","1,006.3"
241,241-20,"1,187","1,006.3"
241,241-21,"1,187","1,006.3"
241,241-22,"1,187","1,006.3"
241,241-23,"1,187","1,006.3"
241,241-24,"1,187","1,006.3"
241,241-25,"1,187.8","1,006.7"
241,241-26,"1,187.8","1,006.7"
241,241-27,"1,187.8","1,006.7"
241,241-28,"1,187.8","1,006.7"
241,241-29,"1,187.8","1,006.7"
241,241-30,"1,187.8","1,006.7"
242,242-1,"1,188.3","1,007.2"
242,242-2,"1,188.3","1,007.2"
242,242-3,"1,188.3","1,007.2"
242,242-4,"1,188.3","1,007.2"
242,242-5,"1,188.3","1,007.2"
242,242-6,"1,188.3","1,007.2"
242,242-7,"1,188.3","1,007.2"
242,242-8,"1,188.7","1,007.6"
242,242-9,"1,188.7","1,007.6"
242,242-10,"1,188.7","1,007.6"
242,242-11,"1,188.7","1,007.6"
242,242-12,"1,188.7","1,007.6"
242,242-13,"1,188.7","1,007.6"
242,242-14,"1,188.7","1,007.6"
242,242-15,"1,189.5","1,008"
242,242-16,"1,189.5","1,008"
242,242-17,"1,189.5","1,008"
242,242-18,"1,189.5","1,008"
242,242-19,"1,189.5","1,008"
242,242-20,"1,189.5","1,008"
242,242-21,"1,190","1,008.4"
242,242-22,"1,190","1,008.4"
242,242-23,"1,190","1,008.4"
242,242-24,"1,190","1,008.4"
242,242-25,"1,190","1,008.4"
242,242-26,"1,190","1,008.4"
242,242-27,"1,190","1,008.4"
242,242-28,"1,190.4","1,008.9"
242,242-29,"1,190.4","1,008.9"
242,242-30,"1,190.4","1,008.9"
243,243-1,"1,190.4","1,008.9"
243,243-2,"1,190.4","1,008.9"
243,243-3,"1,190.4","1,008.9"
243,243-4,"1,190.4","1,008.9"
243,243-5,"1,190.8","1,009.3"
243,243-6,"1,190.8","1,009.3"
243,243-7,"1,190.8","1,009.3"
243,243-8,"1,190.8","1,009.3"
243,243-9,"1,190.8","1,009.3"
243,243-10,"1,190.8","1,009.3"
243,243-11,"1,191.2","1,009.7"
243,243-12,"1,191.2","1,009.7"
243,243-13,"1,191.2","1,009.7"
243,243-14,"1,191.2","1,009.7"
243,243-15,"1,191.2","1,009.7"
243,243-16,"1,191.2","1,009.7"
243,243-17,"1,191.2","1,009.7"
243,243-18,"1,191.7","1,010.1"
243,243-19,"1,191.7","1,010.1"
243,243-20,"1,191.7","1,010.1"
243,243-21,"1,191.7","1,010.1"
243,243-22,"1,191.7","1,010.1"
243,243-23,"1,191.7","1,010.1"
243,243-24,"1,191.7","1,010.1"
243,243-25,"1,192.5","1,010.5"
243,243-26,"1,192.5","1,010.5"
243,243-27,"1,192.5","1,010.5"
243,243-28,"1,192.5","1,010.5"
243,243-29,"1,192.5","1,010.5"
243,243-30,"1,192.5","1,010.5"
244,244-1,"1,192.9","1,011"
244,244-2,"1,192.9","1,011"
244,244-3,"1,192.9","1,011"
244,244-4,"1,192.9","1,011"
244,244-5,"1,192.9","1,011"
244,244-6,"1,192.9","1,011"
244,244-7,"1,192.9","1,011"
244,244-8,"1,193.4","1,011.4"
244,244-9,"1,193.4","1,011.4"
244,244-10,"1,193.4","1,011.4"
244,244-11,"1,193.4","1,011.4"
244,244-12,"1,193.4","1,011.4"
244,244-13,"1,193.4","1,011.4"
244,244-14,"1,193.4","1,011.4"
244,244-15,"1,193.8","1,011.8"
244,244-16,"1,193.8","1,011.8"
244,244-17,"1,193.8","1,011.8"
244,244-18,"1,193.8","1,011.8"
244,244-19,"1,193.8","1,011.8"
244,244-20,"1,193.8","1,011.8"
244,244-21,"1,194.2","1,012.2"
244,244-22,"1,194.2","1,012.2"
244,244-23,"1,194.2","1,012.2"
244,244-24,"1,194.2","1,012.2"
244,244-25,"1,194.2","1,012.2"
244,244-26,"1,194.2","1,012.2"
244,244-27,"1,194.2","1,012.2"
244,244-28,"1,194.6","1,012.7"
244,244-29,"1,194.6","1,012.7"
244,244-30,"1,194.6","1,012.7"
245,245-1,"1,194.6","1,012.7"
245,245-2,"1,194.6","1,012.7"
245,245-3,"1,194.6","1,012.7"
245,245-4,"1,194.6","1,012.7"
245,245-5,"1,195","1,013.1"
245,245-6,"1,195","1,013.1"
245,245-7,"1,195","1,013.1"
245,245-8,"1,195","1,013.1"
245,245-9,"1,195","1,013.1"
245,245-10,"1,195","1,013.1"
245,245-11,"1,195.5","1,013.5"
245,245-12,"1,195.5","1,013.5"
245,245-13,"1,195.5","1,013.5"
245,245-14,"1,195.5","1,013.5"
245,245-15,"1,195.5","1,013.5"
245,245-16,"1,195.5","1,013.5"
245,245-17,"1,195.5","1,013.5"
245,245-18,"1,195.9","1,013.9"
245,245-19,"1,195.9","1,013.9"
245,245-20,"1,195.9","1,013.9"
245,245-21,"1,195.9","1,013.9"
245,245-22,"1,195.9","1,013.9"
245,245-23,"1,195.9","1,013.9"
245,245-24,"1,195.9","1,013.9"
245,245-25,"1,196.7","1,014.4"
245,245-26,"1,196.7","1,014.4"
245,245-27,"1,196.7","1,014.4"
245,245-28,"1,196.7","1,014.4"
245,245-29,"1,196.7","1,014.4"
245,245-30,"1,196.7","1,014.4"
246,246-1,"1,197.2","1,014.8"
246,246-2,"1,197.2","1,014.8"
246,246-3,"1,197.2","1,014.8"
246,246-4,"1,197.2","1,014.8"
246,246-5,"1,197.2","1,014.8"
246,246-6,"1,197.2","1,014.8"
246,246-7,"1,197.2","1,014.8"
246,246-8,"1,197.6","1,015.2"
246,246-9,"1,197.6","1,015.2"
246,246-10,"1,197.6","1,015.2"
246,246-11,"1,197.6","1,015.2"
246,246-12,"1,197.6","1,015.2"
246,246-13,"1,197.6","1,015.2"
246,246-14,"1,197.6","1,015.2"
246,246-15,"1,198","1,015.6"
246,246-16,"1,198","1,015.6"
246,246-17,"1,198","1,015.6"
246,246-18,"1,198","1,015.6"
246,246-19,"1,198","1,015.6"
246,246-20,"1,198","1,015.6"
246,246-21,"1,198.8","1,016"
246,246-22,"1,198.8","1,016"
246,246-23,"1,198.8","1,016"
246,246-24,"1,198.8","1,016"
246,246-25,"1,198.8","1,016"
246,246-26,"1,198.8","1,016"
246,246-27,"1,198.8","1,016"
246,246-28,"1,199.3","1,016.5"
246,246-29,"1,199.3","1,016.5"
246,246-30,"1,199.3","1,016.5"
247,247-1,"1,199.3","1,016.5"
247,247-2,"1,199.3","1,016.5"
247,247-3,"1,199.3","1,016.5"
247,247-4,"1,199.3","1,016.5"
247,247-5,"1,200.1","1,016.9"
247,247-6,"1,200.1","1,016.9"
247,247-7,"1,200.1","1,016.9"
247,247-8,"1,200.1","1,016.9"
247,247-9,"1,200.1","1,016.9"
247,247-10,"1,200.1","1,016.9"
247,247-11,"1,200.5","1,017.3"
247,247-12,"1,200.5","1,017.3"
247,247-13,"1,200.5","1,017.3"
247,247-14,"1,200.5","1,017.3"
247,247-15,"1,200.5","1,017.3"
247,247-16,"1,200.5","1,017.3"
247,247-17,"1,200.5","1,017.3"
247,247-18,"1,200.9","1,017.7"
247,247-19,"1,200.9","1,017.7"
247,247-20,"1,200.9","1,017.7"
247,247-21,"1,200.9","1,017.7"
247,247-22,"1,200.9","1,017.7"
247,247-23,"1,200.9","1,017.7"
247,247-24,"1,200.9","1,017.7"
247,247-25,"1,201.4","1,018.1"
247,247-26,"1,201.4","1,018.1"
247,247-27,"1,201.4","1,018.1"
247,247-28,"1,201.4","1,018.1"
247,247-29,"1,201.4","1,018.1"
247,247-30,"1,201.4","1,018.1"
248,248-1,"1,201.8","1,018.6"
248,248-2,"1,201.8","1,018.6"
248,248-3,"1,201.8","1,018.6"
248,248-4,"1,201.8","1,018.6"
248,248-5,"1,201.8","1,018.6"
248,248-6,"1,201.8","1,018.6"
248,248-7,"1,201.8","1,018.6"
248,248-8,"1,202.2","1,019"
248,248-9,"1,202.2","1,019"
248,248-10,"1,202.2","1,019"
248,248-11,"1,202.2","1,019"
248,248-12,"1,202.2","1,019"
248,248-13,"1,202.2","1,019"
248,248-14,"1,202.2","1,019"
248,248-15,"1,202.6","1,019.4"
248,248-16,"1,202.6","1,019.4"
248,248-17,"1,202.6","1,019.4"
248,248-18,"1,202.6","1,019.4"
248,248-19,"1,202.6","1,019.4"
248,248-20,"1,202.6","1,019.4"
248,248-21,"1,203.1","1,019.8"
248,248-22,"1,203.1","1,019.8"
248,248-23,"1,203.1","1,019.8"
248,248-24,"1,203.1","1,019.8"
248,248-25,"1,203.1","1,019.8"
248,248-26,"1,203.1","1,019.8"
248,248-27,"1,203.1","1,019.8"
248,248-28,"1,203.5","1,020.2"
248,248-29,"1,203.5","1,020.2"
248,248-30,"1,203.5","1,020.2"
