챕터,스테이지,55% 적정투력,75% 적정투력,100% 적정투력,120% 적정투력
1,1-1,960,1K 280,1K 600,1K 920
1,1-2,1K 170,1K 560,1K 950,2K 340
1,1-3,1K 220,1K 627,2K 33,2K 440
1,1-4,1K 300,1K 733,2K 166,2K 600
1,1-5,1K 770,2K 360,2K 950,3K 540
1,1-6,1K 838,2K 451,3K 63,3K 676
1,1-7,1K 996,2K 661,3K 326,3K 992
1,1-8,2K 154,2K 872,3K 589,4K 307
1,1-9,2K 312,3K 82,3K 852,4K 623
1,1-10,2K 469,3K 292,4K 115,4K 938
1,1-11,2K 587,3K 449,4K 311,5K 174
1,1-12,2K 705,3K 606,4K 507,5K 409
1,1-13,2K 816,3K 754,4K 692,5K 631
1,1-14,2K 908,3K 877,4K 846,5K 816
1,1-15,2K 945,3K 927,4K 908,5K 890
1,1-16,2K 967,3K 956,4K 945,5K 934
1,1-17,2K 981,3K 975,4K 968,5K 962
1,1-18,2K 995,3K 993,4K 991,5K 990
1,1-19,3K 92,4K 123,5K 153,6K 184
1,1-20,3K 264,4K 352,5K 439,6K 527
1,1-21,3K 506,4K 674,5K 842,7K 11
1,1-22,3K 604,4K 805,6K 6,7K 208
1,1-23,3K 806,5K 74,6K 342,7K 611
1,1-24,4K 196,5K 594,6K 992,8K 391
1,1-25,4K 920,6K 560,8K 199,9K 839
1,1-26,5K 349,7K 132,8K 914,10K 697
1,1-27,5K 691,7K 588,9K 484,11K 381
1,1-28,5K 940,7K 920,9K 900,11K 880
1,1-29,5K 997,7K 996,9K 994,11K 993
1,1-30,6K 155,8K 207,10K 258,12K 310
2,2-1,6K 410,8K 547,10K 683,12K 820
2,2-2,6K 741,8K 988,11K 235,13K 482
2,2-3,6K 770,9K 26,11K 282,13K 539
2,2-4,6K 796,9K 61,11K 326,13K 592
2,2-5,6K 815,9K 86,11K 357,13K 629
2,2-6,6K 818,9K 90,11K 362,13K 635
2,2-7,6K 818,9K 90,11K 362,13K 635
2,2-8,6K 824,9K 99,11K 373,13K 648
2,2-9,6K 845,9K 126,11K 407,13K 689
2,2-10,6K 901,9K 201,11K 501,13K 802
2,2-11,6K 972,9K 296,11K 620,13K 944
2,2-12,7K 47,9K 396,11K 745,14K 94
2,2-13,7K 122,9K 496,11K 870,14K 244
2,2-14,7K 197,9K 596,11K 994,14K 393
2,2-15,7K 272,9K 696,12K 119,14K 543
2,2-16,7K 346,9K 795,12K 243,14K 692
2,2-17,7K 421,9K 894,12K 367,14K 841
2,2-18,7K 496,9K 994,12K 492,14K 991
2,2-19,7K 571,10K 94,12K 617,15K 141
2,2-20,7K 645,10K 193,12K 741,15K 290
2,2-21,7K 719,10K 292,12K 865,15K 438
2,2-22,7K 795,10K 393,12K 991,15K 590
2,2-23,7K 869,10K 492,13K 115,15K 738
2,2-24,7K 943,10K 591,13K 238,15K 886
2,2-25,8K 18,10K 691,13K 363,16K 36
2,2-26,8K 93,10K 791,13K 488,16K 186
2,2-27,8K 168,10K 891,13K 613,16K 336
2,2-28,8K 243,10K 990,13K 737,16K 485
2,2-29,8K 318,11K 90,13K 862,16K 635
2,2-30,8K 393,11K 190,13K 987,16K 785
3,3-1,8K 467,11K 289,14K 111,16K 934
3,3-2,8K 542,11K 389,14K 236,17K 84
3,3-3,8K 610,11K 480,14K 349,17K 219
3,3-4,8K 660,11K 547,14K 433,17K 320
3,3-5,8K 693,11K 591,14K 488,17K 386
3,3-6,8K 714,11K 618,14K 522,17K 427
3,3-7,8K 733,11K 644,14K 554,17K 465
3,3-8,8K 753,11K 670,14K 587,17K 505
3,3-9,8K 772,11K 696,14K 620,17K 544
3,3-10,8K 792,11K 722,14K 652,17K 583
3,3-11,8K 811,11K 748,14K 685,17K 622
3,3-12,8K 831,11K 775,14K 718,17K 662
3,3-13,8K 851,11K 801,14K 751,17K 702
3,3-14,8K 870,11K 827,14K 783,17K 740
3,3-15,9K 65,12K 87,15K 108,18K 130
3,3-16,9K 621,12K 828,16K 35,19K 242
3,3-17,11K 148,14K 864,18K 580,22K 296
3,3-18,12K 548,16K 730,20K 912,25K 95
3,3-19,13K 429,17K 905,22K 381,26K 858
3,3-20,13K 680,18K 240,22K 799,27K 359
3,3-21,13K 695,18K 260,22K 825,27K 390
3,3-22,13K 712,18K 282,22K 852,27K 423
3,3-23,13K 728,18K 304,22K 880,27K 456
3,3-24,13K 746,18K 328,22K 909,27K 491
3,3-25,13K 762,18K 349,22K 936,27K 524
3,3-26,13K 778,18K 370,22K 962,27K 555
3,3-27,13K 794,18K 392,22K 989,27K 587
3,3-28,13K 811,18K 414,23K 17,27K 621
3,3-29,13K 827,18K 436,23K 44,27K 653
3,3-30,13K 843,18K 457,23K 71,27K 686
4,4-1,13K 860,18K 480,23K 99,27K 719
4,4-2,13K 877,18K 502,23K 127,27K 753
4,4-3,13K 893,18K 524,23K 154,27K 785
4,4-4,13K 909,18K 545,23K 181,27K 818
4,4-5,13K 926,18K 568,23K 209,27K 851
4,4-6,13K 942,18K 589,23K 236,27K 884
4,4-7,13K 958,18K 611,23K 263,27K 916
4,4-8,13K 974,18K 632,23K 290,27K 948
4,4-9,13K 991,18K 655,23K 318,27K 982
4,4-10,14K 7,18K 676,23K 345,28K 14
4,4-11,14K 24,18K 699,23K 373,28K 48
4,4-12,14K 41,18K 721,23K 401,28K 82
4,4-13,14K 57,18K 743,23K 428,28K 114
4,4-14,14K 73,18K 764,23K 455,28K 146
4,4-15,14K 90,18K 786,23K 482,28K 179
4,4-16,14K 106,18K 808,23K 510,28K 212
4,4-17,14K 122,18K 829,23K 536,28K 244
4,4-18,14K 138,18K 851,23K 563,28K 276
4,4-19,14K 155,18K 873,23K 591,28K 310
4,4-20,14K 171,18K 895,23K 618,28K 342
4,4-21,14K 188,18K 917,23K 646,28K 376
4,4-22,14K 204,18K 939,23K 673,28K 408
4,4-23,14K 228,18K 970,23K 712,28K 455
4,4-24,14K 290,19K 53,23K 816,28K 580
4,4-25,14K 617,19K 489,24K 361,29K 234
4,4-26,15K 126,20K 168,25K 210,30K 252
4,4-27,15K 767,21K 22,26K 277,31K 533
4,4-28,15K 969,21K 292,26K 615,31K 938
4,4-29,16K 43,21K 391,26K 738,32K 86
4,4-30,16K 55,21K 407,26K 758,32K 110
5,5-1,16K 76,21K 434,26K 792,32K 151
5,5-2,16K 95,21K 460,26K 825,32K 190
5,5-3,16K 115,21K 487,26K 858,32K 230
5,5-4,16K 135,21K 513,26K 891,32K 270
5,5-5,16K 155,21K 540,26K 924,32K 309
5,5-6,16K 175,21K 567,26K 958,32K 350
5,5-7,16K 202,21K 603,27K 3,32K 404
5,5-8,16K 514,22K 18,27K 522,33K 27
5,5-9,18K 365,24K 486,30K 607,36K 729
5,5-10,20K 193,26K 924,33K 654,40K 385
5,5-11,20K 541,27K 388,34K 234,41K 81
5,5-12,20K 778,27K 704,34K 630,41K 556
5,5-13,21K 18,28K 24,35K 29,42K 35
5,5-14,21K 261,28K 348,35K 435,42K 522
5,5-15,21K 507,28K 676,35K 845,43K 14
5,5-16,21K 756,29K 8,36K 259,43K 511
5,5-17,22K 7,29K 342,36K 677,44K 13
5,5-18,22K 262,29K 682,37K 102,44K 523
5,5-19,22K 518,30K 24,37K 530,45K 36
5,5-20,22K 779,30K 372,37K 964,45K 557
5,5-21,23K 42,30K 723,38K 403,46K 84
5,5-22,23K 311,31K 81,38K 851,46K 622
5,5-23,23K 619,31K 492,39K 365,47K 238
5,5-24,24K 1,32K 1,40K 1,48K 2
5,5-25,24K 410,32K 546,40K 682,48K 819
5,5-26,24K 827,33K 102,41K 377,49K 653
5,5-27,25K 250,33K 667,42K 83,50K 500
5,5-28,25K 682,34K 242,42K 802,51K 363
5,5-29,26K 121,34K 828,43K 534,52K 241
5,5-30,26K 567,35K 422,44K 277,53K 133
6,6-1,27K 20,36K 26,45K 32,54K 39
6,6-2,27K 481,36K 641,45K 801,54K 962
6,6-3,27K 951,37K 268,46K 584,55K 901
6,6-4,28K 428,37K 904,47K 380,56K 856
6,6-5,28K 914,38K 552,48K 189,57K 827
6,6-6,29K 408,39K 210,49K 12,58K 815
6,6-7,29K 910,39K 880,49K 849,59K 819
6,6-8,30K 420,40K 560,50K 699,60K 839
6,6-9,30K 941,41K 254,51K 567,61K 881
6,6-10,31K 469,41K 959,52K 448,62K 938
6,6-11,31K 995,42K 660,53K 324,63K 989
6,6-12,32K 391,43K 188,53K 984,64K 781
6,6-13,32K 694,43K 592,54K 489,65K 387
6,6-14,32K 999,43K 999,54K 998,65K 998
6,6-15,33K 307,44K 409,55K 511,66K 614
6,6-16,33K 618,44K 824,56K 30,67K 236
6,6-17,33K 932,45K 242,56K 552,67K 863
6,6-18,34K 248,45K 664,57K 80,68K 496
6,6-19,34K 569,46K 92,57K 614,69K 137
6,6-20,34K 892,46K 522,58K 152,69K 783
6,6-21,35K 217,46K 956,58K 695,70K 434
6,6-22,35K 546,47K 395,59K 243,71K 92
6,6-23,35K 878,47K 837,59K 796,71K 756
6,6-24,36K 214,48K 285,60K 356,72K 428
6,6-25,36K 552,48K 736,60K 919,73K 103
6,6-26,36K 893,49K 191,61K 488,73K 786
6,6-27,37K 238,49K 651,62K 63,74K 476
6,6-28,37K 585,50K 113,62K 641,75K 170
6,6-29,37K 937,50K 582,63K 227,75K 873
6,6-30,38K 291,51K 54,63K 817,76K 581
7,7-1,38K 648,51K 531,64K 413,77K 296
7,7-2,39K 9,52K 12,65K 15,78K 18
7,7-3,39K 373,52K 497,65K 621,78K 746
7,7-4,39K 741,52K 988,66K 235,79K 482
7,7-5,40K 112,53K 483,66K 853,80K 224
7,7-6,40K 488,53K 984,67K 479,80K 975
7,7-7,40K 866,54K 488,68K 109,81K 731
7,7-8,41K 247,54K 996,68K 744,82K 493
7,7-9,41K 633,55K 510,69K 387,83K 265
7,7-10,42K 20,56K 27,70K 33,84K 40
7,7-11,42K 413,56K 551,70K 688,84K 826
7,7-12,42K 810,57K 80,71K 349,85K 619
7,7-13,43K 209,57K 612,72K 14,86K 417
7,7-14,43K 613,58K 151,72K 688,87K 226
7,7-15,44K 21,58K 694,73K 367,88K 41
7,7-16,44K 431,59K 241,74K 51,88K 862
7,7-17,44K 846,59K 795,74K 743,89K 692
7,7-18,45K 265,60K 353,75K 441,90K 530
7,7-19,45K 687,60K 916,76K 145,91K 374
7,7-20,46K 115,61K 486,76K 857,92K 229
7,7-21,46K 545,62K 60,77K 574,93K 89
7,7-22,46K 980,62K 640,78K 299,93K 959
7,7-23,47K 418,63K 224,79K 30,94K 836
7,7-24,47K 861,63K 815,79K 768,95K 722
7,7-25,48K 308,64K 411,80K 513,96K 616
7,7-26,48K 759,65K 12,81K 264,97K 517
7,7-27,49K 215,65K 620,82K 24,98K 429
7,7-28,49K 675,66K 233,82K 791,99K 350
7,7-29,50K 138,66K 850,83K 562,100K 275
7,7-30,50K 607,67K 476,84K 344,101K 213
8,8-1,51K 80,68K 106,85K 132,102K 159
8,8-2,51K 557,68K 743,85K 928,103K 114
8,8-3,52K 38,69K 384,86K 730,104K 76
8,8-4,52K 524,70K 32,87K 539,105K 47
8,8-5,53K 15,70K 686,88K 357,106K 29
8,8-6,53K 510,71K 346,89K 182,107K 19
8,8-7,54K 9,72K 12,90K 14,108K 17
8,8-8,54K 514,72K 685,90K 856,109K 28
8,8-9,55K 22,73K 363,91K 703,110K 44
8,8-10,55K 537,74K 49,92K 561,111K 74
8,8-11,56K 55,74K 740,93K 424,112K 109
8,8-12,56K 579,75K 438,94K 297,113K 157
8,8-13,57K 108,76K 144,95K 179,114K 215
8,8-14,57K 776,77K 35,96K 293,115K 552
8,8-15,58K 679,78K 238,97K 797,117K 357
8,8-16,59K 595,79K 460,99K 325,119K 190
8,8-17,60K 244,80K 325,100K 406,120K 488
8,8-18,60K 673,80K 897,101K 121,121K 346
8,8-19,61K 92,81K 456,101K 819,122K 183
8,8-20,61K 513,82K 17,102K 521,123K 26
8,8-21,61K 938,82K 584,103K 229,123K 875
8,8-22,62K 366,83K 155,103K 943,124K 732
8,8-23,62K 796,83K 728,104K 660,125K 592
8,8-24,63K 230,84K 306,105K 382,126K 459
8,8-25,63K 666,84K 888,106K 110,127K 332
8,8-26,64K 106,85K 475,106K 843,128K 212
8,8-27,64K 548,86K 64,107K 580,129K 96
8,8-28,64K 994,86K 659,108K 323,129K 988
8,8-29,65K 443,87K 257,109K 71,130K 886
8,8-30,65K 894,87K 859,109K 823,131K 788
9,9-1,66K 350,88K 467,110K 583,132K 700
9,9-2,66K 809,89K 78,111K 347,133K 617
9,9-3,67K 269,89K 692,112K 115,134K 538
9,9-4,67K 734,90K 312,112K 889,135K 467
9,9-5,68K 201,90K 935,113K 668,136K 402
9,9-6,68K 672,91K 562,114K 452,137K 343
9,9-7,69K 146,92K 195,115K 243,138K 292
9,9-8,69K 624,92K 832,116K 39,139K 247
9,9-9,70K 104,93K 472,116K 840,140K 208
9,9-10,70K 588,94K 117,117K 646,141K 176
9,9-11,71K 76,94K 768,118K 459,142K 151
9,9-12,71K 567,95K 422,119K 277,143K 133
9,9-13,72K 60,96K 80,120K 100,144K 120
9,9-14,72K 558,96K 744,120K 929,145K 115
9,9-15,73K 58,97K 411,121K 763,146K 116
9,9-16,73K 563,98K 84,122K 604,147K 125
9,9-17,74K 71,98K 761,123K 451,148K 142
9,9-18,74K 583,99K 444,124K 304,149K 165
9,9-19,75K 97,100K 129,125K 161,150K 194
9,9-20,75K 615,100K 820,126K 25,151K 230
9,9-21,76K 137,101K 516,126K 895,152K 274
9,9-22,76K 663,102K 217,127K 771,153K 326
9,9-23,77K 192,102K 923,128K 653,154K 384
9,9-24,77K 726,103K 634,129K 542,155K 451
9,9-25,78K 263,104K 350,130K 437,156K 525
9,9-26,78K 802,105K 69,131K 336,157K 604
9,9-27,79K 347,105K 796,132K 244,158K 693
9,9-28,79K 895,106K 526,133K 157,159K 789
9,9-29,80K 447,107K 262,134K 77,160K 893
9,9-30,81K 2,108K 2,135K 2,162K 3
10,10-1,81K 560,108K 747,135K 933,163K 120
10,10-2,82K 124,109K 498,136K 872,164K 247
10,10-3,82K 691,110K 255,137K 818,165K 382
10,10-4,83K 262,111K 16,138K 769,166K 523
10,10-5,83K 837,111K 782,139K 727,167K 673
10,10-6,84K 416,112K 555,140K 693,168K 832
10,10-7,84K 998,113K 331,141K 663,169K 996
10,10-8,85K 586,114K 114,142K 642,171K 171
10,10-9,86K 177,114K 902,143K 627,172K 353
10,10-10,86K 771,115K 695,144K 618,173K 542
10,10-11,87K 370,116K 493,145K 616,174K 740
10,10-12,87K 973,117K 297,146K 621,175K 946
10,10-13,88K 580,118K 107,147K 633,177K 160
10,10-14,89K 192,118K 922,148K 652,178K 383
10,10-15,89K 808,119K 744,149K 679,179K 615
10,10-16,90K 745,120K 993,151K 241,181K 490
10,10-17,92K 969,123K 959,154K 948,185K 938
10,10-18,95K 317,127K 89,158K 861,190K 634
10,10-19,97K 695,130K 260,162K 825,195K 390
10,10-20,100K 104,133K 472,166K 840,200K 208
10,10-21,102K 549,136K 732,170K 915,205K 98
10,10-22,105K 33,140K 44,175K 55,210K 66
10,10-23,107K 549,143K 398,179K 247,215K 97
10,10-24,110K 96,146K 795,183K 493,220K 192
10,10-25,112K 677,150K 236,187K 794,225K 353
10,10-26,115K 293,153K 724,192K 155,230K 586
10,10-27,117K 948,157K 264,196K 579,235K 895
10,10-28,120K 641,160K 854,201K 67,241K 281
10,10-29,123K 368,164K 490,205K 612,246K 735
10,10-30,126K 129,168K 172,210K 215,252K 258
11,11-1,126K 225,168K 300,210K 374,252K 449
11,11-2,126K 321,168K 428,210K 534,252K 641
11,11-3,126K 416,168K 555,210K 693,252K 832
11,11-4,126K 512,168K 683,210K 853,253K 24
11,11-5,126K 608,168K 810,211K 12,253K 215
11,11-6,126K 703,168K 937,211K 171,253K 406
11,11-7,126K 799,169K 65,211K 331,253K 598
11,11-8,126K 894,169K 192,211K 490,253K 788
11,11-9,126K 990,169K 320,211K 650,253K 980
11,11-10,127K 86,169K 448,211K 809,254K 171
11,11-11,127K 182,169K 576,211K 969,254K 363
11,11-12,127K 277,169K 703,212K 128,254K 554
11,11-13,127K 373,169K 830,212K 287,254K 745
11,11-14,127K 469,169K 958,212K 447,254K 937
11,11-15,127K 565,170K 86,212K 607,255K 129
11,11-16,127K 661,170K 214,212K 767,255K 321
11,11-17,127K 757,170K 342,212K 927,255K 513
11,11-18,127K 853,170K 471,213K 88,255K 706
11,11-19,127K 949,170K 599,213K 248,255K 898
11,11-20,128K 45,170K 727,213K 408,256K 90
11,11-21,128K 141,170K 855,213K 568,256K 282
11,11-22,128K 238,170K 984,213K 729,256K 475
11,11-23,128K 334,171K 112,213K 889,256K 667
11,11-24,128K 430,171K 240,214K 49,256K 859
11,11-25,128K 526,171K 368,214K 210,257K 52
11,11-26,128K 622,171K 496,214K 370,257K 244
11,11-27,128K 718,171K 624,214K 530,257K 436
11,11-28,128K 815,171K 753,214K 691,257K 630
11,11-29,128K 911,171K 881,214K 851,257K 822
11,11-30,129K 8,172K 10,215K 12,258K 15
12,12-1,129K 104,172K 139,215K 173,258K 208
12,12-2,129K 201,172K 268,215K 334,258K 401
12,12-3,129K 298,172K 397,215K 496,258K 596
12,12-4,129K 395,172K 526,215K 657,258K 789
12,12-5,129K 491,172K 655,215K 818,258K 982
12,12-6,129K 588,172K 784,215K 980,259K 176
12,12-7,129K 685,172K 913,216K 141,259K 370
12,12-8,129K 782,173K 42,216K 302,259K 563
12,12-9,129K 878,173K 171,216K 463,259K 756
12,12-10,129K 975,173K 300,216K 625,259K 950
12,12-11,130K 72,173K 429,216K 786,260K 144
12,12-12,130K 169,173K 558,216K 947,260K 337
12,12-13,130K 265,173K 687,217K 108,260K 530
12,12-14,130K 362,173K 816,217K 270,260K 724
12,12-15,130K 460,173K 947,217K 433,260K 920
12,12-16,130K 557,174K 76,217K 595,261K 114
12,12-17,130K 655,174K 207,217K 758,261K 310
12,12-18,130K 753,174K 337,217K 921,261K 506
12,12-19,130K 850,174K 467,218K 83,261K 700
12,12-20,130K 948,174K 597,218K 246,261K 896
12,12-21,131K 46,174K 728,218K 409,262K 91
12,12-22,131K 144,174K 858,218K 572,262K 287
12,12-23,131K 241,174K 988,218K 734,262K 481
12,12-24,131K 339,175K 118,218K 897,262K 677
12,12-25,131K 436,175K 248,219K 60,262K 872
12,12-26,131K 534,175K 378,219K 222,263K 67
12,12-27,131K 631,175K 508,219K 385,263K 262
12,12-28,131K 729,175K 639,219K 548,263K 458
12,12-29,131K 827,175K 769,219K 711,263K 654
12,12-30,131K 925,175K 900,219K 875,263K 850
13,13-1,132K 23,176K 31,220K 38,264K 46
13,13-2,132K 122,176K 162,220K 202,264K 243
13,13-3,132K 219,176K 292,220K 365,264K 438
13,13-4,132K 318,176K 424,220K 529,264K 635
13,13-5,132K 416,176K 555,220K 693,264K 832
13,13-6,132K 514,176K 685,220K 856,265K 28
13,13-7,132K 612,176K 816,221K 20,265K 224
13,13-8,132K 710,176K 947,221K 183,265K 420
13,13-9,132K 809,177K 78,221K 347,265K 617
13,13-10,132K 906,177K 208,221K 510,265K 812
13,13-11,133K 5,177K 340,221K 674,266K 9
13,13-12,133K 103,177K 471,221K 838,266K 206
13,13-13,133K 201,177K 601,222K 1,266K 402
13,13-14,133K 300,177K 733,222K 166,266K 600
13,13-15,133K 398,177K 864,222K 330,266K 796
13,13-16,133K 497,177K 996,222K 495,266K 994
13,13-17,133K 596,178K 128,222K 660,267K 192
13,13-18,133K 695,178K 260,222K 824,267K 389
13,13-19,133K 794,178K 392,222K 989,267K 587
13,13-20,133K 893,178K 524,223K 154,267K 785
13,13-21,133K 991,178K 655,223K 318,267K 982
13,13-22,134K 90,178K 787,223K 483,268K 180
13,13-23,134K 189,178K 918,223K 647,268K 377
13,13-24,134K 288,179K 50,223K 812,268K 575
13,13-25,134K 387,179K 182,223K 977,268K 773
13,13-26,134K 485,179K 313,224K 141,268K 970
13,13-27,134K 584,179K 445,224K 306,269K 168
13,13-28,134K 683,179K 577,224K 471,269K 366
13,13-29,134K 783,179K 710,224K 637,269K 565
13,13-30,134K 882,179K 843,224K 803,269K 764
14,14-1,134K 982,179K 976,224K 969,269K 963
14,14-2,135K 81,180K 108,225K 135,270K 162
14,14-3,135K 181,180K 241,225K 301,270K 362
14,14-4,135K 281,180K 374,225K 467,270K 561
14,14-5,135K 380,180K 507,225K 633,270K 760
14,14-6,135K 480,180K 640,225K 800,270K 960
14,14-7,135K 580,180K 773,225K 966,271K 160
14,14-8,135K 680,180K 906,226K 132,271K 359
14,14-9,135K 779,181K 39,226K 298,271K 558
14,14-10,135K 879,181K 172,226K 464,271K 757
14,14-11,135K 978,181K 304,226K 630,271K 956
14,14-12,136K 78,181K 437,226K 796,272K 156
14,14-13,136K 178,181K 571,226K 963,272K 356
14,14-14,136K 278,181K 704,227K 130,272K 556
14,14-15,136K 379,181K 838,227K 297,272K 757
14,14-16,136K 478,181K 971,227K 463,272K 956
14,14-17,136K 578,182K 104,227K 630,273K 156
14,14-18,136K 679,182K 238,227K 797,273K 357
14,14-19,136K 779,182K 372,227K 964,273K 557
14,14-20,136K 879,182K 505,228K 131,273K 758
14,14-21,136K 979,182K 639,228K 298,273K 958
14,14-22,137K 79,182K 772,228K 465,274K 158
14,14-23,137K 180,182K 906,228K 632,274K 359
14,14-24,137K 280,183K 40,228K 799,274K 559
14,14-25,137K 380,183K 173,228K 966,274K 760
14,14-26,137K 480,183K 307,229K 133,274K 960
14,14-27,137K 580,183K 440,229K 300,275K 160
14,14-28,137K 681,183K 575,229K 468,275K 362
14,14-29,137K 782,183K 709,229K 636,275K 564
14,14-30,137K 882,183K 843,229K 803,275K 764
15,15-1,137K 983,183K 977,229K 971,275K 966
15,15-2,138K 84,184K 112,230K 139,276K 167
15,15-3,138K 185,184K 246,230K 307,276K 369
15,15-4,138K 285,184K 380,230K 474,276K 569
15,15-5,138K 386,184K 514,230K 642,276K 771
15,15-6,138K 486,184K 648,230K 810,276K 972
15,15-7,138K 587,184K 783,230K 978,277K 174
15,15-8,138K 688,184K 917,231K 146,277K 376
15,15-9,138K 788,185K 51,231K 313,277K 576
15,15-10,138K 889,185K 185,231K 481,277K 778
15,15-11,138K 990,185K 320,231K 649,277K 979
15,15-12,139K 91,185K 454,231K 817,278K 181
15,15-13,139K 193,185K 590,231K 987,278K 385
15,15-14,139K 294,185K 725,232K 156,278K 588
15,15-15,139K 395,185K 860,232K 325,278K 790
15,15-16,139K 497,185K 996,232K 494,278K 993
15,15-17,139K 598,186K 131,232K 663,279K 196
15,15-18,139K 700,186K 266,232K 832,279K 399
15,15-19,139K 801,186K 401,233K 1,279K 602
15,15-20,139K 902,186K 536,233K 170,279K 804
15,15-21,140K 4,186K 672,233K 340,280K 8
15,15-22,140K 106,186K 808,233K 509,280K 211
15,15-23,140K 207,186K 943,233K 678,280K 414
15,15-24,140K 309,187K 78,233K 847,280K 617
15,15-25,140K 410,187K 213,234K 16,280K 820
15,15-26,140K 511,187K 348,234K 185,281K 22
15,15-27,140K 614,187K 485,234K 356,281K 228
15,15-28,140K 716,187K 621,234K 526,281K 432
15,15-29,140K 818,187K 757,234K 696,281K 636
15,15-30,140K 920,187K 893,234K 866,281K 840
16,16-1,141K 23,188K 30,235K 37,282K 45
16,16-2,141K 125,188K 166,235K 207,282K 249
16,16-3,141K 227,188K 302,235K 377,282K 453
16,16-4,141K 329,188K 439,235K 548,282K 658
16,16-5,141K 431,188K 575,235K 718,282K 862
16,16-6,141K 533,188K 711,235K 888,283K 66
16,16-7,141K 636,188K 848,236K 59,283K 271
16,16-8,141K 738,188K 984,236K 229,283K 475
16,16-9,141K 840,189K 120,236K 399,283K 679
16,16-10,141K 942,189K 256,236K 570,283K 884
16,16-11,142K 44,189K 392,236K 740,284K 88
16,16-12,142K 147,189K 529,236K 911,284K 294
16,16-13,142K 250,189K 667,237K 83,284K 500
16,16-14,142K 353,189K 804,237K 254,284K 705
16,16-15,142K 455,189K 940,237K 425,284K 910
16,16-16,142K 558,190K 77,237K 596,285K 116
16,16-17,142K 661,190K 214,237K 767,285K 321
16,16-18,142K 764,190K 352,237K 939,285K 527
16,16-19,142K 866,190K 488,238K 110,285K 732
16,16-20,142K 969,190K 625,238K 281,285K 938
16,16-21,143K 72,190K 762,238K 452,286K 143
16,16-22,143K 174,190K 899,238K 623,286K 348
16,16-23,143K 277,191K 36,238K 794,286K 553
16,16-24,143K 380,191K 173,238K 966,286K 760
16,16-25,143K 483,191K 310,239K 137,286K 965
16,16-26,143K 586,191K 448,239K 309,287K 171
16,16-27,143K 690,191K 586,239K 482,287K 379
16,16-28,143K 793,191K 724,239K 655,287K 586
16,16-29,143K 897,191K 862,239K 827,287K 793
16,16-30,144K,192K,240K,288K
17,17-1,145K 871,194K 495,243K 118,291K 742
17,17-2,147K 755,197K 6,246K 257,295K 509
17,17-3,149K 656,199K 541,249K 426,299K 312
17,17-4,151K 574,202K 98,252K 622,303K 147
17,17-5,153K 504,204K 672,255K 840,307K 8
17,17-6,155K 451,207K 268,259K 85,310K 902
17,17-7,157K 412,209K 882,262K 352,314K 823
17,17-8,159K 390,212K 520,265K 650,318K 780
17,17-9,161K 387,215K 182,268K 977,322K 773
17,17-10,163K 397,217K 862,272K 327,326K 793
17,17-11,165K 425,220K 566,275K 707,330K 849
17,17-12,167K 469,223K 292,279K 114,334K 937
17,17-13,169K 530,226K 40,282K 549,339K 59
17,17-14,171K 608,228K 810,286K 12,343K 215
17,17-15,173K 700,231K 600,289K 499,347K 399
17,17-16,175K 811,234K 415,293K 18,351K 622
17,17-17,177K 939,237K 252,296K 565,355K 878
17,17-18,180K 84,240K 112,300K 140,360K 168
17,17-19,182K 247,242K 996,303K 744,364K 493
17,17-20,184K 424,245K 899,307K 373,368K 848
17,17-21,186K 625,248K 833,311K 41,373K 250
17,17-22,188K 838,251K 784,314K 730,377K 676
17,17-23,191K 70,254K 760,318K 450,382K 140
17,17-24,193K 321,257K 761,322K 201,386K 642
17,17-25,195K 588,260K 784,325K 979,391K 175
17,17-26,197K 878,263K 837,329K 796,395K 756
17,17-27,200K 181,266K 908,333K 634,400K 361
17,17-28,202K 505,270K 6,337K 507,405K 9
17,17-29,204K 847,273K 129,341K 411,409K 694
17,17-30,207K 206,276K 275,345K 343,414K 412
18,18-1,209K 586,279K 448,349K 310,419K 172
18,18-2,211K 982,282K 643,353K 303,423K 964
18,18-3,214K 398,285K 864,357K 329,428K 795
18,18-4,216K 437,288K 583,360K 728,432K 874
18,18-5,217K 599,290K 132,362K 665,435K 198
18,18-6,217K 937,290K 583,363K 228,435K 874
18,18-7,218K 275,291K 33,363K 791,436K 550
18,18-8,218K 615,291K 486,364K 357,437K 229
18,18-9,218K 956,291K 941,364K 926,437K 912
18,18-10,219K 297,292K 396,365K 495,438K 594
18,18-11,219K 639,292K 852,366K 64,439K 277
18,18-12,219K 980,293K 307,366K 633,439K 960
18,18-13,220K 322,293K 763,367K 203,440K 644
18,18-14,220K 664,294K 219,367K 773,441K 328
18,18-15,221K 6,294K 674,368K 342,442K 11
18,18-16,221K 348,295K 130,368K 912,442K 695
18,18-17,221K 689,295K 585,369K 481,443K 378
18,18-18,222K 31,296K 41,370K 51,444K 62
18,18-19,222K 373,296K 497,370K 621,444K 746
18,18-20,222K 716,296K 955,371K 193,445K 432
18,18-21,223K 62,297K 416,371K 770,446K 124
18,18-22,223K 409,297K 878,372K 347,446K 817
18,18-23,223K 755,298K 340,372K 925,447K 510
18,18-24,224K 102,298K 803,373K 503,448K 204
18,18-25,224K 448,299K 264,374K 80,448K 896
18,18-26,224K 796,299K 728,374K 659,449K 591
18,18-27,225K 143,300K 190,375K 237,450K 285
18,18-28,225K 489,300K 652,375K 815,450K 978
18,18-29,225K 836,301K 114,376K 392,451K 671
18,18-30,226K 182,301K 576,376K 970,452K 364
19,19-1,226K 529,302K 39,377K 548,453K 58
19,19-2,226K 877,302K 502,378K 127,453K 753
19,19-3,227K 227,302K 969,378K 711,454K 454
19,19-4,227K 578,303K 437,379K 296,455K 156
19,19-5,227K 930,303K 906,379K 882,455K 859
19,19-6,228K 281,304K 375,380K 468,456K 562
19,19-7,228K 632,304K 843,381K 53,457K 264
19,19-8,228K 984,305K 312,381K 639,457K 967
19,19-9,229K 335,305K 780,382K 224,458K 669
19,19-10,229K 686,306K 248,382K 809,459K 371
19,19-11,230K 37,306K 716,383K 395,460K 74
19,19-12,230K 388,307K 184,383K 980,460K 776
19,19-13,230K 740,307K 653,384K 566,461K 480
19,19-14,231K 93,308K 124,385K 154,462K 185
19,19-15,231K 446,308K 595,385K 743,462K 892
19,19-16,231K 801,309K 68,386K 335,463K 602
19,19-17,232K 157,309K 543,386K 928,464K 314
19,19-18,232K 513,310K 17,387K 521,465K 26
19,19-19,232K 869,310K 492,388K 115,465K 738
19,19-20,233K 225,310K 967,388K 708,466K 450
19,19-21,233K 580,311K 440,389K 300,467K 160
19,19-22,233K 936,311K 915,389K 893,467K 872
19,19-23,234K 293,312K 390,390K 487,468K 585
19,19-24,234K 648,312K 864,391K 80,469K 296
19,19-25,235K 4,313K 338,391K 672,470K 7
19,19-26,235K 360,313K 813,392K 266,470K 720
19,19-27,235K 718,314K 291,392K 863,471K 436
19,19-28,236K 78,314K 771,393K 463,472K 156
19,19-29,236K 439,315K 252,394K 64,472K 877
19,19-30,236K 799,315K 732,394K 665,473K 598
20,20-1,237K 161,316K 214,395K 267,474K 321
20,20-2,237K 521,316K 695,395K 868,475K 42
20,20-3,237K 882,317K 176,396K 469,475K 763
20,20-4,238K 242,317K 656,397K 70,476K 484
20,20-5,238K 603,318K 137,397K 671,477K 206
20,20-6,238K 963,318K 617,398K 271,477K 926
20,20-7,239K 324,319K 99,398K 873,478K 648
20,20-8,239K 685,319K 580,399K 475,479K 370
20,20-9,240K 48,320K 64,400K 79,480K 95
20,20-10,240K 412,320K 549,400K 686,480K 824
20,20-11,240K 777,321K 36,401K 294,481K 553
20,20-12,241K 143,321K 524,401K 904,482K 285
20,20-13,241K 508,322K 10,402K 512,483K 15
20,20-14,241K 873,322K 497,403K 121,483K 746
20,20-15,242K 239,322K 985,403K 731,484K 478
20,20-16,242K 604,323K 472,404K 340,485K 208
20,20-17,242K 970,323K 960,404K 949,485K 939
20,20-18,243K 335,324K 447,405K 558,486K 670
20,20-19,243K 701,324K 935,406K 168,487K 402
20,20-20,244K 67,325K 423,406K 778,488K 134
20,20-21,244K 433,325K 910,407K 387,488K 865
20,20-22,244K 802,326K 402,408K 2,489K 603
20,20-23,245K 172,326K 896,408K 619,490K 343
20,20-24,245K 543,327K 390,409K 237,491K 85
20,20-25,245K 913,327K 884,409K 855,491K 826
20,20-26,246K 283,328K 377,410K 471,492K 566
20,20-27,246K 654,328K 872,411K 89,493K 307
20,20-28,247K 25,329K 366,411K 707,494K 49
20,20-29,247K 395,329K 860,412K 324,494K 789
20,20-30,247K 765,330K 353,412K 941,495K 530
21,21-1,248K 136,330K 848,413K 559,496K 271
21,21-2,248K 506,331K 341,414K 176,497K 12
21,21-3,248K 878,331K 837,414K 796,497K 756
21,21-4,249K 251,332K 335,415K 418,498K 502
21,21-5,249K 626,332K 834,416K 42,499K 251
21,21-6,250K 1,333K 334,416K 667,500K 1
21,21-7,250K 376,333K 834,417K 292,500K 751
21,21-8,250K 751,334K 334,417K 917,501K 501
21,21-9,251K 126,334K 835,418K 543,502K 252
21,21-10,251K 501,335K 335,419K 168,503K 2
21,21-11,251K 876,335K 835,419K 793,503K 752
21,21-12,252K 252,336K 336,420K 419,504K 503
21,21-13,252K 627,336K 836,421K 44,505K 253
21,21-14,253K 2,337K 336,421K 669,506K 3
21,21-15,253K 378,337K 837,422K 296,506K 756
21,21-16,253K 755,338K 340,422K 925,507K 510
21,21-17,254K 135,338K 847,423K 558,508K 270
21,21-18,254K 515,339K 353,424K 191,509K 30
21,21-19,254K 896,339K 861,424K 826,509K 792
21,21-20,255K 276,340K 368,425K 460,510K 552
21,21-21,255K 656,340K 875,426K 93,511K 312
21,21-22,256K 37,341K 383,426K 728,512K 74
21,21-23,256K 418,341K 890,427K 362,512K 835
21,21-24,256K 797,342K 396,427K 995,513K 594
21,21-25,257K 178,342K 904,428K 629,514K 355
21,21-26,257K 558,343K 411,429K 263,515K 116
21,21-27,257K 939,343K 918,429K 897,515K 877
21,21-28,258K 321,344K 428,430K 534,516K 641
21,21-29,258K 705,344K 940,431K 174,517K 409
21,21-30,259K 90,345K 453,431K 816,518K 180
22,22-1,259K 475,345K 967,432K 458,518K 950
22,22-2,259K 860,346K 480,433K 100,519K 720
22,22-3,260K 246,346K 994,433K 742,520K 491
22,22-4,260K 631,347K 508,434K 384,521K 261
22,22-5,261K 16,348K 21,435K 26,522K 32
22,22-6,261K 401,348K 535,435K 668,522K 802
22,22-7,261K 786,349K 48,436K 310,523K 572
22,22-8,262K 172,349K 562,436K 952,524K 343
22,22-9,262K 557,350K 76,437K 595,525K 114
22,22-10,262K 944,350K 592,438K 239,525K 887
22,22-11,263K 333,351K 110,438K 887,526K 665
22,22-12,263K 723,351K 630,439K 537,527K 445
22,22-13,264K 113,352K 150,440K 187,528K 225
22,22-14,264K 503,352K 671,440K 838,529K 6
22,22-15,264K 894,353K 192,441K 489,529K 787
22,22-16,265K 284,353K 712,442K 139,530K 567
22,22-17,265K 674,354K 232,442K 790,531K 348
22,22-18,266K 65,354K 753,443K 441,532K 130
22,22-19,266K 455,355K 273,444K 91,532K 910
22,22-20,266K 846,355K 794,444K 742,533K 691
22,22-21,267K 236,356K 314,445K 392,534K 471
22,22-22,267K 627,356K 836,446K 45,535K 254
22,22-23,268K 21,357K 361,446K 701,536K 42
22,22-24,268K 416,357K 888,447K 359,536K 831
22,22-25,268K 811,358K 415,448K 18,537K 622
22,22-26,269K 207,358K 942,448K 677,538K 413
22,22-27,269K 602,359K 469,449K 336,539K 204
22,22-28,269K 998,359K 997,449K 996,539K 996
22,22-29,270K 393,360K 524,450K 654,540K 785
22,22-30,270K 789,361K 52,451K 315,541K 578
23,23-1,271K 184,361K 579,451K 973,542K 368
23,23-2,271K 579,362K 105,452K 631,543K 158
23,23-3,271K 975,362K 633,453K 291,543K 950
23,23-4,272K 371,363K 161,453K 951,544K 742
23,23-5,272K 769,363K 692,454K 615,545K 538
23,23-6,273K 170,364K 226,455K 282,546K 339
23,23-7,273K 570,364K 760,455K 949,547K 139
23,23-8,273K 970,365K 293,456K 616,547K 940
23,23-9,274K 370,365K 827,457K 283,548K 740
23,23-10,274K 772,366K 362,457K 952,549K 543
23,23-11,275K 172,366K 896,458K 619,550K 343
23,23-12,275K 573,367K 430,459K 287,551K 145
23,23-13,275K 973,367K 964,459K 955,551K 946
23,23-14,276K 374,368K 499,460K 623,552K 748
23,23-15,276K 774,369K 32,461K 290,553K 548
23,23-16,277K 175,369K 567,461K 958,554K 350
23,23-17,277K 578,370K 104,462K 629,555K 155
23,23-18,277K 983,370K 644,463K 305,555K 966
23,23-19,278K 389,371K 185,463K 981,556K 778
23,23-20,278K 795,371K 726,464K 657,557K 589
23,23-21,279K 224,372K 299,465K 373,558K 448
23,23-22,280K 39,373K 385,466K 731,560K 78
23,23-23,282K 20,376K 27,470K 33,564K 40
23,23-24,285K 51,380K 68,475K 85,570K 102
23,23-25,288K 239,384K 318,480K 397,576K 477
23,23-26,291K 34,388K 45,485K 56,582K 68
23,23-27,292K 834,390K 445,488K 56,585K 668
23,23-28,293K 745,391K 660,489K 574,587K 489
23,23-29,294K 482,392K 642,490K 802,588K 963
23,23-30,295K 207,393K 609,492K 11,590K 414
24,24-1,295K 934,394K 578,493K 222,591K 867
24,24-2,296K 661,395K 548,494K 434,593K 321
24,24-3,297K 390,396K 520,495K 649,594K 779
24,24-4,298K 121,397K 494,496K 867,596K 241
24,24-5,298K 852,398K 469,498K 86,597K 704
24,24-6,299K 585,399K 446,499K 307,599K 169
24,24-7,300K 319,400K 425,500K 531,600K 638
24,24-8,301K 54,401K 405,501K 756,602K 108
24,24-9,301K 790,402K 387,502K 983,603K 580
24,24-10,302K 528,403K 371,504K 213,605K 56
24,24-11,303K 267,404K 356,505K 444,606K 533
24,24-12,304K 6,405K 341,506K 676,608K 12
24,24-13,304K 748,406K 330,507K 912,609K 495
24,24-14,305K 490,407K 320,509K 150,610K 980
24,24-15,306K 233,408K 311,510K 388,612K 466
24,24-16,306K 978,409K 304,511K 630,613K 956
24,24-17,307K 725,410K 300,512K 874,615K 449
24,24-18,308K 471,411K 295,514K 118,616K 942
24,24-19,309K 219,412K 292,515K 364,618K 437
24,24-20,309K 969,413K 292,516K 614,619K 937
24,24-21,310K 802,414K 402,518K 2,621K 603
24,24-22,311K 677,415K 569,519K 461,623K 354
24,24-23,312K 554,416K 739,520K 923,625K 108
24,24-24,313K 859,418K 478,523K 97,627K 717
24,24-25,315K 379,420K 505,525K 631,630K 758
24,24-26,316K 906,422K 541,528K 176,633K 812
24,24-27,318K 436,424K 581,530K 726,636K 872
24,24-28,319K 969,426K 625,533K 281,639K 938
24,24-29,321K 508,428K 677,535K 846,643K 16
24,24-30,323K 52,430K 736,538K 420,646K 104
25,25-1,324K 601,432K 801,541K 1,649K 202
25,25-2,326K 154,434K 872,543K 589,652K 307
25,25-3,327K 712,436K 949,546K 186,655K 424
25,25-4,329K 274,439K 32,548K 789,658K 547
25,25-5,330K 839,441K 119,551K 398,661K 678
25,25-6,332K 411,443K 215,554K 18,664K 822
25,25-7,333K 986,445K 315,556K 643,667K 972
25,25-8,335K 567,447K 422,559K 277,671K 133
25,25-9,337K 150,449K 533,561K 916,674K 300
25,25-10,338K 738,451K 650,564K 562,677K 475
25,25-11,340K 331,453K 774,567K 217,680K 661
25,25-12,341K 927,455K 903,569K 878,683K 854
25,25-13,343K 529,458K 39,572K 548,687K 58
25,25-14,345K 135,460K 180,575K 224,690K 269
25,25-15,346K 744,462K 325,577K 906,693K 488
25,25-16,348K 358,464K 477,580K 596,696K 716
25,25-17,349K 977,466K 636,583K 294,699K 953
25,25-18,351K 599,468K 799,585K 998,703K 198
25,25-19,353K 225,470K 967,588K 708,706K 450
25,25-20,354K 856,473K 141,591K 426,709K 712
25,25-21,356K 490,475K 320,594K 150,712K 980
25,25-22,358K 145,477K 527,596K 908,716K 290
25,25-23,360K 24,480K 32,600K 40,720K 48
25,25-24,362K 308,483K 77,603K 846,724K 616
25,25-25,364K 704,486K 272,607K 840,729K 408
25,25-26,367K 115,489K 487,611K 858,734K 230
25,25-27,369K 540,492K 720,615K 899,739K 79
25,25-28,371K 976,495K 968,619K 959,743K 951
25,25-29,374K 422,499K 229,624K 36,748K 844
25,25-30,376K 883,502K 510,628K 137,753K 765
26,26-1,379K 354,505K 805,632K 256,758K 708
26,26-2,381K 839,509K 118,636K 397,763K 677
26,26-3,384K 335,512K 446,640K 557,768K 669
26,26-4,386K 843,515K 791,644K 738,773K 686
26,26-5,389K 365,519K 153,648K 941,778K 730
26,26-6,391K 896,522K 528,653K 160,783K 792
26,26-7,394K 440,525K 920,657K 399,788K 879
26,26-8,396K 998,529K 330,661K 662,793K 995
26,26-9,399K 567,532K 756,665K 945,799K 134
26,26-10,402K 149,536K 199,670K 248,804K 298
26,26-11,404K 742,539K 656,674K 569,809K 483
26,26-12,407K 348,543K 130,678K 912,814K 695
26,26-13,409K 965,546K 620,683K 274,819K 929
26,26-14,412K 595,550K 127,687K 658,825K 190
26,26-15,415K 238,553K 650,692K 62,830K 475
26,26-16,417K 890,557K 187,696K 483,835K 780
26,26-17,420K 557,560K 742,700K 927,841K 113
26,26-18,423K 235,564K 313,705K 391,846K 470
26,26-19,425K 924,567K 899,709K 873,851K 848
26,26-20,428K 626,571K 501,714K 376,857K 252
26,26-21,431K 339,575K 119,718K 898,862K 678
26,26-22,434K 67,578K 756,723K 444,868K 133
26,26-23,436K 805,582K 407,728K 8,873K 610
26,26-24,439K 554,586K 72,732K 589,879K 107
26,26-25,442K 313,589K 751,737K 188,884K 626
26,26-26,445K 88,593K 450,741K 812,890K 175
26,26-27,447K 874,597K 165,746K 456,895K 748
26,26-28,450K 671,600K 894,751K 117,901K 341
26,26-29,453K 479,604K 638,755K 797,906K 957
26,26-30,456K 299,608K 399,760K 498,912K 598
27,27-1,459K 150,612K 200,765K 249,918K 299
27,27-2,462K 278,616K 370,770K 462,924K 555
27,27-3,465K 620,620K 826,776K 32,931K 239
27,27-4,468K 923,625K 230,781K 537,937K 845
27,27-5,471K 285,628K 380,785K 474,942K 569
27,27-6,472K 397,629K 862,787K 327,944K 793
27,27-7,473K 351,631K 134,788K 917,946K 701
27,27-8,474K 298,632K 397,790K 496,948K 596
27,27-9,475K 237,633K 649,792K 61,950K 474
27,27-10,476K 169,634K 892,793K 615,952K 338
27,27-11,477K 95,636K 126,795K 157,954K 189
27,27-12,478K 13,637K 350,796K 687,956K 25
27,27-13,478K 922,638K 562,798K 202,957K 843
27,27-14,479K 825,639K 766,799K 707,959K 649
27,27-15,480K 720,640K 960,801K 199,961K 439
27,27-16,481K 607,642K 143,802K 678,963K 214
27,27-17,482K 485,643K 313,804K 141,964K 970
27,27-18,483K 354,644K 472,805K 590,966K 708
27,27-19,484K 215,645K 620,807K 25,968K 430
27,27-20,485K 69,646K 759,808K 448,970K 138
27,27-21,485K 913,647K 884,809K 854,971K 825
27,27-22,486K 748,648K 997,811K 246,973K 496
27,27-23,487K 575,650K 100,812K 624,975K 149
27,27-24,488K 393,651K 190,813K 987,976K 785
27,27-25,489K 201,652K 268,815K 334,978K 401
27,27-26,489K 998,653K 331,816K 663,979K 996
27,27-27,490K 788,654K 384,817K 980,981K 576
27,27-28,491K 567,655K 423,819K 278,983K 134
27,27-29,492K 337,656K 449,820K 561,984K 674
27,27-30,493K 96,657K 461,821K 826,986K 192
28,28-1,493K 845,658K 460,823K 74,987K 689
28,28-2,494K 584,659K 445,824K 306,989K 168
28,28-3,495K 312,660K 416,825K 520,990K 624
28,28-4,496K 29,661K 372,826K 715,992K 58
28,28-5,496K 737,662K 316,827K 894,993K 473
28,28-6,497K 432,663K 242,829K 52,994K 863
28,28-7,498K 114,664K 152,830K 190,996K 228
28,28-8,498K 801,665K 68,831K 334,997K 601
28,28-9,500K 210,666K 946,833K 682,1M 1K
28,28-10,503K 229,670K 972,838K 714,1M 7K
28,28-11,507K 435,676K 580,845K 724,1M 15K
28,28-12,512K 94,682K 792,853K 489,1M 25K
28,28-13,516K 809,689K 79,861K 348,1M 34K
28,28-14,521K 565,695K 420,869K 275,1M 44K
28,28-15,526K 364,701K 818,877K 272,1M 53K
28,28-16,531K 205,708K 273,885K 341,1M 63K
28,28-17,536K 94,714K 792,893K 490,1M 73K
28,28-18,541K 30,721K 373,901K 716,1M 83K
28,28-19,546K 9,728K 12,910K 14,1M 93K
28,28-20,551K 31,734K 708,918K 384,1M 103K
28,28-21,556K 100,741K 466,926K 832,1M 113K
28,28-22,561K 221,748K 295,935K 368,1M 123K
28,28-23,566K 388,755K 184,943K 980,1M 133K
28,28-24,571K 599,762K 132,952K 664,1M 144K
28,28-25,576K 855,769K 140,961K 425,1M 154K
28,28-26,582K 167,776K 222,970K 277,1M 165K
28,28-27,587K 527,783K 369,979K 211,1M 176K
28,28-28,592K 934,790K 579,988K 223,1M 186K
28,28-29,598K 388,797K 850,997K 312,1M 197K
28,28-30,603K 894,805K 192,1M 7K,1M 208K
29,29-1,609K 453,812K 604,1M 16K,1M 219K
29,29-2,615K 63,820K 84,1M 26K,1M 231K
29,29-3,620K 721,827K 628,1M 35K,1M 242K
29,29-4,626K 432,835K 243,1M 45K,1M 253K
29,29-5,632K 197,842K 929,1M 54K,1M 265K
29,29-6,638K 16,850K 688,1M 64K,1M 277K
29,29-7,643K 886,858K 515,1M 74K,1M 288K
29,29-8,649K 809,866K 412,1M 84K,1M 300K
29,29-9,655K 792,874K 389,1M 93K,1M 312K
29,29-10,661K 827,882K 436,1M 104K,1M 324K
29,29-11,667K 751,890K 334,1M 113K,1M 336K
29,29-12,671K 601,895K 468,1M 120K,1M 344K
29,29-13,674K 895,899K 860,1M 125K,1M 350K
29,29-14,678K 204,904K 272,1M 131K,1M 357K
29,29-15,681K 529,908K 705,1M 136K,1M 364K
29,29-16,684K 870,913K 160,1M 142K,1M 370K
29,29-17,688K 230,917K 640,1M 148K,1M 377K
29,29-18,691K 606,922K 141,1M 153K,1M 384K
29,29-19,695K 2,926K 669,1M 159K,1M 391K
29,29-20,698K 418,931K 224,1M 165K,1M 397K
29,29-21,701K 850,935K 800,1M 170K,1M 404K
29,29-22,705K 305,940K 406,1M 176K,1M 411K
29,29-23,708K 773,945K 30,1M 182K,1M 418K
29,29-24,712K 258,949K 677,1M 188K,1M 425K
29,29-25,715K 760,954K 346,1M 193K,1M 432K
29,29-26,719K 280,959K 40,1M 199K,1M 439K
29,29-27,722K 818,963K 757,1M 205K,1M 446K
29,29-28,726K 372,968K 496,1M 211K,1M 453K
29,29-29,729K 944,973K 258,1M 217K,1M 460K
29,29-30,733K 533,978K 44,1M 223K,1M 468K
30,30-1,737K 140,982K 853,1M 229K,1M 475K
30,30-2,740K 765,987K 686,1M 235K,1M 482K
30,30-3,744K 407,992K 542,1M 241K,1M 489K
30,30-4,748K 68,997K 424,1M 247K,1M 497K
30,30-5,751K 746,1M 3K,1M 253K,1M 504K
30,30-6,755K 444,1M 8K,1M 260K,1M 511K
30,30-7,759K 158,1M 13K,1M 266K,1M 519K
30,30-8,762K 890,1M 18K,1M 272K,1M 526K
30,30-9,766K 643,1M 23K,1M 278K,1M 534K
30,30-10,770K 412,1M 28K,1M 285K,1M 541K
30,30-11,774K 200,1M 33K,1M 291K,1M 549K
30,30-12,778K 8,1M 38K,1M 297K,1M 557K
30,30-13,781K 834,1M 43K,1M 304K,1M 564K
30,30-14,785K 679,1M 48K,1M 310K,1M 572K
30,30-15,789K 543,1M 53K,1M 316K,1M 580K
30,30-16,793K 754,1M 59K,1M 323K,1M 588K
30,30-17,802K 446,1M 70K,1M 338K,1M 605K
30,30-18,811K 724,1M 83K,1M 353K,1M 624K
30,30-19,821K 102,1M 95K,1M 369K,1M 643K
30,30-20,830K 584,1M 108K,1M 385K,1M 662K
30,30-21,840K 173,1M 121K,1M 401K,1M 681K
30,30-22,849K 893,1M 134K,1M 417K,1M 700K
30,30-23,859K 715,1M 147K,1M 433K,1M 720K
30,30-24,869K 646,1M 160K,1M 450K,1M 740K
30,30-25,879K 683,1M 173K,1M 467K,1M 760K
30,30-26,889K 851,1M 187K,1M 484K,1M 780K
30,30-27,900K 141,1M 201K,1M 501K,1M 801K
30,30-28,910K 542,1M 215K,1M 518K,1M 822K
30,30-29,921K 57,1M 229K,1M 536K,1M 843K
30,30-30,931K 695,1M 243K,1M 553K,1M 864K
31,31-1,942K 328,1M 257K,1M 571K,1M 885K
31,31-2,951K 399,1M 269K,1M 586K,1M 903K
31,31-3,958K 429,1M 278K,1M 598K,1M 917K
31,31-4,965K 178,1M 287K,1M 609K,1M 931K
31,31-5,971K 976,1M 296K,1M 620K,1M 944K
31,31-6,978K 822,1M 306K,1M 632K,1M 958K
31,31-7,985K 716,1M 315K,1M 643K,1M 972K
31,31-8,992K 657,1M 324K,1M 655K,1M 986K
31,31-9,999K 649,1M 333K,1M 667K,2M
31,31-10,1M 7K,1M 343K,1M 678K,2M 14K
31,31-11,1M 14K,1M 352K,1M 690K,2M 28K
31,31-12,1M 21K,1M 362K,1M 702K,2M 42K
31,31-13,1M 29K,1M 371K,1M 714K,2M 57K
31,31-14,1M 36K,1M 381K,1M 726K,2M 71K
31,31-15,1M 43K,1M 391K,1M 738K,2M 86K
31,31-16,1M 50K,1M 400K,1M 750K,2M 100K
31,31-17,1M 58K,1M 410K,1M 763K,2M 115K
31,31-18,1M 65K,1M 420K,1M 775K,2M 130K
31,31-19,1M 73K,1M 430K,1M 788K,2M 145K
31,31-20,1M 80K,1M 440K,1M 800K,2M 160K
31,31-21,1M 89K,1M 452K,1M 815K,2M 177K
31,31-22,1M 98K,1M 464K,1M 830K,2M 195K
31,31-23,1M 107K,1M 476K,1M 845K,2M 214K
31,31-24,1M 116K,1M 488K,1M 860K,2M 232K
31,31-25,1M 125K,1M 500K,1M 875K,2M 250K
31,31-26,1M 135K,1M 513K,1M 891K,2M 269K
31,31-27,1M 144K,1M 525K,1M 906K,2M 288K
31,31-28,1M 154K,1M 538K,1M 923K,2M 307K
31,31-29,1M 164K,1M 552K,1M 940K,2M 328K
31,31-30,1M 174K,1M 566K,1M 957K,2M 348K
32,32-1,1M 185K,1M 580K,1M 974K,2M 369K
32,32-2,1M 195K,1M 594K,1M 992K,2M 390K
32,32-3,1M 206K,1M 608K,2M 9K,2M 411K
32,32-4,1M 216K,1M 622K,2M 27K,2M 432K
32,32-5,1M 227K,1M 636K,2M 45K,2M 454K
32,32-6,1M 238K,1M 651K,2M 63K,2M 476K
32,32-7,1M 249K,1M 665K,2M 81K,2M 498K
32,32-8,1M 260K,1M 680K,2M 100K,2M 520K
32,32-9,1M 271K,1M 695K,2M 118K,2M 542K
32,32-10,1M 282K,1M 710K,2M 137K,2M 564K
32,32-11,1M 294K,1M 725K,2M 156K,2M 587K
32,32-12,1M 305K,1M 740K,2M 175K,2M 610K
32,32-13,1M 317K,1M 755K,2M 194K,2M 633K
32,32-14,1M 328K,1M 771K,2M 214K,2M 656K
32,32-15,1M 340K,1M 787K,2M 233K,2M 680K
32,32-16,1M 352K,1M 802K,2M 253K,2M 703K
32,32-17,1M 364K,1M 818K,2M 273K,2M 727K
32,32-18,1M 376K,1M 834K,2M 293K,2M 751K
32,32-19,1M 388K,1M 851K,2M 313K,2M 776K
32,32-20,1M 400K,1M 867K,2M 333K,2M 800K
32,32-21,1M 412K,1M 882K,2M 352K,2M 823K
32,32-22,1M 423K,1M 897K,2M 371K,2M 846K
32,32-23,1M 435K,1M 913K,2M 391K,2M 869K
32,32-24,1M 446K,1M 928K,2M 410K,2M 892K
32,32-25,1M 458K,1M 944K,2M 430K,2M 916K
32,32-26,1M 470K,1M 960K,2M 450K,2M 940K
32,32-27,1M 482K,1M 976K,2M 470K,2M 964K
32,32-28,1M 494K,1M 992K,2M 490K,2M 988K
32,32-29,1M 506K,2M 8K,2M 510K,3M 12K
32,32-30,1M 519K,2M 25K,2M 531K,3M 37K
33,33-1,1M 531K,2M 41K,2M 552K,3M 62K
33,33-2,1M 544K,2M 58K,2M 572K,3M 87K
33,33-3,1M 556K,2M 75K,2M 593K,3M 112K
33,33-4,1M 569K,2M 92K,2M 615K,3M 137K
33,33-5,1M 582K,2M 109K,2M 636K,3M 163K
33,33-6,1M 595K,2M 126K,2M 657K,3M 189K
33,33-7,1M 608K,2M 143K,2M 679K,3M 215K
33,33-8,1M 621K,2M 161K,2M 701K,3M 241K
33,33-9,1M 634K,2M 179K,2M 723K,3M 268K
33,33-10,1M 647K,2M 196K,2M 745K,3M 294K
33,33-11,1M 661K,2M 214K,2M 768K,3M 321K
33,33-12,1M 674K,2M 232K,2M 790K,3M 348K
33,33-13,1M 688K,2M 251K,2M 813K,3M 376K
33,33-14,1M 702K,2M 269K,2M 836K,3M 403K
33,33-15,1M 716K,2M 288K,2M 859K,3M 431K
33,33-16,1M 730K,2M 306K,2M 883K,3M 459K
33,33-17,1M 744K,2M 325K,2M 906K,3M 487K
33,33-18,1M 758K,2M 344K,2M 930K,3M 516K
33,33-19,1M 773K,2M 363K,2M 954K,3M 545K
33,33-20,1M 787K,2M 383K,2M 978K,3M 574K
33,33-21,1M 802K,2M 402K,3M 2K,3M 603K
33,33-22,1M 816K,2M 422K,3M 27K,3M 632K
33,33-23,1M 831K,2M 441K,3M 52K,3M 662K
33,33-24,1M 846K,2M 461K,3M 77K,3M 692K
33,33-25,1M 861K,2M 482K,3M 102K,3M 722K
33,33-26,1M 876K,2M 502K,3M 127K,3M 752K
33,33-27,1M 892K,2M 522K,3M 153K,3M 783K
33,33-28,1M 907K,2M 543K,3M 178K,3M 814K
33,33-29,1M 923K,2M 564K,3M 204K,3M 845K
33,33-30,1M 939K,2M 585K,3M 231K,3M 877K
34,34-1,1M 954K,2M 606K,3M 257K,3M 908K
34,34-2,1M 970K,2M 627K,3M 284K,3M 940K
34,34-3,1M 986K,2M 648K,3M 310K,3M 972K
34,34-4,2M 2K,2M 669K,3M 337K,4M 4K
34,34-5,2M 18K,2M 690K,3M 363K,4M 35K
34,34-6,2M 33K,2M 711K,3M 389K,4M 66K
34,34-7,2M 49K,2M 732K,3M 415K,4M 98K
34,34-8,2M 65K,2M 754K,3M 442K,4M 130K
34,34-9,2M 81K,2M 775K,3M 469K,4M 162K
34,34-10,2M 98K,2M 797K,3M 496K,4M 195K
34,34-11,2M 114K,2M 818K,3M 523K,4M 227K
34,34-12,2M 130K,2M 840K,3M 550K,4M 260K
34,34-13,2M 147K,2M 862K,3M 578K,4M 293K
34,34-14,2M 164K,2M 885K,3M 606K,4M 327K
34,34-15,2M 181K,2M 907K,3M 634K,4M 361K
34,34-16,2M 198K,2M 930K,3M 662K,4M 395K
34,34-17,2M 215K,2M 953K,3M 691K,4M 429K
34,34-18,2M 232K,2M 976K,3M 719K,4M 463K
34,34-19,2M 249K,2M 999K,3M 748K,4M 498K
34,34-20,2M 267K,3M 22K,3M 778K,4M 533K
34,34-21,2M 284K,3M 46K,3M 807K,4M 568K
34,34-22,2M 302K,3M 69K,3M 837K,4M 604K
34,34-23,2M 320K,3M 93K,3M 867K,4M 640K
34,34-24,2M 338K,3M 117K,3M 896K,4M 675K
34,34-25,2M 352K,3M 136K,3M 919K,4M 703K
34,34-26,2M 363K,3M 151K,3M 938K,4M 726K
34,34-27,2M 375K,3M 166K,3M 957K,4M 749K
34,34-28,2M 386K,3M 181K,3M 976K,4M 771K
34,34-29,2M 397K,3M 196K,3M 995K,4M 794K
34,34-30,2M 409K,3M 212K,4M 14K,4M 817K
35,35-1,2M 420K,3M 227K,4M 34K,4M 840K
35,35-2,2M 432K,3M 243K,4M 53K,4M 864K
35,35-3,2M 444K,3M 258K,4M 73K,4M 887K
35,35-4,2M 456K,3M 274K,4M 92K,4M 911K
35,35-5,2M 467K,3M 290K,4M 112K,4M 934K
35,35-6,2M 479K,3M 305K,4M 132K,4M 958K
35,35-7,2M 491K,3M 321K,4M 151K,4M 982K
35,35-8,2M 503K,3M 337K,4M 171K,5M 6K
35,35-9,2M 515K,3M 353K,4M 191K,5M 30K
35,35-10,2M 527K,3M 369K,4M 212K,5M 54K
35,35-11,2M 539K,3M 386K,4M 232K,5M 78K
35,35-12,2M 552K,3M 402K,4M 252K,5M 103K
35,35-13,2M 564K,3M 418K,4M 273K,5M 127K
35,35-14,2M 576K,3M 435K,4M 293K,5M 152K
35,35-15,2M 588K,3M 451K,4M 314K,5M 176K
35,35-16,2M 601K,3M 468K,4M 335K,5M 201K
35,35-17,2M 613K,3M 484K,4M 355K,5M 226K
35,35-18,2M 626K,3M 501K,4M 376K,5M 251K
35,35-19,2M 639K,3M 518K,4M 397K,5M 277K
35,35-20,2M 651K,3M 535K,4M 418K,5M 302K
35,35-21,2M 664K,3M 552K,4M 439K,5M 327K
35,35-22,2M 677K,3M 569K,4M 461K,5M 353K
35,35-23,2M 690K,3M 586K,4M 482K,5M 379K
35,35-24,2M 702K,3M 603K,4M 504K,5M 404K
35,35-25,2M 715K,3M 620K,4M 525K,5M 430K
35,35-26,2M 728K,3M 638K,4M 547K,5M 456K
35,35-27,2M 741K,3M 655K,4M 569K,5M 482K
35,35-28,2M 755K,3M 673K,4M 591K,5M 509K
35,35-29,2M 768K,3M 690K,4M 613K,5M 535K
35,35-30,2M 781K,3M 708K,4M 635K,5M 562K
36,36-1,2M 794K,3M 726K,4M 657K,5M 588K
36,36-2,2M 808K,3M 744K,4M 679K,5M 615K
36,36-3,2M 821K,3M 762K,4M 702K,5M 642K
36,36-4,2M 835K,3M 780K,4M 724K,5M 669K
36,36-5,2M 848K,3M 798K,4M 747K,5M 696K
36,36-6,2M 862K,3M 816K,4M 770K,5M 724K
36,36-7,2M 876K,3M 834K,4M 793K,5M 751K
36,36-8,2M 890K,3M 853K,4M 816K,5M 779K
36,36-9,2M 904K,3M 871K,4M 839K,5M 807K
36,36-10,2M 917K,3M 890K,4M 862K,5M 834K
36,36-11,2M 931K,3M 908K,4M 885K,5M 862K
36,36-12,2M 945K,3M 927K,4M 909K,5M 890K
36,36-13,2M 960K,3M 946K,4M 932K,5M 919K
36,36-14,2M 974K,3M 965K,4M 956K,5M 947K
36,36-15,2M 988K,3M 984K,4M 980K,5M 976K
36,36-16,3M 2K,4M 3K,5M 4K,6M 4K
36,36-17,3M 17K,4M 22K,5M 28K,6M 33K
36,36-18,3M 31K,4M 41K,5M 52K,6M 62K
36,36-19,3M 46K,4M 61K,5M 76K,6M 91K
36,36-20,3M 60K,4M 80K,5M 100K,6M 120K
36,36-21,3M 75K,4M 100K,5M 125K,6M 150K
36,36-22,3M 90K,4M 120K,5M 149K,6M 179K
36,36-23,3M 105K,4M 139K,5M 174K,6M 209K
36,36-24,3M 119K,4M 159K,5M 199K,6M 238K
36,36-25,3M 134K,4M 179K,5M 224K,6M 268K
36,36-26,3M 149K,4M 199K,5M 249K,6M 298K
36,36-27,3M 165K,4M 219K,5M 274K,6M 329K
36,36-28,3M 180K,4M 239K,5M 299K,6M 359K
36,36-29,3M 195K,4M 260K,5M 325K,6M 389K
36,36-30,3M 210K,4M 280K,5M 350K,6M 420K
37,37-1,3M 226K,4M 301K,5M 376K,6M 451K
37,37-2,3M 241K,4M 321K,5M 401K,6M 482K
37,37-3,3M 257K,4M 342K,5M 427K,6M 513K
37,37-4,3M 272K,4M 363K,5M 453K,6M 544K
37,37-5,3M 288K,4M 384K,5M 480K,6M 575K
37,37-6,3M 304K,4M 405K,5M 506K,6M 607K
37,37-7,3M 319K,4M 426K,5M 532K,6M 638K
37,37-8,3M 335K,4M 447K,5M 559K,6M 670K
37,37-9,3M 351K,4M 468K,5M 585K,6M 702K
37,37-10,3M 367K,4M 490K,5M 612K,6M 734K
37,37-11,3M 384K,4M 511K,5M 639K,6M 767K
37,37-12,3M 400K,4M 533K,5M 666K,6M 799K
37,37-13,3M 416K,4M 555K,5M 693K,6M 832K
37,37-14,3M 432K,4M 576K,5M 720K,6M 864K
37,37-15,3M 449K,4M 598K,5M 748K,6M 897K
37,37-16,3M 465K,4M 620K,5M 775K,6M 930K
37,37-17,3M 482K,4M 643K,5M 803K,6M 964K
37,37-18,3M 499K,4M 665K,5M 831K,6M 997K
37,37-19,3M 515K,4M 687K,5M 859K,7M 30K
37,37-20,3M 532K,4M 710K,5M 887K,7M 64K
37,37-21,3M 549K,4M 732K,5M 915K,7M 98K
37,37-22,3M 566K,4M 755K,5M 943K,7M 132K
37,37-23,3M 583K,4M 778K,5M 972K,7M 166K
37,37-24,3M 600K,4M 800K,6M,7M 200K
37,37-25,3M 618K,4M 823K,6M 29K,7M 235K
37,37-26,3M 635K,4M 847K,6M 58K,7M 270K
37,37-27,3M 652K,4M 870K,6M 87K,7M 304K
37,37-28,3M 670K,4M 893K,6M 116K,7M 339K
37,37-29,3M 688K,4M 917K,6M 146K,7M 375K
37,37-30,3M 705K,4M 940K,6M 175K,7M 410K
38,38-1,3M 723K,4M 964K,6M 205K,7M 445K
38,38-2,3M 741K,4M 988K,6M 234K,7M 481K
38,38-3,3M 759K,5M 11K,6M 264K,7M 517K
38,38-4,3M 777K,5M 35K,6M 294K,7M 553K
38,38-5,3M 795K,5M 60K,6M 324K,7M 589K
38,38-6,3M 813K,5M 84K,6M 355K,7M 626K
38,38-7,3M 831K,5M 108K,6M 385K,7M 662K
38,38-8,3M 850K,5M 133K,6M 416K,7M 699K
38,38-9,3M 868K,5M 157K,6M 446K,7M 736K
38,38-10,3M 887K,5M 182K,6M 477K,7M 773K
38,38-11,3M 905K,5M 207K,6M 508K,7M 810K
38,38-12,3M 924K,5M 232K,6M 539K,7M 847K
38,38-13,3M 943K,5M 257K,6M 571K,7M 885K
38,38-14,3M 962K,5M 282K,6M 602K,7M 923K
38,38-15,3M 981K,5M 307K,6M 634K,7M 961K
38,38-16,4M,5M 333K,6M 666K,7M 999K
38,38-17,4M 19K,5M 358K,6M 698K,8M 37K
38,38-18,4M 38K,5M 384K,6M 730K,8M 76K
38,38-19,4M 57K,5M 410K,6M 762K,8M 114K
38,38-20,4M 77K,5M 436K,6M 794K,8M 153K
38,38-21,4M 96K,5M 462K,6M 827K,8M 192K
38,38-22,4M 116K,5M 488K,6M 860K,8M 231K
38,38-23,4M 136K,5M 514K,6M 892K,8M 271K
38,38-24,4M 155K,5M 540K,6M 925K,8M 310K
38,38-25,4M 175K,5M 567K,6M 959K,8M 350K
38,38-26,4M 195K,5M 594K,6M 992K,8M 390K
38,38-27,4M 215K,5M 620K,7M 25K,8M 430K
38,38-28,4M 236K,5M 647K,7M 59K,8M 471K
38,38-29,4M 256K,5M 674K,7M 93K,8M 511K
38,38-30,4M 276K,5M 702K,7M 127K,8M 552K
39,39-1,4M 297K,5M 729K,7M 161K,8M 593K
39,39-2,4M 317K,5M 756K,7M 195K,8M 634K
39,39-3,4M 338K,5M 784K,7M 230K,8M 675K
39,39-4,4M 359K,5M 811K,7M 264K,8M 717K
39,39-5,4M 380K,5M 839K,7M 299K,8M 759K
39,39-6,4M 401K,5M 867K,7M 334K,8M 801K
39,39-7,4M 422K,5M 895K,7M 369K,8M 843K
39,39-8,4M 443K,5M 924K,7M 404K,8M 885K
39,39-9,4M 464K,5M 952K,7M 440K,8M 928K
39,39-10,4M 485K,5M 980K,7M 475K,8M 970K
39,39-11,4M 507K,6M 9K,7M 511K,9M 13K
39,39-12,4M 529K,6M 38K,7M 547K,9M 57K
39,39-13,4M 550K,6M 67K,7M 583K,9M 100K
39,39-14,4M 572K,6M 96K,7M 620K,9M 144K
39,39-15,4M 594K,6M 125K,7M 656K,9M 187K
39,39-16,4M 616K,6M 154K,7M 693K,9M 231K
39,39-17,4M 638K,6M 184K,7M 730K,9M 276K
39,39-18,4M 660K,6M 213K,7M 767K,9M 320K
39,39-19,4M 683K,6M 243K,7M 804K,9M 365K
39,39-20,4M 705K,6M 273K,7M 841K,9M 409K
39,39-21,4M 727K,6M 303K,7M 879K,9M 454K
39,39-22,4M 750K,6M 333K,7M 917K,9M 500K
39,39-23,4M 773K,6M 364K,7M 954K,9M 545K
39,39-24,4M 796K,6M 394K,7M 993K,9M 591K
39,39-25,4M 819K,6M 425K,8M 31K,9M 637K
39,39-26,4M 842K,6M 456K,8M 69K,9M 683K
39,39-27,4M 865K,6M 486K,8M 108K,9M 729K
39,39-28,4M 888K,6M 518K,8M 147K,9M 776K
39,39-29,4M 912K,6M 549K,8M 186K,9M 823K
39,39-30,4M 935K,6M 580K,8M 225K,9M 870K
40,40-1,4M 959K,6M 612K,8M 264K,9M 917K
40,40-2,4M 983K,6M 643K,8M 304K,9M 965K
40,40-3,5M 6K,6M 675K,8M 344K,10M 12K
40,40-4,5M 30K,6M 707K,8M 384K,10M 60K
40,40-5,5M 55K,6M 739K,8M 424K,10M 109K
40,40-6,5M 79K,6M 771K,8M 464K,10M 157K
40,40-7,5M 103K,6M 804K,8M 505K,10M 206K
40,40-8,5M 127K,6M 836K,8M 545K,10M 254K
40,40-9,5M 152K,6M 869K,8M 586K,10M 304K
40,40-10,5M 177K,6M 902K,8M 628K,10M 353K
40,40-11,5M 202K,6M 935K,8M 669K,10M 403K
40,40-12,5M 226K,6M 968K,8M 710K,10M 452K
40,40-13,5M 251K,7M 2K,8M 752K,10M 502K
40,40-14,5M 277K,7M 35K,8M 794K,10M 553K
40,40-15,5M 302K,7M 69K,8M 836K,10M 603K
40,40-16,5M 327K,7M 103K,8M 878K,10M 654K
40,40-17,5M 353K,7M 137K,8M 921K,10M 705K
40,40-18,5M 378K,7M 171K,8M 964K,10M 756K
40,40-19,5M 404K,7M 205K,9M 7K,10M 808K
40,40-20,5M 430K,7M 240K,9M 50K,10M 860K
40,40-21,5M 456K,7M 275K,9M 93K,10M 912K
40,40-22,5M 482K,7M 309K,9M 137K,10M 964K
40,40-23,5M 508K,7M 344K,9M 180K,11M 16K
40,40-24,5M 535K,7M 380K,9M 224K,11M 69K
40,40-25,5M 561K,7M 415K,9M 269K,11M 122K
40,40-26,5M 588K,7M 450K,9M 313K,11M 175K
40,40-27,5M 615K,7M 486K,9M 358K,11M 229K
40,40-28,5M 642K,7M 522K,9M 402K,11M 283K
40,40-29,5M 669K,7M 558K,9M 447K,11M 337K
40,40-30,5M 696K,7M 594K,9M 493K,11M 391K
41,41-1,5M 708K,7M 611K,9M 513K,11M 416K
41,41-2,5M 721K,7M 628K,9M 534K,11M 441K
41,41-3,5M 733K,7M 644K,9M 555K,11M 466K
41,41-4,5M 746K,7M 661K,9M 576K,11M 491K
41,41-5,5M 758K,7M 678K,9M 597K,11M 516K
41,41-6,5M 771K,7M 695K,9M 618K,11M 542K
41,41-7,5M 784K,7M 712K,9M 639K,11M 567K
41,41-8,5M 796K,7M 728K,9M 660K,11M 592K
41,41-9,5M 809K,7M 745K,9M 682K,11M 618K
41,41-10,5M 822K,7M 762K,9M 703K,11M 643K
41,41-11,5M 835K,7M 779K,9M 724K,11M 669K
41,41-12,5M 847K,7M 796K,9M 745K,11M 694K
41,41-13,5M 860K,7M 814K,9M 767K,11M 720K
41,41-14,5M 873K,7M 831K,9M 788K,11M 746K
41,41-15,5M 886K,7M 848K,9M 810K,11M 771K
41,41-16,5M 899K,7M 865K,9M 831K,11M 797K
41,41-17,5M 912K,7M 882K,9M 853K,11M 823K
41,41-18,5M 925K,7M 900K,9M 874K,11M 849K
41,41-19,5M 938K,7M 917K,9M 896K,11M 875K
41,41-20,5M 951K,7M 934K,9M 918K,11M 901K
41,41-21,5M 964K,7M 952K,9M 939K,11M 927K
41,41-22,5M 977K,7M 969K,9M 961K,11M 953K
41,41-23,5M 990K,7M 987K,9M 983K,11M 980K
41,41-24,6M 3K,8M 4K,10M 5K,12M 6K
41,41-25,6M 16K,8M 22K,10M 27K,12M 32K
41,41-26,6M 29K,8M 39K,10M 49K,12M 58K
41,41-27,6M 43K,8M 57K,10M 71K,12M 85K
41,41-28,6M 56K,8M 74K,10M 93K,12M 111K
41,41-29,6M 69K,8M 92K,10M 115K,12M 138K
41,41-30,6M 83K,8M 110K,10M 137K,12M 165K
42,42-1,6M 96K,8M 128K,10M 159K,12M 191K
42,42-2,6M 109K,8M 145K,10M 182K,12M 218K
42,42-3,6M 123K,8M 163K,10M 204K,12M 245K
42,42-4,6M 136K,8M 181K,10M 226K,12M 272K
42,42-5,6M 150K,8M 199K,10M 249K,12M 299K
42,42-6,6M 163K,8M 217K,10M 271K,12M 325K
42,42-7,6M 177K,8M 235K,10M 294K,12M 353K
42,42-8,6M 190K,8M 253K,10M 316K,12M 380K
42,42-9,6M 204K,8M 271K,10M 339K,12M 407K
42,42-10,6M 217K,8M 289K,10M 362K,12M 434K
42,42-11,6M 231K,8M 308K,10M 384K,12M 461K
42,42-12,6M 245K,8M 326K,10M 407K,12M 489K
42,42-13,6M 258K,8M 344K,10M 430K,12M 516K
42,42-14,6M 272K,8M 362K,10M 453K,12M 543K
42,42-15,6M 286K,8M 381K,10M 476K,12M 571K
42,42-16,6M 299K,8M 399K,10M 499K,12M 598K
42,42-17,6M 313K,8M 418K,10M 522K,12M 626K
42,42-18,6M 327K,8M 436K,10M 545K,12M 654K
42,42-19,6M 341K,8M 454K,10M 568K,12M 681K
42,42-20,6M 355K,8M 473K,10M 591K,12M 709K
42,42-21,6M 369K,8M 492K,10M 614K,12M 737K
42,42-22,6M 383K,8M 510K,10M 638K,12M 765K
42,42-23,6M 397K,8M 529K,10M 661K,12M 793K
42,42-24,6M 411K,8M 548K,10M 684K,12M 821K
42,42-25,6M 425K,8M 566K,10M 708K,12M 849K
42,42-26,6M 439K,8M 585K,10M 731K,12M 877K
42,42-27,6M 453K,8M 604K,10M 755K,12M 906K
42,42-28,6M 467K,8M 623K,10M 778K,12M 934K
42,42-29,6M 481K,8M 642K,10M 802K,12M 962K
42,42-30,6M 496K,8M 661K,10M 826K,12M 991K
43,43-1,6M 510K,8M 680K,10M 849K,13M 19K
43,43-2,6M 524K,8M 699K,10M 873K,13M 48K
43,43-3,6M 538K,8M 718K,10M 897K,13M 76K
43,43-4,6M 553K,8M 737K,10M 921K,13M 105K
43,43-5,6M 567K,8M 756K,10M 945K,13M 134K
43,43-6,6M 582K,8M 775K,10M 969K,13M 163K
43,43-7,6M 596K,8M 794K,10M 993K,13M 191K
43,43-8,6M 610K,8M 814K,11M 17K,13M 220K
43,43-9,6M 625K,8M 833K,11M 41K,13M 249K
43,43-10,6M 639K,8M 852K,11M 65K,13M 278K
43,43-11,6M 654K,8M 872K,11M 90K,13M 308K
43,43-12,6M 669K,8M 891K,11M 114K,13M 337K
43,43-13,6M 683K,8M 911K,11M 138K,13M 366K
43,43-14,6M 698K,8M 930K,11M 163K,13M 395K
43,43-15,6M 713K,8M 950K,11M 187K,13M 425K
43,43-16,6M 727K,8M 970K,11M 212K,13M 454K
43,43-17,6M 742K,8M 989K,11M 236K,13M 484K
43,43-18,6M 757K,9M 9K,11M 261K,13M 513K
43,43-19,6M 772K,9M 29K,11M 286K,13M 543K
43,43-20,6M 786K,9M 48K,11M 310K,13M 572K
43,43-21,6M 801K,9M 68K,11M 335K,13M 602K
43,43-22,6M 816K,9M 88K,11M 360K,13M 632K
43,43-23,6M 831K,9M 108K,11M 385K,13M 662K
43,43-24,6M 846K,9M 128K,11M 410K,13M 692K
43,43-25,6M 861K,9M 148K,11M 435K,13M 722K
43,43-26,6M 876K,9M 168K,11M 460K,13M 752K
43,43-27,6M 891K,9M 188K,11M 485K,13M 782K
43,43-28,6M 906K,9M 208K,11M 510K,13M 812K
43,43-29,6M 922K,9M 229K,11M 536K,13M 843K
43,43-30,6M 937K,9M 249K,11M 561K,13M 873K
44,44-1,6M 952K,9M 269K,11M 586K,13M 903K
44,44-2,6M 967K,9M 289K,11M 612K,13M 934K
44,44-3,6M 982K,9M 310K,11M 637K,13M 964K
44,44-4,6M 998K,9M 330K,11M 663K,13M 995K
44,44-5,7M 13K,9M 351K,11M 688K,14M 26K
44,44-6,7M 28K,9M 371K,11M 714K,14M 56K
44,44-7,7M 44K,9M 392K,11M 739K,14M 87K
44,44-8,7M 59K,9M 412K,11M 765K,14M 118K
44,44-9,7M 75K,9M 433K,11M 791K,14M 149K
44,44-10,7M 90K,9M 454K,11M 817K,14M 180K
44,44-11,7M 106K,9M 474K,11M 843K,14M 211K
44,44-12,7M 121K,9M 495K,11M 869K,14M 242K
44,44-13,7M 137K,9M 516K,11M 895K,14M 274K
44,44-14,7M 153K,9M 537K,11M 921K,14M 305K
44,44-15,7M 168K,9M 558K,11M 947K,14M 336K
44,44-16,7M 184K,9M 579K,11M 973K,14M 368K
44,44-17,7M 200K,9M 600K,11M 999K,14M 399K
44,44-18,7M 216K,9M 621K,12M 26K,14M 431K
44,44-19,7M 231K,9M 642K,12M 52K,14M 462K
44,44-20,7M 247K,9M 663K,12M 78K,14M 494K
44,44-21,7M 263K,9M 684K,12M 105K,14M 526K
44,44-22,7M 279K,9M 705K,12M 131K,14M 558K
44,44-23,7M 295K,9M 727K,12M 158K,14M 590K
44,44-24,7M 311K,9M 748K,12M 185K,14M 622K
44,44-25,7M 327K,9M 769K,12M 211K,14M 654K
44,44-26,7M 343K,9M 791K,12M 238K,14M 686K
44,44-27,7M 359K,9M 812K,12M 265K,14M 718K
44,44-28,7M 375K,9M 834K,12M 292K,14M 750K
44,44-29,7M 392K,9M 855K,12M 319K,14M 783K
44,44-30,7M 408K,9M 877K,12M 346K,14M 815K
45,45-1,7M 424K,9M 898K,12M 373K,14M 847K
45,45-2,7M 440K,9M 920K,12M 400K,14M 880K
45,45-3,7M 457K,9M 942K,12M 427K,14M 913K
45,45-4,7M 473K,9M 964K,12M 455K,14M 945K
45,45-5,7M 489K,9M 986K,12M 482K,14M 978K
45,45-6,7M 506K,10M 7K,12M 509K,15M 11K
45,45-7,7M 522K,10M 29K,12M 537K,15M 44K
45,45-8,7M 539K,10M 51K,12M 564K,15M 77K
45,45-9,7M 555K,10M 73K,12M 592K,15M 110K
45,45-10,7M 572K,10M 95K,12M 619K,15M 143K
45,45-11,7M 588K,10M 118K,12M 647K,15M 176K
45,45-12,7M 605K,10M 140K,12M 675K,15M 209K
45,45-13,7M 622K,10M 162K,12M 702K,15M 243K
45,45-14,7M 638K,10M 184K,12M 730K,15M 276K
45,45-15,7M 652K,10M 203K,12M 753K,15M 304K
45,45-16,7M 666K,10M 221K,12M 776K,15M 331K
45,45-17,7M 679K,10M 239K,12M 799K,15M 358K
45,45-18,7M 693K,10M 257K,12M 822K,15M 386K
45,45-19,7M 707K,10M 276K,12M 845K,15M 414K
45,45-20,7M 721K,10M 294K,12M 868K,15M 441K
45,45-21,7M 735K,10M 313K,12M 891K,15M 469K
45,45-22,7M 749K,10M 331K,12M 914K,15M 497K
45,45-23,7M 762K,10M 350K,12M 937K,15M 524K
45,45-24,7M 776K,10M 368K,12M 960K,15M 552K
45,45-25,7M 790K,10M 387K,12M 983K,15M 580K
45,45-26,7M 804K,10M 405K,13M 7K,15M 608K
45,45-27,7M 818K,10M 424K,13M 30K,15M 636K
45,45-28,7M 832K,10M 443K,13M 53K,15M 664K
45,45-29,7M 846K,10M 461K,13M 77K,15M 692K
45,45-30,7M 860K,10M 480K,13M 100K,15M 720K
46,46-1,7M 874K,10M 499K,13M 124K,15M 748K
46,46-2,7M 888K,10M 518K,13M 147K,15M 776K
46,46-3,7M 903K,10M 537K,13M 171K,15M 805K
46,46-4,7M 917K,10M 556K,13M 194K,15M 833K
46,46-5,7M 931K,10M 574K,13M 218K,15M 861K
46,46-6,7M 945K,10M 593K,13M 242K,15M 890K
46,46-7,7M 959K,10M 612K,13M 265K,15M 918K
46,46-8,7M 974K,10M 631K,13M 289K,15M 947K
46,46-9,7M 988K,10M 650K,13M 313K,15M 975K
46,46-10,8M 2K,10M 670K,13M 337K,16M 4K
46,46-11,8M 17K,10M 689K,13M 361K,16M 33K
46,46-12,8M 31K,10M 708K,13M 385K,16M 61K
46,46-13,8M 45K,10M 727K,13M 409K,16M 90K
46,46-14,8M 60K,10M 746K,13M 433K,16M 119K
46,46-15,8M 74K,10M 765K,13M 457K,16M 148K
46,46-16,8M 88K,10M 784K,13M 480K,16M 176K
46,46-17,8M 103K,10M 803K,13M 504K,16M 205K
46,46-18,8M 117K,10M 822K,13M 528K,16M 233K
46,46-19,8M 131K,10M 841K,13M 552K,16M 262K
46,46-20,8M 145K,10M 860K,13M 575K,16M 290K
46,46-21,8M 160K,10M 880K,13M 599K,16M 319K
46,46-22,8M 174K,10M 899K,13M 623K,16M 348K
46,46-23,8M 188K,10M 918K,13M 647K,16M 376K
46,46-24,8M 203K,10M 937K,13M 671K,16M 405K
46,46-25,8M 217K,10M 956K,13M 695K,16M 434K
46,46-26,8M 232K,10M 976K,13M 719K,16M 463K
46,46-27,8M 246K,10M 995K,13M 743K,16M 492K
46,46-28,8M 261K,11M 14K,13M 768K,16M 521K
46,46-29,8M 275K,11M 33K,13M 792K,16M 550K
46,46-30,8M 290K,11M 53K,13M 816K,16M 579K
47,47-1,8M 304K,11M 72K,13M 840K,16M 608K
47,47-2,8M 319K,11M 92K,13M 865K,16M 637K
47,47-3,8M 334K,11M 111K,13M 889K,16M 667K
47,47-4,8M 348K,11M 131K,13M 913K,16M 696K
47,47-5,8M 363K,11M 150K,13M 938K,16M 725K
47,47-6,8M 378K,11M 170K,13M 962K,16M 755K
47,47-7,8M 392K,11M 190K,13M 987K,16M 784K
47,47-8,8M 407K,11M 209K,14M 11K,16M 814K
47,47-9,8M 422K,11M 229K,14M 36K,16M 843K
47,47-10,8M 437K,11M 249K,14M 61K,16M 873K
47,47-11,8M 452K,11M 269K,14M 86K,16M 903K
47,47-12,8M 466K,11M 288K,14M 110K,16M 932K
47,47-13,8M 481K,11M 308K,14M 135K,16M 962K
47,47-14,8M 496K,11M 328K,14M 160K,16M 992K
47,47-15,8M 511K,11M 348K,14M 185K,17M 22K
47,47-16,8M 526K,11M 368K,14M 210K,17M 52K
47,47-17,8M 541K,11M 388K,14M 235K,17M 82K
47,47-18,8M 556K,11M 408K,14M 260K,17M 112K
47,47-19,8M 571K,11M 428K,14M 285K,17M 142K
47,47-20,8M 586K,11M 448K,14M 310K,17M 172K
47,47-21,8M 601K,11M 468K,14M 335K,17M 202K
47,47-22,8M 616K,11M 488K,14M 360K,17M 232K
47,47-23,8M 632K,11M 509K,14M 386K,17M 263K
47,47-24,8M 647K,11M 529K,14M 411K,17M 293K
47,47-25,8M 662K,11M 549K,14M 436K,17M 323K
47,47-26,8M 677K,11M 569K,14M 462K,17M 354K
47,47-27,8M 692K,11M 590K,14M 487K,17M 384K
47,47-28,8M 708K,11M 610K,14M 512K,17M 415K
47,47-29,8M 723K,11M 630K,14M 538K,17M 445K
47,47-30,8M 738K,11M 651K,14M 564K,17M 476K
48,48-1,8M 754K,11M 671K,14M 589K,17M 507K
48,48-2,8M 769K,11M 692K,14M 615K,17M 538K
48,48-3,8M 785K,11M 713K,14M 641K,17M 569K
48,48-4,8M 800K,11M 733K,14M 666K,17M 599K
48,48-5,8M 815K,11M 754K,14M 692K,17M 630K
48,48-6,8M 831K,11M 774K,14M 718K,17M 661K
48,48-7,8M 846K,11M 795K,14M 744K,17M 692K
48,48-8,8M 862K,11M 816K,14M 770K,17M 724K
48,48-9,8M 878K,11M 837K,14M 796K,17M 755K
48,48-10,8M 893K,11M 857K,14M 822K,17M 786K
48,48-11,8M 909K,11M 878K,14M 848K,17M 817K
48,48-12,8M 924K,11M 899K,14M 874K,17M 848K
48,48-13,8M 940K,11M 920K,14M 900K,17M 880K
48,48-14,8M 956K,11M 941K,14M 926K,17M 911K
48,48-15,8M 972K,11M 962K,14M 952K,17M 943K
48,48-16,8M 987K,11M 983K,14M 979K,17M 974K
48,48-17,9M 3K,12M 4K,15M 5K,18M 6K
48,48-18,9M 19K,12M 25K,15M 31K,18M 38K
48,48-19,9M 35K,12M 46K,15M 58K,18M 69K
48,48-20,9M 51K,12M 68K,15M 84K,18M 101K
48,48-21,9M 67K,12M 89K,15M 111K,18M 133K
48,48-22,9M 83K,12M 110K,15M 137K,18M 165K
48,48-23,9M 99K,12M 131K,15M 164K,18M 197K
48,48-24,9M 115K,12M 153K,15M 191K,18M 229K
48,48-25,9M 131K,12M 174K,15M 217K,18M 261K
48,48-26,9M 147K,12M 195K,15M 244K,18M 293K
48,48-27,9M 163K,12M 217K,15M 271K,18M 325K
48,48-28,9M 179K,12M 238K,15M 298K,18M 357K
48,48-29,9M 195K,12M 260K,15M 325K,18M 389K
48,48-30,9M 211K,12M 281K,15M 352K,18M 422K
49,49-1,9M 227K,12M 303K,15M 379K,18M 454K
49,49-2,9M 244K,12M 325K,15M 406K,18M 487K
49,49-3,9M 260K,12M 346K,15M 433K,18M 519K
49,49-4,9M 276K,12M 368K,15M 460K,18M 552K
49,49-5,9M 292K,12M 390K,15M 487K,18M 584K
49,49-6,9M 309K,12M 411K,15M 514K,18M 617K
49,49-7,9M 325K,12M 433K,15M 541K,18M 650K
49,49-8,9M 341K,12M 455K,15M 569K,18M 682K
49,49-9,9M 358K,12M 477K,15M 596K,18M 715K
49,49-10,9M 374K,12M 499K,15M 624K,18M 748K
49,49-11,9M 391K,12M 521K,15M 651K,18M 781K
49,49-12,9M 407K,12M 543K,15M 679K,18M 814K
49,49-13,9M 424K,12M 565K,15M 706K,18M 847K
49,49-14,9M 440K,12M 587K,15M 734K,18M 880K
49,49-15,9M 457K,12M 609K,15M 761K,18M 914K
49,49-16,9M 474K,12M 631K,15M 789K,18M 947K
49,49-17,9M 490K,12M 654K,15M 817K,18M 980K
49,49-18,9M 507K,12M 676K,15M 845K,19M 13K
49,49-19,9M 527K,12M 703K,15M 879K,19M 54K
49,49-20,9M 548K,12M 730K,15M 913K,19M 95K
49,49-21,9M 569K,12M 758K,15M 947K,19M 137K
49,49-22,9M 589K,12M 785K,15M 982K,19M 178K
49,49-23,9M 610K,12M 813K,16M 16K,19M 219K
49,49-24,9M 631K,12M 841K,16M 51K,19M 261K
49,49-25,9M 651K,12M 868K,16M 85K,19M 302K
49,49-26,9M 672K,12M 896K,16M 120K,19M 344K
49,49-27,9M 693K,12M 924K,16M 155K,19M 385K
49,49-28,9M 714K,12M 952K,16M 189K,19M 427K
49,49-29,9M 735K,12M 980K,16M 224K,19M 469K
49,49-30,9M 756K,13M 8K,16M 259K,19M 511K
50,50-1,9M 777K,13M 36K,16M 294K,19M 553K
50,50-2,9M 798K,13M 64K,16M 329K,19M 595K
50,50-3,9M 819K,13M 92K,16M 365K,19M 637K
50,50-4,9M 840K,13M 120K,16M 400K,19M 680K
50,50-5,9M 861K,13M 148K,16M 435K,19M 722K
50,50-6,9M 883K,13M 177K,16M 471K,19M 765K
50,50-7,9M 904K,13M 205K,16M 506K,19M 807K
50,50-8,9M 925K,13M 233K,16M 542K,19M 850K
50,50-9,9M 947K,13M 262K,16M 577K,19M 893K
50,50-10,9M 968K,13M 291K,16M 613K,19M 936K
50,50-11,9M 990K,13M 319K,16M 649K,19M 979K
50,50-12,10M 11K,13M 348K,16M 685K,20M 22K
50,50-13,10M 33K,13M 377K,16M 721K,20M 65K
50,50-14,10M 54K,13M 406K,16M 757K,20M 108K
50,50-15,10M 76K,13M 434K,16M 793K,20M 151K
50,50-16,10M 98K,13M 463K,16M 829K,20M 195K
50,50-17,10M 119K,13M 492K,16M 865K,20M 238K
50,50-18,10M 141K,13M 521K,16M 902K,20M 282K
50,50-19,10M 163K,13M 551K,16M 938K,20M 326K
50,50-20,10M 181K,13M 574K,16M 968K,20M 361K
50,50-21,10M 199K,13M 598K,16M 998K,20M 397K
50,50-22,10M 217K,13M 622K,17M 27K,20M 433K
50,50-23,10M 235K,13M 646K,17M 57K,20M 469K
50,50-24,10M 253K,13M 670K,17M 87K,20M 505K
50,50-25,10M 271K,13M 694K,17M 117K,20M 541K
50,50-26,10M 289K,13M 718K,17M 147K,20M 577K
50,50-27,10M 307K,13M 742K,17M 177K,20M 613K
50,50-28,10M 325K,13M 766K,17M 208K,20M 649K
50,50-29,10M 343K,13M 790K,17M 238K,20M 685K
50,50-30,10M 361K,13M 815K,17M 268K,20M 722K
51,51-1,10M 379K,13M 839K,17M 298K,20M 758K
51,51-2,10M 397K,13M 863K,17M 329K,20M 794K
51,51-3,10M 416K,13M 887K,17M 359K,20M 831K
51,51-4,10M 434K,13M 912K,17M 390K,20M 867K
51,51-5,10M 452K,13M 936K,17M 420K,20M 904K
51,51-6,10M 471K,13M 961K,17M 451K,20M 941K
51,51-7,10M 489K,13M 985K,17M 481K,20M 977K
51,51-8,10M 507K,14M 10K,17M 512K,21M 14K
51,51-9,10M 526K,14M 34K,17M 543K,21M 51K
51,51-10,10M 544K,14M 59K,17M 573K,21M 88K
51,51-11,10M 563K,14M 84K,17M 604K,21M 125K
51,51-12,10M 581K,14M 108K,17M 635K,21M 162K
51,51-13,10M 600K,14M 133K,17M 666K,21M 199K
51,51-14,10M 618K,14M 158K,17M 697K,21M 236K
51,51-15,10M 637K,14M 183K,17M 728K,21M 274K
51,51-16,10M 656K,14M 208K,17M 759K,21M 311K
51,51-17,10M 675K,14M 233K,17M 791K,21M 349K
51,51-18,10M 693K,14M 257K,17M 822K,21M 386K
51,51-19,10M 712K,14M 283K,17M 853K,21M 424K
51,51-20,10M 731K,14M 308K,17M 884K,21M 461K
51,51-21,10M 750K,14M 333K,17M 916K,21M 499K
51,51-22,10M 768K,14M 358K,17M 947K,21M 536K
51,51-23,10M 787K,14M 383K,17M 979K,21M 574K
51,51-24,10M 806K,14M 408K,18M 10K,21M 612K
51,51-25,10M 825K,14M 434K,18M 42K,21M 650K
51,51-26,10M 844K,14M 459K,18M 73K,21M 688K
51,51-27,10M 863K,14M 484K,18M 105K,21M 726K
51,51-28,10M 882K,14M 510K,18M 137K,21M 764K
51,51-29,10M 901K,14M 535K,18M 169K,21M 802K
51,51-30,10M 921K,14M 561K,18M 201K,21M 841K
52,52-1,10M 940K,14M 586K,18M 232K,21M 879K
52,52-2,10M 959K,14M 612K,18M 264K,21M 917K
52,52-3,10M 978K,14M 637K,18M 296K,21M 956K
52,52-4,10M 997K,14M 663K,18M 329K,21M 994K
52,52-5,11M 17K,14M 689K,18M 361K,22M 33K
52,52-6,11M 36K,14M 714K,18M 393K,22M 71K
52,52-7,11M 55K,14M 740K,18M 425K,22M 110K
52,52-8,11M 75K,14M 766K,18M 458K,22M 149K
52,52-9,11M 94K,14M 792K,18M 490K,22M 188K
52,52-10,11M 114K,14M 818K,18M 522K,22M 227K
52,52-11,11M 133K,14M 844K,18M 555K,22M 266K
52,52-12,11M 153K,14M 870K,18M 587K,22M 305K
52,52-13,11M 172K,14M 896K,18M 620K,22M 344K
52,52-14,11M 192K,14M 922K,18M 653K,22M 383K
52,52-15,11M 211K,14M 948K,18M 685K,22M 422K
52,52-16,11M 231K,14M 975K,18M 718K,22M 462K
52,52-17,11M 251K,15M 1K,18M 751K,22M 501K
52,52-18,11M 271K,15M 27K,18M 784K,22M 541K
52,52-19,11M 290K,15M 54K,18M 817K,22M 580K
52,52-20,11M 310K,15M 80K,18M 850K,22M 620K
52,52-21,11M 330K,15M 106K,18M 883K,22M 659K
52,52-22,11M 350K,15M 133K,18M 916K,22M 699K
52,52-23,11M 370K,15M 159K,18M 949K,22M 739K
52,52-24,11M 390K,15M 186K,18M 982K,22M 779K
52,52-25,11M 410K,15M 213K,19M 16K,22M 819K
52,52-26,11M 430K,15M 239K,19M 49K,22M 859K
52,52-27,11M 450K,15M 266K,19M 83K,22M 899K
52,52-28,11M 470K,15M 293K,19M 116K,22M 939K
52,52-29,11M 490K,15M 320K,19M 150K,22M 979K
52,52-30,11M 510K,15M 347K,19M 183K,23M 20K
53,53-1,11M 530K,15M 374K,19M 217K,23M 60K
53,53-2,11M 551K,15M 401K,19M 251K,23M 101K
53,53-3,11M 571K,15M 428K,19M 284K,23M 141K
53,53-4,11M 591K,15M 455K,19M 318K,23M 182K
53,53-5,11M 611K,15M 482K,19M 352K,23M 222K
53,53-6,11M 632K,15M 509K,19M 386K,23M 263K
53,53-7,11M 652K,15M 536K,19M 420K,23M 304K
53,53-8,11M 673K,15M 563K,19M 454K,23M 345K
53,53-9,11M 693K,15M 591K,19M 488K,23M 386K
53,53-10,11M 714K,15M 618K,19M 523K,23M 427K
53,53-11,11M 734K,15M 646K,19M 557K,23M 468K
53,53-12,11M 755K,15M 673K,19M 591K,23M 509K
53,53-13,11M 776K,15M 701K,19M 626K,23M 551K
53,53-14,11M 796K,15M 728K,19M 660K,23M 592K
53,53-15,11M 817K,15M 756K,19M 694K,23M 633K
53,53-16,11M 838K,15M 783K,19M 729K,23M 675K
53,53-17,11M 858K,15M 811K,19M 764K,23M 716K
53,53-18,11M 879K,15M 839K,19M 798K,23M 758K
53,53-19,11M 900K,15M 867K,19M 833K,23M 800K
53,53-20,11M 921K,15M 894K,19M 868K,23M 841K
53,53-21,11M 942K,15M 922K,19M 903K,23M 883K
53,53-22,11M 963K,15M 950K,19M 938K,23M 925K
53,53-23,11M 984K,15M 978K,19M 973K,23M 967K
53,53-24,12M 5K,16M 6K,20M 8K,24M 9K
53,53-25,12M 26K,16M 34K,20M 43K,24M 51K
53,53-26,12M 47K,16M 62K,20M 78K,24M 93K
53,53-27,12M 68K,16M 91K,20M 113K,24M 136K
53,53-28,12M 89K,16M 119K,20M 149K,24M 178K
53,53-29,12M 111K,16M 147K,20M 184K,24M 221K
53,53-30,12M 132K,16M 176K,20M 219K,24M 263K
54,54-1,12M 153K,16M 204K,20M 255K,24M 306K
54,54-2,12M 174K,16M 232K,20M 290K,24M 348K
54,54-3,12M 196K,16M 261K,20M 326K,24M 391K
54,54-4,12M 217K,16M 289K,20M 362K,24M 434K
54,54-5,12M 239K,16M 318K,20M 397K,24M 477K
54,54-6,12M 260K,16M 347K,20M 433K,24M 520K
54,54-7,12M 282K,16M 375K,20M 469K,24M 563K
54,54-8,12M 303K,16M 404K,20M 505K,24M 606K
54,54-9,12M 325K,16M 433K,20M 541K,24M 649K
54,54-10,12M 346K,16M 462K,20M 577K,24M 692K
54,54-11,12M 368K,16M 491K,20M 613K,24M 736K
54,54-12,12M 390K,16M 520K,20M 649K,24M 779K
54,54-13,12M 412K,16M 549K,20M 686K,24M 823K
54,54-14,12M 433K,16M 578K,20M 722K,24M 866K
54,54-15,12M 455K,16M 607K,20M 758K,24M 910K
54,54-16,12M 477K,16M 636K,20M 795K,24M 953K
54,54-17,12M 499K,16M 665K,20M 831K,24M 997K
54,54-18,12M 521K,16M 694K,20M 868K,25M 41K
54,54-19,12M 543K,16M 724K,20M 904K,25M 85K
54,54-20,12M 565K,16M 753K,20M 941K,25M 129K
54,54-21,12M 587K,16M 782K,20M 978K,25M 173K
54,54-22,12M 609K,16M 812K,21M 15K,25M 217K
54,54-23,12M 631K,16M 841K,21M 51K,25M 262K
54,54-24,12M 653K,16M 871K,21M 88K,25M 306K
54,54-25,12M 675K,16M 900K,21M 125K,25M 350K
54,54-26,12M 698K,16M 930K,21M 162K,25M 395K
54,54-27,12M 720K,16M 960K,21M 200K,25M 439K
54,54-28,12M 742K,16M 990K,21M 237K,25M 484K
54,54-29,12M 765K,17M 19K,21M 274K,25M 529K
54,54-30,12M 787K,17M 49K,21M 311K,25M 574K
55,55-1,12M 809K,17M 79K,21M 349K,25M 618K
55,55-2,12M 832K,17M 109K,21M 386K,25M 663K
55,55-3,12M 854K,17M 139K,21M 424K,25M 708K
55,55-4,12M 877K,17M 169K,21M 461K,25M 754K
55,55-5,12M 900K,17M 199K,21M 499K,25M 799K
55,55-6,12M 922K,17M 230K,21M 537K,25M 844K
55,55-7,12M 945K,17M 260K,21M 575K,25M 889K
55,55-8,12M 968K,17M 290K,21M 612K,25M 935K
55,55-9,12M 990K,17M 320K,21M 650K,25M 980K
55,55-10,13M 13K,17M 351K,21M 688K,26M 26K
55,55-11,13M 36K,17M 381K,21M 726K,26M 72K
55,55-12,13M 59K,17M 412K,21M 765K,26M 117K
55,55-13,13M 82K,17M 442K,21M 803K,26M 163K
55,55-14,13M 105K,17M 473K,21M 841K,26M 209K
55,55-15,13M 128K,17M 504K,21M 879K,26M 255K
55,55-16,13M 151K,17M 534K,21M 918K,26M 301K
55,55-17,13M 174K,17M 565K,21M 956K,26M 347K
55,55-18,13M 197K,17M 596K,21M 995K,26M 394K
55,55-19,13M 220K,17M 627K,22M 33K,26M 440K
55,55-20,13M 243K,17M 658K,22M 72K,26M 486K
55,55-21,13M 267K,17M 689K,22M 111K,26M 533K
55,55-22,13M 290K,17M 720K,22M 150K,26M 579K
55,55-23,13M 313K,17M 751K,22M 188K,26M 626K
55,55-24,13M 337K,17M 782K,22M 227K,26M 673K
55,55-25,13M 360K,17M 813K,22M 266K,26M 720K
55,55-26,13M 383K,17M 844K,22M 305K,26M 766K
55,55-27,13M 407K,17M 876K,22M 345K,26M 813K
55,55-28,13M 430K,17M 907K,22M 384K,26M 860K
55,55-29,13M 454K,17M 939K,22M 423K,26M 908K
55,55-30,13M 478K,17M 970K,22M 462K,26M 955K
56,56-1,13M 501K,18M 2K,22M 502K,27M 2K
56,56-2,13M 525K,18M 33K,22M 541K,27M 50K
56,56-3,13M 549K,18M 65K,22M 581K,27M 97K
56,56-4,13M 573K,18M 97K,22M 621K,27M 145K
56,56-5,13M 596K,18M 128K,22M 660K,27M 192K
56,56-6,13M 620K,18M 160K,22M 700K,27M 240K
56,56-7,13M 644K,18M 192K,22M 740K,27M 288K
56,56-8,13M 668K,18M 224K,22M 780K,27M 336K
56,56-9,13M 692K,18M 256K,22M 820K,27M 384K
56,56-10,13M 716K,18M 288K,22M 860K,27M 432K
56,56-11,13M 740K,18M 320K,22M 900K,27M 480K
56,56-12,13M 764K,18M 352K,22M 940K,27M 528K
56,56-13,13M 788K,18M 384K,22M 980K,27M 576K
56,56-14,13M 813K,18M 417K,23M 21K,27M 625K
56,56-15,13M 837K,18M 449K,23M 61K,27M 673K
56,56-16,13M 861K,18M 481K,23M 102K,27M 722K
56,56-17,13M 885K,18M 514K,23M 142K,27M 770K
56,56-18,13M 910K,18M 546K,23M 183K,27M 819K
56,56-19,13M 934K,18M 579K,23M 223K,27M 868K
56,56-20,13M 959K,18M 611K,23M 264K,27M 917K
56,56-21,13M 983K,18M 644K,23M 305K,27M 966K
56,56-22,14M 8K,18M 677K,23M 346K,28M 15K
56,56-23,14M 32K,18M 710K,23M 387K,28M 64K
56,56-24,14M 57K,18M 742K,23M 428K,28M 113K
56,56-25,14M 82K,18M 775K,23M 469K,28M 163K
56,56-26,14M 106K,18M 808K,23M 510K,28M 212K
56,56-27,14M 131K,18M 841K,23M 551K,28M 262K
56,56-28,14M 156K,18M 874K,23M 593K,28M 311K
56,56-29,14M 181K,18M 907K,23M 634K,28M 361K
56,56-30,14M 206K,18M 941K,23M 676K,28M 411K
57,57-1,14M 230K,18M 974K,23M 717K,28M 460K
57,57-2,14M 255K,19M 7K,23M 759K,28M 510K
57,57-3,14M 280K,19M 40K,23M 800K,28M 560K
57,57-4,14M 305K,19M 74K,23M 842K,28M 610K
57,57-5,14M 331K,19M 107K,23M 884K,28M 661K
57,57-6,14M 356K,19M 141K,23M 926K,28M 711K
57,57-7,14M 381K,19M 174K,23M 968K,28M 761K
57,57-8,14M 406K,19M 208K,24M 10K,28M 812K
57,57-9,14M 431K,19M 242K,24M 52K,28M 862K
57,57-10,14M 457K,19M 275K,24M 94K,28M 913K
57,57-11,14M 482K,19M 309K,24M 136K,28M 964K
57,57-12,14M 507K,19M 343K,24M 179K,29M 14K
57,57-13,14M 533K,19M 377K,24M 221K,29M 65K
57,57-14,14M 558K,19M 411K,24M 264K,29M 116K
57,57-15,14M 584K,19M 445K,24M 306K,29M 167K
57,57-16,14M 610K,19M 479K,24M 349K,29M 219K
57,57-17,14M 635K,19M 513K,24M 392K,29M 270K
57,57-18,14M 661K,19M 548K,24M 434K,29M 321K
57,57-19,14M 687K,19M 582K,24M 477K,29M 373K
57,57-20,14M 712K,19M 616K,24M 520K,29M 424K
57,57-21,14M 738K,19M 651K,24M 563K,29M 476K
57,57-22,14M 764K,19M 685K,24M 606K,29M 528K
57,57-23,14M 790K,19M 720K,24M 650K,29M 579K
57,57-24,14M 816K,19M 754K,24M 693K,29M 631K
57,57-25,14M 842K,19M 789K,24M 736K,29M 683K
57,57-26,14M 868K,19M 824K,24M 780K,29M 735K
57,57-27,14M 894K,19M 859K,24M 823K,29M 788K
57,57-28,14M 920K,19M 893K,24M 867K,29M 840K
57,57-29,14M 946K,19M 928K,24M 910K,29M 892K
57,57-30,14M 973K,19M 963K,24M 954K,29M 945K
58,58-1,14M 999K,19M 998K,24M 998K,29M 997K
58,58-2,15M 25K,20M 33K,25M 42K,30M 50K
58,58-3,15M 51K,20M 68K,25M 85K,30M 102K
58,58-4,15M 78K,20M 104K,25M 130K,30M 155K
58,58-5,15M 104K,20M 139K,25M 174K,30M 208K
58,58-6,15M 131K,20M 174K,25M 218K,30M 261K
58,58-7,15M 157K,20M 210K,25M 262K,30M 314K
58,58-8,15M 184K,20M 245K,25M 306K,30M 368K
58,58-9,15M 211K,20M 281K,25M 351K,30M 421K
58,58-10,15M 237K,20M 316K,25M 395K,30M 474K
58,58-11,15M 264K,20M 352K,25M 440K,30M 528K
58,58-12,15M 291K,20M 388K,25M 484K,30M 581K
58,58-13,15M 318K,20M 423K,25M 529K,30M 635K
58,58-14,15M 345K,20M 459K,25M 574K,30M 689K
58,58-15,15M 371K,20M 495K,25M 619K,30M 742K
58,58-16,15M 398K,20M 531K,25M 664K,30M 796K
58,58-17,15M 425K,20M 567K,25M 709K,30M 850K
58,58-18,15M 453K,20M 603K,25M 754K,30M 905K
58,58-19,15M 480K,20M 639K,25M 799K,30M 959K
58,58-20,15M 507K,20M 676K,25M 844K,31M 13K
58,58-21,15M 534K,20M 712K,25M 890K,31M 68K
58,58-22,15M 561K,20M 748K,25M 935K,31M 122K
58,58-23,15M 589K,20M 785K,25M 981K,31M 177K
58,58-24,15M 616K,20M 821K,26M 26K,31M 231K
58,58-25,15M 643K,20M 858K,26M 72K,31M 286K
58,58-26,15M 671K,20M 894K,26M 118K,31M 341K
58,58-27,15M 698K,20M 931K,26M 163K,31M 396K
58,58-28,15M 726K,20M 968K,26M 209K,31M 451K
58,58-29,15M 753K,21M 4K,26M 255K,31M 506K
58,58-30,15M 781K,21M 41K,26M 301K,31M 562K
59,59-1,15M 809K,21M 78K,26M 348K,31M 617K
59,59-2,15M 837K,21M 115K,26M 394K,31M 673K
59,59-3,15M 864K,21M 152K,26M 440K,31M 728K
59,59-4,15M 892K,21M 189K,26M 487K,31M 784K
59,59-5,15M 920K,21M 227K,26M 533K,31M 840K
59,59-6,15M 948K,21M 264K,26M 580K,31M 895K
59,59-7,15M 976K,21M 301K,26M 626K,31M 951K
59,59-8,16M 4K,21M 338K,26M 673K,32M 7K
59,59-9,16M 32K,21M 376K,26M 720K,32M 64K
59,59-10,16M 60K,21M 413K,26M 767K,32M 120K
59,59-11,16M 88K,21M 451K,26M 814K,32M 176K
59,59-12,16M 117K,21M 489K,26M 861K,32M 233K
59,59-13,16M 145K,21M 526K,26M 908K,32M 289K
59,59-14,16M 173K,21M 564K,26M 955K,32M 346K
59,59-15,16M 202K,21M 602K,27M 2K,32M 403K
59,59-16,16M 230K,21M 640K,27M 50K,32M 460K
59,59-17,16M 259K,21M 678K,27M 97K,32M 517K
59,59-18,16M 287K,21M 716K,27M 145K,32M 574K
59,59-19,16M 316K,21M 754K,27M 192K,32M 631K
59,59-20,16M 344K,21M 792K,27M 240K,32M 688K
59,59-21,16M 373K,21M 830K,27M 288K,32M 745K
59,59-22,16M 402K,21M 869K,27M 336K,32M 803K
59,59-23,16M 430K,21M 907K,27M 384K,32M 860K
59,59-24,16M 459K,21M 946K,27M 432K,32M 918K
59,59-25,16M 488K,21M 984K,27M 480K,32M 976K
59,59-26,16M 517K,22M 23K,27M 528K,33M 34K
59,59-27,16M 546K,22M 61K,27M 577K,33M 92K
59,59-28,16M 575K,22M 100K,27M 625K,33M 150K
59,59-29,16M 604K,22M 139K,27M 673K,33M 208K
59,59-30,16M 633K,22M 178K,27M 722K,33M 266K
60,60-1,16M 663K,22M 217K,27M 771K,33M 325K
60,60-2,16M 692K,22M 256K,27M 819K,33M 383K
60,60-3,16M 721K,22M 295K,27M 868K,33M 442K
60,60-4,16M 750K,22M 334K,27M 917K,33M 500K
60,60-5,16M 780K,22M 373K,27M 966K,33M 559K
60,60-6,16M 809K,22M 412K,28M 15K,33M 618K
60,60-7,16M 839K,22M 452K,28M 64K,33M 677K
60,60-8,16M 868K,22M 491K,28M 114K,33M 736K
60,60-9,16M 898K,22M 530K,28M 163K,33M 795K
60,60-10,16M 928K,22M 570K,28M 212K,33M 855K
60,60-11,16M 957K,22M 610K,28M 262K,33M 914K
60,60-12,16M 987K,22M 649K,28M 311K,33M 974K
60,60-13,17M 17K,22M 689K,28M 361K,34M 33K
60,60-14,17M 47K,22M 729K,28M 411K,34M 93K
60,60-15,17M 77K,22M 769K,28M 461K,34M 153K
60,60-16,17M 107K,22M 809K,28M 511K,34M 213K
60,60-17,17M 137K,22M 849K,28M 561K,34M 273K
60,60-18,17M 167K,22M 889K,28M 611K,34M 333K
60,60-19,17M 197K,22M 929K,28M 661K,34M 393K
60,60-20,17M 227K,22M 969K,28M 711K,34M 454K
60,60-21,17M 257K,23M 10K,28M 762K,34M 514K
60,60-22,17M 288K,23M 50K,28M 812K,34M 575K
60,60-23,17M 318K,23M 90K,28M 863K,34M 635K
60,60-24,17M 348K,23M 131K,28M 913K,34M 696K
60,60-25,17M 379K,23M 171K,28M 964K,34M 757K
60,60-26,17M 409K,23M 212K,29M 15K,34M 818K
60,60-27,17M 440K,23M 253K,29M 66K,34M 879K
60,60-28,17M 470K,23M 294K,29M 117K,34M 940K
60,60-29,17M 501K,23M 335K,29M 168K,35M 2K
60,60-30,17M 532K,23M 375K,29M 219K,35M 63K
61,61-1,17M 563K,23M 417K,29M 271K,35M 125K
61,61-2,17M 593K,23M 458K,29M 322K,35M 186K
61,61-3,17M 624K,23M 499K,29M 373K,35M 248K
61,61-4,17M 655K,23M 540K,29M 425K,35M 310K
61,61-5,17M 686K,23M 581K,29M 477K,35M 372K
61,61-6,17M 717K,23M 623K,29M 528K,35M 434K
61,61-7,17M 748K,23M 664K,29M 580K,35M 496K
61,61-8,17M 779K,23M 706K,29M 632K,35M 558K
61,61-9,17M 811K,23M 747K,29M 684K,35M 621K
61,61-10,17M 842K,23M 789K,29M 736K,35M 683K
61,61-11,17M 873K,23M 831K,29M 788K,35M 746K
61,61-12,17M 905K,23M 873K,29M 841K,35M 809K
61,61-13,17M 936K,23M 914K,29M 893K,35M 871K
61,61-14,17M 967K,23M 956K,29M 945K,35M 934K
61,61-15,17M 999K,23M 998K,29M 998K,35M 997K
61,61-16,18M 31K,24M 41K,30M 51K,36M 61K
61,61-17,18M 62K,24M 83K,30M 103K,36M 124K
61,61-18,18M 94K,24M 125K,30M 156K,36M 187K
61,61-19,18M 126K,24M 167K,30M 209K,36M 251K
61,61-20,18M 157K,24M 210K,30M 262K,36M 314K
61,61-21,18M 189K,24M 252K,30M 315K,36M 378K
61,61-22,18M 221K,24M 295K,30M 368K,36M 442K
61,61-23,18M 253K,24M 337K,30M 422K,36M 506K
61,61-24,18M 285K,24M 380K,30M 475K,36M 570K
61,61-25,18M 317K,24M 423K,30M 529K,36M 634K
61,61-26,18M 349K,24M 466K,30M 582K,36M 698K
61,61-27,18M 382K,24M 509K,30M 636K,36M 763K
61,61-28,18M 414K,24M 552K,30M 690K,36M 827K
61,61-29,18M 446K,24M 595K,30M 743K,36M 892K
61,61-30,18M 479K,24M 638K,30M 797K,36M 957K
62,62-1,18M 511K,24M 681K,30M 851K,37M 22K
62,62-2,18M 544K,24M 725K,30M 906K,37M 87K
62,62-3,18M 576K,24M 768K,30M 960K,37M 152K
62,62-4,18M 609K,24M 811K,31M 14K,37M 217K
62,62-5,18M 641K,24M 855K,31M 69K,37M 282K
62,62-6,18M 674K,24M 899K,31M 123K,37M 348K
62,62-7,18M 707K,24M 942K,31M 178K,37M 413K
62,62-8,18M 740K,24M 986K,31M 232K,37M 479K
62,62-9,18M 773K,25M 30K,31M 287K,37M 545K
62,62-10,18M 805K,25M 74K,31M 342K,37M 610K
62,62-11,18M 838K,25M 118K,31M 397K,37M 676K
62,62-12,18M 872K,25M 162K,31M 452K,37M 743K
62,62-13,18M 905K,25M 206K,31M 507K,37M 809K
62,62-14,18M 938K,25M 250K,31M 563K,37M 875K
62,62-15,18M 971K,25M 295K,31M 618K,37M 942K
62,62-16,19M 4K,25M 339K,31M 674K,38M 8K
62,62-17,19M 38K,25M 383K,31M 729K,38M 75K
62,62-18,19M 71K,25M 428K,31M 785K,38M 142K
62,62-19,19M 105K,25M 473K,31M 841K,38M 209K
62,62-20,19M 138K,25M 517K,31M 896K,38M 276K
62,62-21,19M 172K,25M 562K,31M 952K,38M 343K
62,62-22,19M 205K,25M 607K,32M 9K,38M 410K
62,62-23,19M 239K,25M 652K,32M 65K,38M 478K
62,62-24,19M 273K,25M 697K,32M 121K,38M 545K
62,62-25,19M 307K,25M 742K,32M 177K,38M 613K
62,62-26,19M 340K,25M 787K,32M 234K,38M 680K
62,62-27,19M 374K,25M 832K,32M 290K,38M 748K
62,62-28,19M 408K,25M 878K,32M 347K,38M 816K
62,62-29,19M 442K,25M 923K,32M 404K,38M 884K
62,62-30,19M 477K,25M 969K,32M 461K,38M 953K
63,63-1,19M 511K,26M 14K,32M 518K,39M 21K
63,63-2,19M 545K,26M 60K,32M 575K,39M 90K
63,63-3,19M 579K,26M 106K,32M 632K,39M 158K
63,63-4,19M 614K,26M 151K,32M 689K,39M 227K
63,63-5,19M 648K,26M 197K,32M 746K,39M 296K
63,63-6,19M 683K,26M 243K,32M 804K,39M 365K
63,63-7,19M 717K,26M 289K,32M 862K,39M 434K
63,63-8,19M 752K,26M 335K,32M 919K,39M 503K
63,63-9,19M 786K,26M 382K,32M 977K,39M 572K
63,63-10,19M 821K,26M 428K,33M 35K,39M 642K
63,63-11,19M 856K,26M 474K,33M 93K,39M 711K
63,63-12,19M 891K,26M 521K,33M 151K,39M 781K
63,63-13,19M 926K,26M 567K,33M 209K,39M 851K
63,63-14,19M 961K,26M 614K,33M 267K,39M 921K
63,63-15,19M 996K,26M 661K,33M 326K,39M 991K
63,63-16,20M 31K,26M 707K,33M 384K,40M 61K
63,63-17,20M 66K,26M 754K,33M 443K,40M 131K
63,63-18,20M 101K,26M 801K,33M 501K,40M 202K
63,63-19,20M 136K,26M 848K,33M 560K,40M 272K
63,63-20,20M 172K,26M 895K,33M 619K,40M 343K
63,63-21,20M 207K,26M 943K,33M 678K,40M 414K
63,63-22,20M 243K,26M 990K,33M 737K,40M 485K
63,63-23,20M 278K,27M 37K,33M 796K,40M 556K
63,63-24,20M 314K,27M 85K,33M 856K,40M 627K
63,63-25,20M 349K,27M 132K,33M 915K,40M 698K
63,63-26,20M 385K,27M 180K,33M 975K,40M 769K
63,63-27,20M 421K,27M 227K,34M 34K,40M 841K
63,63-28,20M 457K,27M 275K,34M 94K,40M 913K
63,63-29,20M 492K,27M 323K,34M 154K,40M 984K
63,63-30,20M 528K,27M 371K,34M 214K,41M 56K
64,64-1,20M 564K,27M 419K,34M 274K,41M 128K
64,64-2,20M 601K,27M 467K,34M 334K,41M 201K
64,64-3,20M 637K,27M 515K,34M 394K,41M 273K
64,64-4,20M 673K,27M 564K,34M 454K,41M 345K
64,64-5,20M 709K,27M 612K,34M 515K,41M 418K
64,64-6,20M 746K,27M 661K,34M 576K,41M 491K
64,64-7,20M 782K,27M 709K,34M 636K,41M 563K
64,64-8,20M 818K,27M 758K,34M 697K,41M 636K
64,64-9,20M 855K,27M 806K,34M 758K,41M 709K
64,64-10,20M 892K,27M 855K,34M 819K,41M 783K
64,64-11,20M 928K,27M 904K,34M 880K,41M 856K
64,64-12,20M 965K,27M 953K,34M 941K,41M 929K
64,64-13,21M 2K,28M 2K,35M 3K,42M 3K
64,64-14,21M 39K,28M 51K,35M 64K,42M 77K
64,64-15,21M 75K,28M 100K,35M 125K,42M 150K
64,64-16,21M 112K,28M 150K,35M 187K,42M 224K
64,64-17,21M 150K,28M 199K,35M 249K,42M 299K
64,64-18,21M 187K,28M 249K,35M 311K,42M 373K
64,64-19,21M 224K,28M 298K,35M 373K,42M 447K
64,64-20,21M 261K,28M 348K,35M 435K,42M 522K
64,64-21,21M 298K,28M 398K,35M 497K,42M 596K
64,64-22,21M 336K,28M 447K,35M 559K,42M 671K
64,64-23,21M 373K,28M 497K,35M 622K,42M 746K
64,64-24,21M 411K,28M 547K,35M 684K,42M 821K
64,64-25,21M 448K,28M 598K,35M 747K,42M 896K
64,64-26,21M 486K,28M 648K,35M 809K,42M 971K
64,64-27,21M 524K,28M 698K,35M 872K,43M 47K
64,64-28,21M 561K,28M 748K,35M 935K,43M 122K
64,64-29,21M 599K,28M 799K,35M 998K,43M 198K
64,64-30,21M 637K,28M 849K,36M 62K,43M 274K
65,65-1,21M 675K,28M 900K,36M 125K,43M 350K
65,65-2,21M 713K,28M 951K,36M 188K,43M 426K
65,65-3,21M 751K,29M 1K,36M 252K,43M 502K
65,65-4,21M 789K,29M 52K,36M 315K,43M 578K
65,65-5,21M 828K,29M 103K,36M 379K,43M 655K
65,65-6,21M 866K,29M 154K,36M 443K,43M 731K
65,65-7,21M 904K,29M 206K,36M 507K,43M 808K
65,65-8,21M 943K,29M 257K,36M 571K,43M 885K
65,65-9,21M 981K,29M 308K,36M 635K,43M 962K
65,65-10,22M 20K,29M 360K,36M 699K,44M 39K
65,65-11,22M 58K,29M 411K,36M 764K,44M 116K
65,65-12,22M 97K,29M 463K,36M 828K,44M 194K
65,65-13,22M 136K,29M 514K,36M 893K,44M 271K
65,65-14,22M 175K,29M 566K,36M 958K,44M 349K
65,65-15,22M 214K,29M 618K,37M 23K,44M 427K
65,65-16,22M 253K,29M 670K,37M 88K,44M 505K
65,65-17,22M 292K,29M 722K,37M 153K,44M 583K
65,65-18,22M 331K,29M 774K,37M 218K,44M 661K
65,65-19,22M 370K,29M 827K,37M 283K,44M 740K
65,65-20,22M 409K,29M 879K,37M 349K,44M 818K
65,65-21,22M 449K,29M 931K,37M 414K,44M 897K
65,65-22,22M 488K,29M 984K,37M 480K,44M 976K
65,65-23,22M 527K,30M 36K,37M 545K,45M 54K
65,65-24,22M 567K,30M 89K,37M 611K,45M 134K
65,65-25,22M 607K,30M 142K,37M 677K,45M 213K
65,65-26,22M 646K,30M 195K,37M 744K,45M 292K
65,65-27,22M 686K,30M 248K,37M 810K,45M 372K
65,65-28,22M 726K,30M 301K,37M 876K,45M 451K
65,65-29,22M 766K,30M 354K,37M 943K,45M 531K
65,65-30,22M 806K,30M 407K,38M 9K,45M 611K
66,66-1,22M 846K,30M 461K,38M 76K,45M 691K
66,66-2,22M 886K,30M 514K,38M 143K,45M 771K
66,66-3,22M 926K,30M 568K,38M 210K,45M 851K
66,66-4,22M 966K,30M 621K,38M 277K,45M 932K
66,66-5,23M 6K,30M 675K,38M 344K,46M 12K
66,66-6,23M 47K,30M 729K,38M 411K,46M 93K
66,66-7,23M 87K,30M 783K,38M 479K,46M 174K
66,66-8,23M 128K,30M 837K,38M 546K,46M 255K
66,66-9,23M 168K,30M 891K,38M 614K,46M 336K
66,66-10,23M 209K,30M 945K,38M 681K,46M 418K
66,66-11,23M 250K,31M,38M 749K,46M 499K
66,66-12,23M 291K,31M 54K,38M 817K,46M 581K
66,66-13,23M 331K,31M 108K,38M 885K,46M 662K
66,66-14,23M 372K,31M 163K,38M 954K,46M 744K
66,66-15,23M 413K,31M 218K,39M 22K,46M 826K
66,66-16,23M 455K,31M 273K,39M 91K,46M 909K
66,66-17,23M 496K,31M 327K,39M 159K,46M 991K
66,66-18,23M 537K,31M 382K,39M 228K,47M 73K
66,66-19,23M 578K,31M 437K,39M 297K,47M 156K
66,66-20,23M 620K,31M 493K,39M 366K,47M 239K
66,66-21,23M 661K,31M 548K,39M 435K,47M 322K
66,66-22,23M 703K,31M 603K,39M 504K,47M 405K
66,66-23,23M 744K,31M 659K,39M 573K,47M 488K
66,66-24,23M 786K,31M 714K,39M 643K,47M 571K
66,66-25,23M 828K,31M 770K,39M 712K,47M 655K
66,66-26,23M 869K,31M 826K,39M 782K,47M 738K
66,66-27,23M 911K,31M 882K,39M 852K,47M 822K
66,66-28,23M 953K,31M 937K,39M 922K,47M 906K
66,66-29,23M 995K,31M 994K,39M 992K,47M 990K
66,66-30,24M 37K,32M 50K,40M 62K,48M 74K
67,67-1,24M 80K,32M 106K,40M 132K,48M 159K
67,67-2,24M 122K,32M 162K,40M 203K,48M 243K
67,67-3,24M 164K,32M 219K,40M 273K,48M 328K
67,67-4,24M 207K,32M 275K,40M 344K,48M 413K
67,67-5,24M 249K,32M 332K,40M 415K,48M 498K
67,67-6,24M 272K,32M 363K,40M 453K,48M 544K
67,67-7,24M 295K,32M 393K,40M 492K,48M 590K
67,67-8,24M 318K,32M 424K,40M 530K,48M 636K
67,67-9,24M 342K,32M 455K,40M 569K,48M 683K
67,67-10,24M 365K,32M 486K,40M 607K,48M 729K
67,67-11,24M 388K,32M 517K,40M 646K,48M 775K
67,67-12,24M 411K,32M 548K,40M 685K,48M 822K
67,67-13,24M 434K,32M 579K,40M 724K,48M 868K
67,67-14,24M 458K,32M 610K,40M 762K,48M 915K
67,67-15,24M 481K,32M 641K,40M 801K,48M 961K
67,67-16,24M 504K,32M 672K,40M 840K,49M 8K
67,67-17,24M 528K,32M 703K,40M 879K,49M 55K
67,67-18,24M 551K,32M 734K,40M 918K,49M 101K
67,67-19,24M 574K,32M 766K,40M 957K,49M 148K
67,67-20,24M 598K,32M 797K,40M 996K,49M 195K
67,67-21,24M 621K,32M 828K,41M 35K,49M 242K
67,67-22,24M 645K,32M 859K,41M 74K,49M 289K
67,67-23,24M 668K,32M 890K,41M 113K,49M 335K
67,67-24,24M 691K,32M 922K,41M 152K,49M 382K
67,67-25,24M 715K,32M 953K,41M 191K,49M 429K
67,67-26,24M 739K,32M 985K,41M 231K,49M 477K
67,67-27,24M 762K,33M 16K,41M 270K,49M 524K
67,67-28,24M 786K,33M 47K,41M 309K,49M 571K
67,67-29,24M 809K,33M 79K,41M 348K,49M 618K
67,67-30,24M 833K,33M 110K,41M 388K,49M 665K
68,68-1,24M 857K,33M 142K,41M 427K,49M 713K
68,68-2,24M 880K,33M 173K,41M 467K,49M 760K
68,68-3,24M 904K,33M 205K,41M 506K,49M 807K
68,68-4,24M 928K,33M 237K,41M 546K,49M 855K
68,68-5,24M 951K,33M 268K,41M 585K,49M 902K
68,68-6,24M 975K,33M 300K,41M 625K,49M 950K
68,68-7,24M 999K,33M 332K,41M 664K,49M 997K
68,68-8,25M 23K,33M 363K,41M 704K,50M 45K
68,68-9,25M 46K,33M 395K,41M 744K,50M 92K
68,68-10,25M 70K,33M 427K,41M 784K,50M 140K
68,68-11,25M 94K,33M 459K,41M 823K,50M 188K
68,68-12,25M 118K,33M 491K,41M 863K,50M 236K
68,68-13,25M 142K,33M 523K,41M 903K,50M 284K
68,68-14,25M 166K,33M 554K,41M 943K,50M 331K
68,68-15,25M 190K,33M 586K,41M 983K,50M 379K
68,68-16,25M 214K,33M 618K,42M 23K,50M 427K
68,68-17,25M 238K,33M 650K,42M 63K,50M 475K
68,68-18,25M 262K,33M 682K,42M 103K,50M 523K
68,68-19,25M 286K,33M 715K,42M 143K,50M 572K
68,68-20,25M 310K,33M 747K,42M 183K,50M 620K
68,68-21,25M 334K,33M 779K,42M 223K,50M 668K
68,68-22,25M 358K,33M 811K,42M 264K,50M 716K
68,68-23,25M 382K,33M 843K,42M 304K,50M 764K
68,68-24,25M 407K,33M 875K,42M 344K,50M 813K
68,68-25,25M 431K,33M 908K,42M 384K,50M 861K
68,68-26,25M 455K,33M 940K,42M 425K,50M 910K
68,68-27,25M 479K,33M 972K,42M 465K,50M 958K
68,68-28,25M 504K,34M 5K,42M 506K,51M 7K
68,68-29,25M 528K,34M 37K,42M 546K,51M 55K
68,68-30,25M 552K,34M 69K,42M 587K,51M 104K
69,69-1,25M 576K,34M 102K,42M 627K,51M 152K
69,69-2,25M 601K,34M 134K,42M 668K,51M 201K
69,69-3,25M 625K,34M 167K,42M 708K,51M 250K
69,69-4,25M 650K,34M 199K,42M 749K,51M 299K
69,69-5,25M 674K,34M 232K,42M 790K,51M 348K
69,69-6,25M 698K,34M 264K,42M 830K,51M 396K
69,69-7,25M 723K,34M 297K,42M 871K,51M 445K
69,69-8,25M 747K,34M 330K,42M 912K,51M 494K
69,69-9,25M 772K,34M 362K,42M 953K,51M 543K
69,69-10,25M 796K,34M 395K,42M 994K,51M 592K
69,69-11,25M 821K,34M 428K,43M 35K,51M 642K
69,69-12,25M 846K,34M 461K,43M 76K,51M 691K
69,69-13,25M 870K,34M 494K,43M 117K,51M 740K
69,69-14,25M 895K,34M 526K,43M 158K,51M 789K
69,69-15,25M 920K,34M 559K,43M 199K,51M 839K
69,69-16,25M 944K,34M 592K,43M 240K,51M 888K
69,69-17,25M 969K,34M 625K,43M 281K,51M 937K
69,69-18,25M 994K,34M 658K,43M 322K,51M 987K
69,69-19,26M 18K,34M 691K,43M 364K,52M 36K
69,69-20,26M 43K,34M 724K,43M 405K,52M 86K
69,69-21,26M 68K,34M 757K,43M 446K,52M 135K
69,69-22,26M 93K,34M 790K,43M 488K,52M 185K
69,69-23,26M 118K,34M 823K,43M 529K,52M 235K
69,69-24,26M 143K,34M 857K,43M 571K,52M 285K
69,69-25,26M 167K,34M 890K,43M 612K,52M 334K
69,69-26,26M 192K,34M 923K,43M 654K,52M 384K
69,69-27,26M 217K,34M 956K,43M 695K,52M 434K
69,69-28,26M 242K,34M 990K,43M 737K,52M 484K
69,69-29,26M 267K,35M 23K,43M 778K,52M 534K
69,69-30,26M 292K,35M 56K,43M 820K,52M 584K
70,70-1,26M 317K,35M 90K,43M 862K,52M 634K
70,70-2,26M 342K,35M 123K,43M 904K,52M 684K
70,70-3,26M 367K,35M 156K,43M 945K,52M 734K
70,70-4,26M 393K,35M 190K,43M 987K,52M 785K
70,70-5,26M 418K,35M 223K,44M 29K,52M 835K
70,70-6,26M 443K,35M 257K,44M 71K,52M 885K
70,70-7,26M 468K,35M 291K,44M 113K,52M 936K
70,70-8,26M 493K,35M 324K,44M 155K,52M 986K
70,70-9,26M 518K,35M 358K,44M 197K,53M 36K
70,70-10,26M 544K,35M 391K,44M 239K,53M 87K
70,70-11,26M 569K,35M 425K,44M 281K,53M 137K
70,70-12,26M 594K,35M 459K,44M 323K,53M 188K
70,70-13,26M 620K,35M 493K,44M 366K,53M 239K
70,70-14,26M 645K,35M 526K,44M 408K,53M 289K
70,70-15,26M 670K,35M 560K,44M 450K,53M 340K
70,70-16,26M 696K,35M 594K,44M 492K,53M 391K
70,70-17,26M 721K,35M 628K,44M 535K,53M 441K
70,70-18,26M 746K,35M 662K,44M 577K,53M 492K
70,70-19,26M 772K,35M 696K,44M 619K,53M 543K
70,70-20,26M 797K,35M 730K,44M 662K,53M 594K
70,70-21,26M 823K,35M 764K,44M 704K,53M 645K
70,70-22,26M 848K,35M 798K,44M 747K,53M 696K
70,70-23,26M 874K,35M 832K,44M 789K,53M 747K
70,70-24,26M 899K,35M 866K,44M 832K,53M 798K
70,70-25,26M 925K,35M 900K,44M 875K,53M 850K
70,70-26,26M 951K,35M 934K,44M 917K,53M 901K
70,70-27,26M 976K,35M 968K,44M 960K,53M 952K
70,70-28,27M 2K,36M 2K,45M 3K,54M 3K
70,70-29,27M 28K,36M 37K,45M 46K,54M 55K
70,70-30,27M 53K,36M 71K,45M 89K,54M 106K
71,71-1,27M 79K,36M 105K,45M 132K,54M 158K
71,71-2,27M 105K,36M 140K,45M 175K,54M 209K
71,71-3,27M 131K,36M 174K,45M 217K,54M 261K
71,71-4,27M 157K,36M 209K,45M 261K,54M 313K
71,71-5,27M 182K,36M 243K,45M 304K,54M 364K
71,71-6,27M 208K,36M 277K,45M 347K,54M 416K
71,71-7,27M 234K,36M 312K,45M 390K,54M 468K
71,71-8,27M 260K,36M 347K,45M 433K,54M 520K
71,71-9,27M 286K,36M 381K,45M 476K,54M 571K
71,71-10,27M 312K,36M 416K,45M 520K,54M 623K
71,71-11,27M 338K,36M 450K,45M 563K,54M 675K
71,71-12,27M 364K,36M 485K,45M 606K,54M 727K
71,71-13,27M 390K,36M 520K,45M 650K,54M 780K
71,71-14,27M 416K,36M 555K,45M 693K,54M 832K
71,71-15,27M 442K,36M 589K,45M 737K,54M 884K
71,71-16,27M 468K,36M 624K,45M 780K,54M 936K
71,71-17,27M 495K,36M 659K,45M 824K,54M 989K
71,71-18,27M 521K,36M 694K,45M 867K,55M 41K
71,71-19,27M 547K,36M 729K,45M 911K,55M 93K
71,71-20,27M 573K,36M 764K,45M 955K,55M 146K
71,71-21,27M 599K,36M 799K,45M 999K,55M 198K
71,71-22,27M 626K,36M 834K,46M 42K,55M 251K
71,71-23,27M 652K,36M 869K,46M 86K,55M 303K
71,71-24,27M 678K,36M 904K,46M 130K,55M 356K
71,71-25,27M 705K,36M 939K,46M 174K,55M 409K
71,71-26,27M 731K,36M 975K,46M 218K,55M 462K
71,71-27,27M 757K,37M 10K,46M 262K,55M 514K
71,71-28,27M 784K,37M 45K,46M 306K,55M 567K
71,71-29,27M 810K,37M 80K,46M 350K,55M 620K
71,71-30,27M 837K,37M 116K,46M 394K,55M 673K
72,72-1,27M 863K,37M 151K,46M 439K,55M 726K
72,72-2,27M 890K,37M 186K,46M 483K,55M 779K
72,72-3,27M 916K,37M 222K,46M 527K,55M 832K
72,72-4,27M 943K,37M 257K,46M 571K,55M 885K
72,72-5,27M 970K,37M 293K,46M 616K,55M 939K
72,72-6,27M 996K,37M 328K,46M 660K,55M 992K
72,72-7,28M 23K,37M 364K,46M 704K,56M 45K
72,72-8,28M 50K,37M 399K,46M 749K,56M 99K
72,72-9,28M 76K,37M 435K,46M 793K,56M 152K
72,72-10,28M 103K,37M 471K,46M 838K,56M 206K
72,72-11,28M 130K,37M 506K,46M 883K,56M 259K
72,72-12,28M 157K,37M 542K,46M 927K,56M 313K
72,72-13,28M 183K,37M 578K,46M 972K,56M 366K
72,72-14,28M 210K,37M 613K,47M 17K,56M 420K
72,72-15,28M 237K,37M 649K,47M 61K,56M 474K
72,72-16,28M 264K,37M 685K,47M 106K,56M 527K
72,72-17,28M 291K,37M 721K,47M 151K,56M 581K
72,72-18,28M 318K,37M 757K,47M 196K,56M 635K
72,72-19,28M 345K,37M 793K,47M 241K,56M 689K
72,72-20,28M 372K,37M 829K,47M 286K,56M 743K
72,72-21,28M 399K,37M 865K,47M 331K,56M 797K
72,72-22,28M 426K,37M 901K,47M 376K,56M 851K
72,72-23,28M 453K,37M 937K,47M 421K,56M 905K
72,72-24,28M 480K,37M 973K,47M 466K,56M 959K
72,72-25,28M 507K,38M 9K,47M 512K,57M 14K
72,72-26,28M 534K,38M 45K,47M 557K,57M 68K
72,72-27,28M 561K,38M 82K,47M 602K,57M 122K
72,72-28,28M 589K,38M 118K,47M 647K,57M 177K
72,72-29,28M 616K,38M 154K,47M 693K,57M 231K
72,72-30,28M 643K,38M 191K,47M 738K,57M 286K
73,73-1,28M 670K,38M 227K,47M 784K,57M 340K
73,73-2,28M 698K,38M 263K,47M 829K,57M 395K
73,73-3,28M 725K,38M 300K,47M 875K,57M 449K
73,73-4,28M 752K,38M 336K,47M 920K,57M 504K
73,73-5,28M 780K,38M 373K,47M 966K,57M 559K
73,73-6,28M 807K,38M 409K,48M 12K,57M 614K
73,73-7,28M 835K,38M 446K,48M 57K,57M 669K
73,73-8,28M 862K,38M 483K,48M 103K,57M 724K
73,73-9,28M 889K,38M 519K,48M 149K,57M 778K
73,73-10,28M 917K,38M 556K,48M 195K,57M 834K
73,73-11,28M 945K,38M 593K,48M 241K,57M 889K
73,73-12,28M 972K,38M 629K,48M 286K,57M 944K
73,73-13,29M,38M 666K,48M 332K,57M 999K
73,73-14,29M 27K,38M 703K,48M 379K,58M 54K
73,73-15,29M 55K,38M 740K,48M 425K,58M 109K
73,73-16,29M 83K,38M 777K,48M 471K,58M 165K
73,73-17,29M 110K,38M 814K,48M 517K,58M 220K
73,73-18,29M 138K,38M 851K,48M 563K,58M 276K
73,73-19,29M 166K,38M 888K,48M 609K,58M 331K
73,73-20,29M 194K,38M 925K,48M 656K,58M 387K
73,73-21,29M 221K,38M 962K,48M 702K,58M 442K
73,73-22,29M 249K,38M 999K,48M 748K,58M 498K
73,73-23,29M 277K,39M 36K,48M 795K,58M 554K
73,73-24,29M 305K,39M 73K,48M 841K,58M 609K
73,73-25,29M 333K,39M 110K,48M 888K,58M 665K
73,73-26,29M 361K,39M 147K,48M 934K,58M 721K
73,73-27,29M 389K,39M 185K,48M 981K,58M 777K
73,73-28,29M 417K,39M 222K,49M 27K,58M 833K
73,73-29,29M 445K,39M 259K,49M 74K,58M 889K
73,73-30,29M 473K,39M 297K,49M 121K,58M 945K
74,74-1,29M 501K,39M 334K,49M 168K,59M 1K
74,74-2,29M 529K,39M 372K,49M 214K,59M 57K
74,74-3,29M 557K,39M 409K,49M 261K,59M 114K
74,74-4,29M 585K,39M 447K,49M 308K,59M 170K
74,74-5,29M 613K,39M 484K,49M 355K,59M 226K
74,74-6,29M 642K,39M 522K,49M 402K,59M 283K
74,74-7,29M 670K,39M 559K,49M 449K,59M 339K
74,74-8,29M 698K,39M 597K,49M 496K,59M 395K
74,74-9,29M 726K,39M 635K,49M 543K,59M 452K
74,74-10,29M 755K,39M 673K,49M 591K,59M 509K
74,74-11,29M 783K,39M 710K,49M 638K,59M 565K
74,74-12,29M 811K,39M 748K,49M 685K,59M 622K
74,74-13,29M 840K,39M 786K,49M 732K,59M 679K
74,74-14,29M 868K,39M 824K,49M 780K,59M 736K
74,74-15,29M 897K,39M 862K,49M 827K,59M 793K
74,74-16,29M 925K,39M 900K,49M 875K,59M 849K
74,74-17,29M 953K,39M 938K,49M 922K,59M 906K
74,74-18,29M 982K,39M 976K,49M 970K,59M 964K
74,74-19,30M 11K,40M 14K,50M 17K,60M 21K
74,74-20,30M 39K,40M 52K,50M 65K,60M 78K
74,74-21,30M 68K,40M 90K,50M 113K,60M 135K
74,74-22,30M 96K,40M 128K,50M 160K,60M 192K
74,74-23,30M 125K,40M 167K,50M 208K,60M 250K
74,74-24,30M 154K,40M 205K,50M 256K,60M 307K
74,74-25,30M 182K,40M 243K,50M 304K,60M 364K
74,74-26,30M 211K,40M 281K,50M 352K,60M 422K
74,74-27,30M 240K,40M 320K,50M 400K,60M 479K
74,74-28,30M 269K,40M 358K,50M 448K,60M 537K
74,74-29,30M 298K,40M 397K,50M 496K,60M 595K
74,74-30,30M 326K,40M 435K,50M 544K,60M 652K
75,75-1,30M 355K,40M 474K,50M 592K,60M 710K
75,75-2,30M 384K,40M 512K,50M 640K,60M 768K
75,75-3,30M 413K,40M 551K,50M 688K,60M 826K
75,75-4,30M 442K,40M 589K,50M 736K,60M 884K
75,75-5,30M 471K,40M 628K,50M 785K,60M 942K
75,75-6,30M 500K,40M 667K,50M 833K,61M
75,75-7,30M 529K,40M 705K,50M 882K,61M 58K
75,75-8,30M 558K,40M 744K,50M 930K,61M 116K
75,75-9,30M 587K,40M 783K,50M 978K,61M 174K
75,75-10,30M 616K,40M 822K,51M 27K,61M 232K
75,75-11,30M 646K,40M 861K,51M 76K,61M 291K
75,75-12,30M 675K,40M 899K,51M 124K,61M 349K
75,75-13,30M 704K,40M 938K,51M 173K,61M 407K
75,75-14,30M 733K,40M 977K,51M 222K,61M 466K
75,75-15,30M 762K,41M 16K,51M 270K,61M 524K
75,75-16,30M 792K,41M 55K,51M 319K,61M 583K
75,75-17,30M 821K,41M 95K,51M 368K,61M 642K
75,75-18,30M 850K,41M 134K,51M 417K,61M 700K
75,75-19,30M 880K,41M 173K,51M 466K,61M 759K
75,75-20,30M 909K,41M 212K,51M 515K,61M 818K
75,75-21,30M 939K,41M 251K,51M 564K,61M 877K
75,75-22,30M 968K,41M 291K,51M 613K,61M 936K
75,75-23,30M 998K,41M 330K,51M 662K,61M 995K
75,75-24,31M 27K,41M 369K,51M 711K,62M 54K
75,75-25,31M 57K,41M 409K,51M 761K,62M 113K
75,75-26,31M 86K,41M 448K,51M 810K,62M 172K
75,75-27,31M 116K,41M 488K,51M 859K,62M 231K
75,75-28,31M 145K,41M 527K,51M 909K,62M 290K
75,75-29,31M 175K,41M 567K,51M 958K,62M 350K
75,75-30,31M 205K,41M 606K,52M 8K,62M 409K
76,76-1,31M 234K,41M 646K,52M 57K,62M 468K
76,76-2,31M 264K,41M 685K,52M 107K,62M 528K
76,76-3,31M 294K,41M 725K,52M 156K,62M 588K
76,76-4,31M 324K,41M 765K,52M 206K,62M 647K
76,76-5,31M 354K,41M 805K,52M 256K,62M 707K
76,76-6,31M 383K,41M 844K,52M 305K,62M 766K
76,76-7,31M 413K,41M 884K,52M 355K,62M 826K
76,76-8,31M 443K,41M 924K,52M 405K,62M 886K
76,76-9,31M 473K,41M 964K,52M 455K,62M 946K
76,76-10,31M 503K,42M 4K,52M 505K,63M 6K
76,76-11,31M 533K,42M 44K,52M 555K,63M 66K
76,76-12,31M 563K,42M 84K,52M 605K,63M 126K
76,76-13,31M 593K,42M 124K,52M 655K,63M 186K
76,76-14,31M 623K,42M 164K,52M 705K,63M 246K
76,76-15,31M 653K,42M 204K,52M 755K,63M 306K
76,76-16,31M 684K,42M 245K,52M 806K,63M 367K
76,76-17,31M 714K,42M 285K,52M 856K,63M 427K
76,76-18,31M 744K,42M 325K,52M 906K,63M 487K
76,76-19,31M 774K,42M 365K,52M 957K,63M 548K
76,76-20,31M 804K,42M 406K,53M 7K,63M 608K
76,76-21,31M 835K,42M 446K,53M 58K,63M 669K
76,76-22,31M 865K,42M 487K,53M 108K,63M 730K
76,76-23,31M 895K,42M 527K,53M 159K,63M 790K
76,76-24,31M 926K,42M 568K,53M 209K,63M 851K
76,76-25,31M 956K,42M 608K,53M 260K,63M 912K
76,76-26,31M 987K,42M 649K,53M 311K,63M 973K
76,76-27,32M 17K,42M 689K,53M 361K,64M 34K
76,76-28,32M 48K,42M 730K,53M 412K,64M 95K
76,76-29,32M 78K,42M 771K,53M 463K,64M 156K
76,76-30,32M 109K,42M 811K,53M 514K,64M 217K
77,77-1,32M 139K,42M 852K,53M 565K,64M 278K
77,77-2,32M 170K,42M 893K,53M 616K,64M 339K
77,77-3,32M 200K,42M 934K,53M 667K,64M 400K
77,77-4,32M 231K,42M 975K,53M 718K,64M 462K
77,77-5,32M 262K,43M 16K,53M 769K,64M 523K
77,77-6,32M 292K,43M 56K,53M 820K,64M 584K
77,77-7,32M 323K,43M 97K,53M 872K,64M 646K
77,77-8,32M 354K,43M 139K,53M 923K,64M 708K
77,77-9,32M 385K,43M 180K,53M 974K,64M 769K
77,77-10,32M 416K,43M 221K,54M 26K,64M 831K
77,77-11,32M 447K,43M 262K,54M 77K,64M 893K
77,77-12,32M 477K,43M 303K,54M 129K,64M 954K
77,77-13,32M 508K,43M 344K,54M 180K,65M 16K
77,77-14,32M 539K,43M 386K,54M 232K,65M 78K
77,77-15,32M 570K,43M 427K,54M 283K,65M 140K
77,77-16,32M 601K,43M 468K,54M 335K,65M 202K
77,77-17,32M 632K,43M 510K,54M 387K,65M 264K
77,77-18,32M 663K,43M 551K,54M 439K,65M 326K
77,77-19,32M 695K,43M 593K,54M 491K,65M 389K
77,77-20,32M 726K,43M 634K,54M 542K,65M 451K
77,77-21,32M 757K,43M 676K,54M 594K,65M 513K
77,77-22,32M 788K,43M 717K,54M 646K,65M 576K
77,77-23,32M 819K,43M 759K,54M 698K,65M 638K
77,77-24,32M 850K,43M 800K,54M 750K,65M 700K
77,77-25,32M 882K,43M 842K,54M 803K,65M 763K
77,77-26,32M 913K,43M 884K,54M 855K,65M 826K
77,77-27,32M 944K,43M 926K,54M 907K,65M 888K
77,77-28,32M 976K,43M 968K,54M 959K,65M 951K
77,77-29,33M 7K,44M 9K,55M 12K,66M 14K
77,77-30,33M 39K,44M 51K,55M 64K,66M 77K
78,78-1,33M 70K,44M 93K,55M 116K,66M 140K
78,78-2,33M 102K,44M 135K,55M 169K,66M 203K
78,78-3,33M 133K,44M 177K,55M 221K,66M 266K
78,78-4,33M 165K,44M 219K,55M 274K,66M 329K
78,78-5,33M 196K,44M 261K,55M 327K,66M 392K
78,78-6,33M 228K,44M 304K,55M 379K,66M 455K
78,78-7,33M 259K,44M 346K,55M 432K,66M 518K
78,78-8,33M 291K,44M 388K,55M 485K,66M 582K
78,78-9,33M 323K,44M 430K,55M 538K,66M 645K
78,78-10,33M 355K,44M 473K,55M 591K,66M 709K
78,78-11,33M 386K,44M 515K,55M 644K,66M 772K
78,78-12,33M 418K,44M 557K,55M 697K,66M 836K
78,78-13,33M 450K,44M 600K,55M 750K,66M 899K
78,78-14,33M 482K,44M 642K,55M 803K,66M 963K
78,78-15,33M 514K,44M 685K,55M 856K,67M 27K
78,78-16,33M 546K,44M 727K,55M 909K,67M 91K
78,78-17,33M 578K,44M 770K,55M 962K,67M 155K
78,78-18,33M 609K,44M 812K,56M 15K,67M 218K
78,78-19,33M 641K,44M 855K,56M 69K,67M 282K
78,78-20,33M 674K,44M 898K,56M 122K,67M 347K
78,78-21,33M 706K,44M 941K,56M 176K,67M 411K
78,78-22,33M 738K,44M 983K,56M 229K,67M 475K
78,78-23,33M 770K,45M 26K,56M 283K,67M 539K
78,78-24,33M 802K,45M 69K,56M 336K,67M 603K
78,78-25,33M 834K,45M 112K,56M 390K,67M 668K
78,78-26,33M 866K,45M 155K,56M 444K,67M 732K
78,78-27,33M 899K,45M 198K,56M 497K,67M 797K
78,78-28,33M 931K,45M 241K,56M 551K,67M 861K
78,78-29,33M 963K,45M 284K,56M 605K,67M 926K
78,78-30,33M 996K,45M 327K,56M 659K,67M 991K
79,79-1,34M 28K,45M 370K,56M 713K,68M 55K
79,79-2,34M 60K,45M 414K,56M 767K,68M 120K
79,79-3,34M 93K,45M 457K,56M 821K,68M 185K
79,79-4,34M 125K,45M 500K,56M 875K,68M 250K
79,79-5,34M 158K,45M 543K,56M 929K,68M 315K
79,79-6,34M 190K,45M 587K,56M 983K,68M 380K
79,79-7,34M 223K,45M 630K,57M 38K,68M 445K
79,79-8,34M 255K,45M 674K,57M 92K,68M 510K
79,79-9,34M 288K,45M 717K,57M 146K,68M 575K
79,79-10,34M 321K,45M 761K,57M 201K,68M 641K
79,79-11,34M 353K,45M 804K,57M 255K,68M 706K
79,79-12,34M 386K,45M 848K,57M 310K,68M 772K
79,79-13,34M 419K,45M 892K,57M 364K,68M 837K
79,79-14,34M 452K,45M 935K,57M 419K,68M 903K
79,79-15,34M 484K,45M 979K,57M 474K,68M 968K
79,79-16,34M 517K,46M 23K,57M 528K,69M 34K
79,79-17,34M 550K,46M 67K,57M 583K,69M 100K
79,79-18,34M 583K,46M 110K,57M 638K,69M 165K
79,79-19,34M 616K,46M 154K,57M 693K,69M 231K
79,79-20,34M 649K,46M 198K,57M 748K,69M 297K
79,79-21,34M 682K,46M 242K,57M 803K,69M 363K
79,79-22,34M 715K,46M 286K,57M 858K,69M 429K
79,79-23,34M 748K,46M 330K,57M 913K,69M 495K
79,79-24,34M 781K,46M 374K,57M 968K,69M 561K
79,79-25,34M 814K,46M 419K,58M 23K,69M 628K
79,79-26,34M 847K,46M 463K,58M 78K,69M 694K
79,79-27,34M 880K,46M 507K,58M 134K,69M 760K
79,79-28,34M 914K,46M 551K,58M 189K,69M 827K
79,79-29,34M 947K,46M 596K,58M 244K,69M 893K
79,79-30,34M 980K,46M 640K,58M 300K,69M 960K
80,80-1,35M 13K,46M 684K,58M 355K,70M 26K
80,80-2,35M 47K,46M 729K,58M 411K,70M 93K
80,80-3,35M 80K,46M 773K,58M 467K,70M 160K
80,80-4,35M 114K,46M 818K,58M 522K,70M 227K
80,80-5,35M 147K,46M 862K,58M 578K,70M 293K
80,80-6,35M 180K,46M 907K,58M 634K,70M 360K
80,80-7,35M 214K,46M 952K,58M 690K,70M 427K
80,80-8,35M 247K,46M 996K,58M 745K,70M 494K
80,80-9,35M 281K,47M 41K,58M 801K,70M 562K
80,80-10,35M 315K,47M 86K,58M 857K,70M 629K
80,80-11,35M 348K,47M 131K,58M 913K,70M 696K
80,80-12,35M 382K,47M 176K,58M 969K,70M 763K
80,80-13,35M 416K,47M 221K,59M 26K,70M 831K
80,80-14,35M 449K,47M 266K,59M 82K,70M 898K
80,80-15,35M 483K,47M 311K,59M 138K,70M 966K
80,80-16,35M 517K,47M 356K,59M 194K,71M 33K
80,80-17,35M 551K,47M 401K,59M 251K,71M 101K
80,80-18,35M 584K,47M 446K,59M 307K,71M 168K
80,80-19,35M 618K,47M 491K,59M 364K,71M 236K
80,80-20,35M 652K,47M 536K,59M 420K,71M 304K
80,80-21,35M 686K,47M 581K,59M 477K,71M 372K
80,80-22,35M 720K,47M 627K,59M 533K,71M 440K
80,80-23,35M 754K,47M 672K,59M 590K,71M 508K
80,80-24,35M 788K,47M 718K,59M 647K,71M 576K
80,80-25,35M 822K,47M 763K,59M 704K,71M 644K
80,80-26,35M 856K,47M 808K,59M 760K,71M 712K
80,80-27,35M 891K,47M 854K,59M 817K,71M 781K
80,80-28,35M 925K,47M 900K,59M 874K,71M 849K
80,80-29,35M 959K,47M 945K,59M 931K,71M 917K
80,80-30,35M 993K,47M 991K,59M 988K,71M 986K
81,81-1,36M 27K,48M 36K,60M 45K,72M 54K
81,81-2,36M 62K,48M 82K,60M 103K,72M 123K
81,81-3,36M 96K,48M 128K,60M 160K,72M 192K
81,81-4,36M 131K,48M 174K,60M 217K,72M 261K
81,81-5,36M 165K,48M 220K,60M 275K,72M 329K
81,81-6,36M 199K,48M 266K,60M 332K,72M 398K
81,81-7,36M 234K,48M 312K,60M 389K,72M 467K
81,81-8,36M 268K,48M 358K,60M 447K,72M 536K
81,81-9,36M 303K,48M 404K,60M 504K,72M 605K
81,81-10,36M 337K,48M 450K,60M 562K,72M 674K
81,81-11,36M 372K,48M 496K,60M 620K,72M 744K
81,81-12,36M 407K,48M 542K,60M 677K,72M 813K
81,81-13,36M 441K,48M 588K,60M 735K,72M 882K
81,81-14,36M 476K,48M 635K,60M 793K,72M 952K
81,81-15,36M 511K,48M 681K,60M 851K,73M 21K
81,81-16,36M 546K,48M 727K,60M 909K,73M 91K
81,81-17,36M 580K,48M 774K,60M 967K,73M 160K
81,81-18,36M 615K,48M 820K,61M 25K,73M 230K
81,81-19,36M 650K,48M 867K,61M 83K,73M 300K
81,81-20,36M 685K,48M 913K,61M 141K,73M 369K
81,81-21,36M 720K,48M 960K,61M 199K,73M 439K
81,81-22,36M 755K,49M 6K,61M 258K,73M 509K
81,81-23,36M 790K,49M 53K,61M 316K,73M 579K
81,81-24,36M 825K,49M 100K,61M 374K,73M 649K
81,81-25,36M 860K,49M 146K,61M 433K,73M 719K
81,81-26,36M 895K,49M 193K,61M 491K,73M 790K
81,81-27,36M 930K,49M 240K,61M 550K,73M 860K
81,81-28,36M 965K,49M 287K,61M 609K,73M 930K
81,81-29,37M 1K,49M 334K,61M 667K,74M 1K
81,81-30,37M 36K,49M 381K,61M 726K,74M 71K
82,82-1,37M 71K,49M 428K,61M 785K,74M 142K
82,82-2,37M 106K,49M 475K,61M 844K,74M 212K
82,82-3,37M 142K,49M 522K,61M 902K,74M 283K
82,82-4,37M 177K,49M 569K,61M 961K,74M 354K
82,82-5,37M 212K,49M 616K,62M 20K,74M 424K
82,82-6,37M 248K,49M 664K,62M 79K,74M 495K
82,82-7,37M 283K,49M 711K,62M 139K,74M 566K
82,82-8,37M 319K,49M 758K,62M 198K,74M 637K
82,82-9,37M 354K,49M 806K,62M 257K,74M 708K
82,82-10,37M 390K,49M 853K,62M 316K,74M 779K
82,82-11,37M 426K,49M 901K,62M 376K,74M 851K
82,82-12,37M 461K,49M 948K,62M 435K,74M 922K
82,82-13,37M 497K,49M 996K,62M 494K,74M 993K
82,82-14,37M 533K,50M 43K,62M 554K,75M 65K
82,82-15,37M 568K,50M 91K,62M 613K,75M 136K
82,82-16,37M 604K,50M 139K,62M 673K,75M 208K
82,82-17,37M 640K,50M 186K,62M 733K,75M 279K
82,82-18,37M 676K,50M 234K,62M 792K,75M 351K
82,82-19,37M 712K,50M 282K,62M 852K,75M 423K
82,82-20,37M 747K,50M 330K,62M 912K,75M 494K
82,82-21,37M 783K,50M 378K,62M 972K,75M 566K
82,82-22,37M 819K,50M 426K,63M 32K,75M 638K
82,82-23,37M 855K,50M 474K,63M 92K,75M 710K
82,82-24,37M 891K,50M 522K,63M 152K,75M 782K
82,82-25,37M 928K,50M 570K,63M 212K,75M 855K
82,82-26,37M 964K,50M 618K,63M 272K,75M 927K
82,82-27,38M,50M 666K,63M 333K,75M 999K
82,82-28,38M 36K,50M 714K,63M 393K,76M 71K
82,82-29,38M 72K,50M 763K,63M 453K,76M 144K
82,82-30,38M 108K,50M 811K,63M 514K,76M 216K
83,83-1,38M 145K,50M 859K,63M 574K,76M 289K
83,83-2,38M 181K,50M 908K,63M 635K,76M 362K
83,83-3,38M 217K,50M 956K,63M 695K,76M 434K
83,83-4,38M 254K,51M 5K,63M 756K,76M 507K
83,83-5,38M 290K,51M 53K,63M 817K,76M 580K
83,83-6,38M 327K,51M 102K,63M 877K,76M 653K
83,83-7,38M 363K,51M 151K,63M 938K,76M 726K
83,83-8,38M 400K,51M 199K,63M 999K,76M 799K
83,83-9,38M 436K,51M 248K,64M 60K,76M 872K
83,83-10,38M 473K,51M 297K,64M 121K,76M 945K
83,83-11,38M 510K,51M 346K,64M 182K,77M 19K
83,83-12,38M 546K,51M 395K,64M 243K,77M 92K
83,83-13,38M 583K,51M 444K,64M 304K,77M 165K
83,83-14,38M 620K,51M 493K,64M 366K,77M 239K
83,83-15,38M 656K,51M 542K,64M 427K,77M 312K
83,83-16,38M 693K,51M 591K,64M 488K,77M 386K
83,83-17,38M 730K,51M 640K,64M 550K,77M 460K
83,83-18,38M 767K,51M 689K,64M 611K,77M 533K
83,83-19,38M 804K,51M 738K,64M 673K,77M 607K
83,83-20,38M 841K,51M 788K,64M 734K,77M 681K
83,83-21,38M 878K,51M 837K,64M 796K,77M 755K
83,83-22,38M 915K,51M 886K,64M 858K,77M 829K
83,83-23,38M 952K,51M 936K,64M 919K,77M 903K
83,83-24,38M 989K,51M 985K,64M 981K,77M 977K
83,83-25,39M 26K,52M 35K,65M 43K,78M 52K
83,83-26,39M 63K,52M 84K,65M 105K,78M 126K
83,83-27,39M 100K,52M 134K,65M 167K,78M 200K
83,83-28,39M 138K,52M 183K,65M 229K,78M 275K
83,83-29,39M 175K,52M 233K,65M 291K,78M 349K
83,83-30,39M 212K,52M 283K,65M 353K,78M 424K
84,84-1,39M 250K,52M 333K,65M 416K,78M 499K
84,84-2,39M 287K,52M 382K,65M 478K,78M 573K
84,84-3,39M 324K,52M 432K,65M 540K,78M 648K
84,84-4,39M 362K,52M 482K,65M 603K,78M 723K
84,84-5,39M 399K,52M 532K,65M 665K,78M 798K
84,84-6,39M 437K,52M 582K,65M 728K,78M 873K
84,84-7,39M 474K,52M 632K,65M 790K,78M 948K
84,84-8,39M 512K,52M 682K,65M 853K,79M 23K
84,84-9,39M 550K,52M 733K,65M 916K,79M 99K
84,84-10,39M 587K,52M 783K,65M 978K,79M 174K
84,84-11,39M 625K,52M 833K,66M 41K,79M 249K
84,84-12,39M 663K,52M 883K,66M 104K,79M 325K
84,84-13,39M 700K,52M 934K,66M 167K,79M 400K
84,84-14,39M 738K,52M 984K,66M 230K,79M 476K
84,84-15,39M 776K,53M 35K,66M 293K,79M 552K
84,84-16,39M 814K,53M 85K,66M 356K,79M 627K
84,84-17,39M 852K,53M 136K,66M 419K,79M 703K
84,84-18,39M 890K,53M 186K,66M 483K,79M 779K
84,84-19,39M 928K,53M 237K,66M 546K,79M 855K
84,84-20,39M 966K,53M 288K,66M 609K,79M 931K
84,84-21,40M 4K,53M 338K,66M 673K,80M 7K
84,84-22,40M 42K,53M 389K,66M 736K,80M 83K
84,84-23,40M 80K,53M 440K,66M 800K,80M 160K
84,84-24,40M 118K,53M 491K,66M 863K,80M 236K
84,84-25,40M 156K,53M 542K,66M 927K,80M 312K
84,84-26,40M 195K,53M 593K,66M 991K,80M 389K
84,84-27,40M 233K,53M 644K,67M 55K,80M 465K
84,84-28,40M 271K,53M 695K,67M 118K,80M 542K
84,84-29,40M 310K,53M 746K,67M 182K,80M 619K
84,84-30,40M 348K,53M 797K,67M 246K,80M 695K
85,85-1,40M 386K,53M 848K,67M 310K,80M 772K
85,85-2,40M 425K,53M 900K,67M 374K,80M 849K
85,85-3,40M 463K,53M 951K,67M 439K,80M 926K
85,85-4,40M 502K,54M 2K,67M 503K,81M 3K
85,85-5,40M 540K,54M 54K,67M 567K,81M 80K
85,85-6,40M 579K,54M 105K,67M 631K,81M 158K
85,85-7,40M 618K,54M 157K,67M 696K,81M 235K
85,85-8,40M 656K,54M 208K,67M 760K,81M 312K
85,85-9,40M 695K,54M 260K,67M 825K,81M 390K
85,85-10,40M 734K,54M 312K,67M 889K,81M 467K
85,85-11,40M 773K,54M 363K,67M 954K,81M 545K
85,85-12,40M 811K,54M 415K,68M 19K,81M 622K
85,85-13,40M 850K,54M 467K,68M 83K,81M 700K
85,85-14,40M 889K,54M 519K,68M 148K,81M 778K
85,85-15,40M 928K,54M 571K,68M 213K,81M 856K
85,85-16,40M 967K,54M 623K,68M 278K,81M 934K
85,85-17,41M 6K,54M 675K,68M 343K,82M 12K
85,85-18,41M 45K,54M 727K,68M 408K,82M 90K
85,85-19,41M 84K,54M 779K,68M 473K,82M 168K
85,85-20,41M 123K,54M 831K,68M 539K,82M 246K
85,85-21,41M 163K,54M 883K,68M 604K,82M 325K
85,85-22,41M 202K,54M 935K,68M 669K,82M 403K
85,85-23,41M 241K,54M 988K,68M 735K,82M 481K
85,85-24,41M 280K,55M 40K,68M 800K,82M 560K
85,85-25,41M 320K,55M 93K,68M 866K,82M 639K
85,85-26,41M 359K,55M 145K,68M 931K,82M 717K
85,85-27,41M 398K,55M 197K,68M 997K,82M 796K
85,85-28,41M 438K,55M 250K,69M 62K,82M 875K
85,85-29,41M 477K,55M 303K,69M 128K,82M 954K
85,85-30,41M 517K,55M 355K,69M 194K,83M 33K
86,86-1,41M 556K,55M 408K,69M 260K,83M 112K
86,86-2,41M 596K,55M 461K,69M 326K,83M 191K
86,86-3,41M 635K,55M 514K,69M 392K,83M 270K
86,86-4,41M 675K,55M 566K,69M 458K,83M 349K
86,86-5,41M 715K,55M 619K,69M 524K,83M 429K
86,86-6,41M 754K,55M 672K,69M 590K,83M 508K
86,86-7,41M 794K,55M 725K,69M 657K,83M 588K
86,86-8,41M 834K,55M 778K,69M 723K,83M 667K
86,86-9,41M 874K,55M 832K,69M 789K,83M 747K
86,86-10,41M 914K,55M 885K,69M 856K,83M 827K
86,86-11,41M 954K,55M 938K,69M 922K,83M 907K
86,86-12,41M 993K,55M 991K,69M 989K,83M 986K
86,86-13,42M 33K,56M 44K,70M 55K,84M 66K
86,86-14,42M 73K,56M 98K,70M 122K,84M 146K
86,86-15,42M 114K,56M 151K,70M 189K,84M 227K
86,86-16,42M 154K,56M 205K,70M 256K,84M 307K
86,86-17,42M 194K,56M 258K,70M 323K,84M 387K
86,86-18,42M 234K,56M 312K,70M 390K,84M 467K
86,86-19,42M 274K,56M 365K,70M 457K,84M 548K
86,86-20,42M 314K,56M 419K,70M 524K,84M 628K
86,86-21,42M 355K,56M 473K,70M 591K,84M 709K
86,86-22,42M 395K,56M 527K,70M 658K,84M 790K
86,86-23,42M 435K,56M 580K,70M 725K,84M 870K
86,86-24,42M 476K,56M 634K,70M 793K,84M 951K
86,86-25,42M 516K,56M 688K,70M 860K,85M 32K
86,86-26,42M 557K,56M 742K,70M 928K,85M 113K
86,86-27,42M 597K,56M 796K,70M 995K,85M 194K
86,86-28,42M 638K,56M 850K,71M 63K,85M 275K
86,86-29,42M 678K,56M 904K,71M 130K,85M 356K
86,86-30,42M 719K,56M 959K,71M 198K,85M 438K
87,87-1,42M 760K,57M 13K,71M 266K,85M 519K
87,87-2,42M 800K,57M 67K,71M 334K,85M 600K
87,87-3,42M 841K,57M 121K,71M 402K,85M 682K
87,87-4,42M 882K,57M 176K,71M 470K,85M 764K
87,87-5,42M 923K,57M 230K,71M 538K,85M 845K
87,87-6,42M 964K,57M 285K,71M 606K,85M 927K
87,87-7,43M 5K,57M 339K,71M 674K,86M 9K
87,87-8,43M 46K,57M 394K,71M 742K,86M 91K
87,87-9,43M 87K,57M 449K,71M 811K,86M 173K
87,87-10,43M 128K,57M 503K,71M 879K,86M 255K
87,87-11,43M 169K,57M 558K,71M 947K,86M 337K
87,87-12,43M 210K,57M 613K,72M 16K,86M 419K
87,87-13,43M 251K,57M 668K,72M 85K,86M 501K
87,87-14,43M 292K,57M 723K,72M 153K,86M 584K
87,87-15,43M 333K,57M 778K,72M 222K,86M 666K
87,87-16,43M 375K,57M 833K,72M 291K,86M 749K
87,87-17,43M 416K,57M 888K,72M 360K,86M 831K
87,87-18,43M 457K,57M 943K,72M 428K,86M 914K
87,87-19,43M 499K,57M 998K,72M 497K,86M 997K
87,87-20,43M 540K,58M 53K,72M 566K,87M 80K
87,87-21,43M 582K,58M 109K,72M 636K,87M 163K
87,87-22,43M 623K,58M 164K,72M 705K,87M 246K
87,87-23,43M 665K,58M 219K,72M 774K,87M 329K
87,87-24,43M 706K,58M 275K,72M 843K,87M 412K
87,87-25,43M 748K,58M 330K,72M 913K,87M 495K
87,87-26,43M 773K,58M 364K,72M 955K,87M 545K
87,87-27,43M 798K,58M 397K,72M 997K,87M 596K
87,87-28,43M 823K,58M 431K,73M 39K,87M 646K
87,87-29,43M 849K,58M 465K,73M 81K,87M 697K
87,87-30,43M 874K,58M 498K,73M 123K,87M 747K
88,88-1,43M 899K,58M 532K,73M 165K,87M 798K
88,88-2,43M 925K,58M 566K,73M 207K,87M 849K
88,88-3,43M 950K,58M 600K,73M 249K,87M 899K
88,88-4,43M 975K,58M 633K,73M 292K,87M 950K
88,88-5,44M 1K,58M 667K,73M 334K,88M 1K
88,88-6,44M 26K,58M 701K,73M 376K,88M 51K
88,88-7,44M 51K,58M 735K,73M 418K,88M 102K
88,88-8,44M 77K,58M 769K,73M 461K,88M 153K
88,88-9,44M 102K,58M 803K,73M 503K,88M 204K
88,88-10,44M 127K,58M 836K,73M 545K,88M 254K
88,88-11,44M 153K,58M 870K,73M 588K,88M 305K
88,88-12,44M 178K,58M 904K,73M 630K,88M 356K
88,88-13,44M 204K,58M 938K,73M 673K,88M 407K
88,88-14,44M 229K,58M 972K,73M 715K,88M 458K
88,88-15,44M 255K,59M 6K,73M 758K,88M 509K
88,88-16,44M 280K,59M 40K,73M 800K,88M 560K
88,88-17,44M 306K,59M 74K,73M 843K,88M 611K
88,88-18,44M 331K,59M 108K,73M 885K,88M 662K
88,88-19,44M 357K,59M 142K,73M 928K,88M 713K
88,88-20,44M 382K,59M 176K,73M 970K,88M 764K
88,88-21,44M 408K,59M 211K,74M 13K,88M 816K
88,88-22,44M 434K,59M 245K,74M 56K,88M 867K
88,88-23,44M 459K,59M 279K,74M 98K,88M 918K
88,88-24,44M 485K,59M 313K,74M 141K,88M 969K
88,88-25,44M 510K,59M 347K,74M 184K,89M 20K
88,88-26,44M 536K,59M 381K,74M 227K,89M 72K
88,88-27,44M 562K,59M 416K,74M 269K,89M 123K
88,88-28,44M 587K,59M 450K,74M 312K,89M 174K
88,88-29,44M 613K,59M 484K,74M 355K,89M 226K
88,88-30,44M 639K,59M 518K,74M 398K,89M 277K
89,89-1,44M 665K,59M 553K,74M 441K,89M 329K
89,89-2,44M 690K,59M 587K,74M 484K,89M 380K
89,89-3,44M 716K,59M 621K,74M 526K,89M 432K
89,89-4,44M 742K,59M 656K,74M 569K,89M 483K
89,89-5,44M 768K,59M 690K,74M 612K,89M 535K
89,89-6,44M 793K,59M 724K,74M 655K,89M 586K
89,89-7,44M 819K,59M 759K,74M 698K,89M 638K
89,89-8,44M 845K,59M 793K,74M 741K,89M 690K
89,89-9,44M 871K,59M 828K,74M 785K,89M 741K
89,89-10,44M 897K,59M 862K,74M 828K,89M 793K
89,89-11,44M 923K,59M 897K,74M 871K,89M 845K
89,89-12,44M 949K,59M 931K,74M 914K,89M 897K
89,89-13,44M 974K,59M 966K,74M 957K,89M 948K
89,89-14,45M,60M,75M,90M
89,89-15,45M 26K,60M 35K,75M 44K,90M 52K
89,89-16,45M 52K,60M 70K,75M 87K,90M 104K
89,89-17,45M 78K,60M 104K,75M 130K,90M 156K
89,89-18,45M 104K,60M 139K,75M 173K,90M 208K
89,89-19,45M 130K,60M 173K,75M 217K,90M 260K
89,89-20,45M 156K,60M 208K,75M 260K,90M 312K
89,89-21,45M 182K,60M 243K,75M 303K,90M 364K
89,89-22,45M 208K,60M 278K,75M 347K,90M 416K
89,89-23,45M 234K,60M 312K,75M 390K,90M 468K
89,89-24,45M 260K,60M 347K,75M 434K,90M 520K
89,89-25,45M 286K,60M 382K,75M 477K,90M 572K
89,89-26,45M 313K,60M 417K,75M 521K,90M 625K
89,89-27,45M 339K,60M 451K,75M 564K,90M 677K
89,89-28,45M 365K,60M 486K,75M 608K,90M 729K
89,89-29,45M 391K,60M 521K,75M 651K,90M 781K
89,89-30,45M 417K,60M 556K,75M 695K,90M 834K
90,90-1,45M 443K,60M 591K,75M 738K,90M 886K
90,90-2,45M 469K,60M 626K,75M 782K,90M 938K
90,90-3,45M 496K,60M 661K,75M 826K,90M 991K
90,90-4,45M 522K,60M 696K,75M 870K,91M 43K
90,90-5,45M 548K,60M 731K,75M 913K,91M 96K
90,90-6,45M 574K,60M 766K,75M 957K,91M 148K
90,90-7,45M 601K,60M 801K,76M 1K,91M 201K
90,90-8,45M 627K,60M 836K,76M 45K,91M 253K
90,90-9,45M 653K,60M 871K,76M 88K,91M 306K
90,90-10,45M 680K,60M 906K,76M 132K,91M 359K
90,90-11,45M 706K,60M 941K,76M 176K,91M 411K
90,90-12,45M 732K,60M 976K,76M 220K,91M 464K
90,90-13,45M 759K,61M 11K,76M 264K,91M 517K
90,90-14,45M 785K,61M 46K,76M 308K,91M 569K
90,90-15,45M 811K,61M 82K,76M 352K,91M 622K
90,90-16,45M 838K,61M 117K,76M 396K,91M 675K
90,90-17,45M 864K,61M 152K,76M 440K,91M 728K
90,90-18,45M 891K,61M 187K,76M 484K,91M 781K
90,90-19,45M 917K,61M 223K,76M 528K,91M 834K
90,90-20,45M 943K,61M 258K,76M 572K,91M 886K
90,90-21,45M 970K,61M 293K,76M 616K,91M 939K
90,90-22,45M 996K,61M 328K,76M 660K,91M 992K
90,90-23,46M 23K,61M 364K,76M 705K,92M 45K
90,90-24,46M 49K,61M 399K,76M 749K,92M 98K
90,90-25,46M 76K,61M 435K,76M 793K,92M 152K
90,90-26,46M 103K,61M 470K,76M 837K,92M 205K
90,90-27,46M 129K,61M 505K,76M 882K,92M 258K
90,90-28,46M 156K,61M 541K,76M 926K,92M 311K
90,90-29,46M 182K,61M 576K,76M 970K,92M 364K
90,90-30,46M 209K,61M 612K,77M 15K,92M 417K
91,91-1,46M 236K,61M 647K,77M 59K,92M 471K
91,91-2,46M 262K,61M 683K,77M 103K,92M 524K
91,91-3,46M 289K,61M 718K,77M 148K,92M 577K
91,91-4,46M 316K,61M 754K,77M 192K,92M 631K
91,91-5,46M 342K,61M 789K,77M 237K,92M 684K
91,91-6,46M 369K,61M 825K,77M 281K,92M 737K
91,91-7,46M 396K,61M 861K,77M 326K,92M 791K
91,91-8,46M 422K,61M 896K,77M 370K,92M 844K
91,91-9,46M 449K,61M 932K,77M 415K,92M 898K
91,91-10,46M 476K,61M 968K,77M 459K,92M 951K
91,91-11,46M 503K,62M 3K,77M 504K,93M 5K
91,91-12,46M 529K,62M 39K,77M 549K,93M 58K
91,91-13,46M 556K,62M 75K,77M 593K,93M 112K
91,91-14,46M 583K,62M 110K,77M 638K,93M 165K
91,91-15,46M 610K,62M 146K,77M 683K,93M 219K
91,91-16,46M 637K,62M 182K,77M 727K,93M 273K
91,91-17,46M 664K,62M 218K,77M 772K,93M 327K
91,91-18,46M 690K,62M 254K,77M 817K,93M 380K
91,91-19,46M 717K,62M 290K,77M 862K,93M 434K
91,91-20,46M 744K,62M 325K,77M 907K,93M 488K
91,91-21,46M 771K,62M 361K,77M 952K,93M 542K
91,91-22,46M 798K,62M 397K,77M 997K,93M 596K
91,91-23,46M 825K,62M 433K,78M 41K,93M 650K
91,91-24,46M 852K,62M 469K,78M 86K,93M 704K
91,91-25,46M 879K,62M 505K,78M 131K,93M 758K
91,91-26,46M 906K,62M 541K,78M 176K,93M 812K
91,91-27,46M 933K,62M 577K,78M 221K,93M 866K
91,91-28,46M 960K,62M 613K,78M 266K,93M 920K
91,91-29,46M 987K,62M 649K,78M 312K,93M 974K
91,91-30,47M 14K,62M 685K,78M 357K,94M 28K
92,92-1,47M 41K,62M 722K,78M 402K,94M 82K
92,92-2,47M 68K,62M 758K,78M 447K,94M 136K
92,92-3,47M 96K,62M 794K,78M 492K,94M 191K
92,92-4,47M 123K,62M 830K,78M 537K,94M 245K
92,92-5,47M 150K,62M 866K,78M 583K,94M 299K
92,92-6,47M 177K,62M 902K,78M 628K,94M 353K
92,92-7,47M 204K,62M 939K,78M 673K,94M 408K
92,92-8,47M 231K,62M 975K,78M 719K,94M 462K
92,92-9,47M 259K,63M 11K,78M 764K,94M 517K
92,92-10,47M 286K,63M 48K,78M 809K,94M 571K
92,92-11,47M 313K,63M 84K,78M 855K,94M 626K
92,92-12,47M 340K,63M 120K,78M 900K,94M 680K
92,92-13,47M 368K,63M 157K,78M 946K,94M 735K
92,92-14,47M 395K,63M 193K,78M 991K,94M 789K
92,92-15,47M 422K,63M 229K,79M 37K,94M 844K
92,92-16,47M 450K,63M 266K,79M 82K,94M 899K
92,92-17,47M 477K,63M 302K,79M 128K,94M 953K
92,92-18,47M 504K,63M 339K,79M 173K,95M 8K
92,92-19,47M 532K,63M 375K,79M 219K,95M 63K
92,92-20,47M 559K,63M 412K,79M 265K,95M 117K
92,92-21,47M 586K,63M 448K,79M 310K,95M 172K
92,92-22,47M 614K,63M 485K,79M 356K,95M 227K
92,92-23,47M 641K,63M 521K,79M 402K,95M 282K
92,92-24,47M 669K,63M 558K,79M 447K,95M 337K
92,92-25,47M 696K,63M 595K,79M 493K,95M 392K
92,92-26,47M 724K,63M 631K,79M 539K,95M 447K
92,92-27,47M 751K,63M 668K,79M 585K,95M 502K
92,92-28,47M 779K,63M 705K,79M 631K,95M 557K
92,92-29,47M 806K,63M 741K,79M 677K,95M 612K
92,92-30,47M 834K,63M 778K,79M 722K,95M 667K
93,93-1,47M 861K,63M 815K,79M 768K,95M 722K
93,93-2,47M 889K,63M 852K,79M 814K,95M 777K
93,93-3,47M 916K,63M 888K,79M 860K,95M 832K
93,93-4,47M 944K,63M 925K,79M 906K,95M 888K
93,93-5,47M 972K,63M 962K,79M 952K,95M 943K
93,93-6,47M 999K,63M 999K,79M 999K,95M 998K
93,93-7,48M 27K,64M 36K,80M 45K,96M 53K
93,93-8,48M 55K,64M 73K,80M 91K,96M 109K
93,93-9,48M 82K,64M 110K,80M 137K,96M 164K
93,93-10,48M 110K,64M 147K,80M 183K,96M 220K
93,93-11,48M 138K,64M 184K,80M 229K,96M 275K
93,93-12,48M 166K,64M 221K,80M 276K,96M 331K
93,93-13,48M 193K,64M 258K,80M 322K,96M 386K
93,93-14,48M 221K,64M 295K,80M 368K,96M 442K
93,93-15,48M 249K,64M 332K,80M 414K,96M 497K
93,93-16,48M 277K,64M 369K,80M 461K,96M 553K
93,93-17,48M 304K,64M 406K,80M 507K,96M 608K
93,93-18,48M 332K,64M 443K,80M 554K,96M 664K
93,93-19,48M 360K,64M 480K,80M 600K,96M 720K
93,93-20,48M 388K,64M 517K,80M 646K,96M 776K
93,93-21,48M 416K,64M 554K,80M 693K,96M 831K
93,93-22,48M 444K,64M 592K,80M 739K,96M 887K
93,93-23,48M 472K,64M 629K,80M 786K,96M 943K
93,93-24,48M 500K,64M 666K,80M 833K,96M 999K
93,93-25,48M 528K,64M 703K,80M 879K,97M 55K
93,93-26,48M 556K,64M 741K,80M 926K,97M 111K
93,93-27,48M 584K,64M 778K,80M 972K,97M 167K
93,93-28,48M 612K,64M 815K,81M 19K,97M 223K
93,93-29,48M 640K,64M 853K,81M 66K,97M 279K
93,93-30,48M 668K,64M 890K,81M 112K,97M 335K
94,94-1,48M 696K,64M 927K,81M 159K,97M 391K
94,94-2,48M 724K,64M 965K,81M 206K,97M 447K
94,94-3,48M 752K,65M 2K,81M 253K,97M 503K
94,94-4,48M 780K,65M 40K,81M 299K,97M 559K
94,94-5,48M 808K,65M 77K,81M 346K,97M 615K
94,94-6,48M 836K,65M 115K,81M 393K,97M 672K
94,94-7,48M 864K,65M 152K,81M 440K,97M 728K
94,94-8,48M 892K,65M 190K,81M 487K,97M 784K
94,94-9,48M 920K,65M 227K,81M 534K,97M 840K
94,94-10,48M 949K,65M 265K,81M 581K,97M 897K
94,94-11,48M 977K,65M 302K,81M 628K,97M 953K
94,94-12,49M 5K,65M 340K,81M 675K,98M 10K
94,94-13,49M 33K,65M 378K,81M 722K,98M 66K
94,94-14,49M 62K,65M 415K,81M 769K,98M 123K
94,94-15,49M 90K,65M 453K,81M 816K,98M 179K
94,94-16,49M 118K,65M 491K,81M 863K,98M 236K
94,94-17,49M 146K,65M 528K,81M 910K,98M 292K
94,94-18,49M 175K,65M 566K,81M 957K,98M 349K
94,94-19,49M 203K,65M 604K,82M 5K,98M 405K
94,94-20,49M 231K,65M 642K,82M 52K,98M 462K
94,94-21,49M 260K,65M 679K,82M 99K,98M 519K
94,94-22,49M 288K,65M 717K,82M 146K,98M 576K
94,94-23,49M 316K,65M 755K,82M 194K,98M 632K
94,94-24,49M 345K,65M 793K,82M 241K,98M 689K
94,94-25,49M 373K,65M 831K,82M 288K,98M 746K
94,94-26,49M 402K,65M 869K,82M 336K,98M 803K
94,94-27,49M 430K,65M 907K,82M 383K,98M 860K
94,94-28,49M 459K,65M 945K,82M 431K,98M 917K
94,94-29,49M 487K,65M 983K,82M 478K,98M 974K
94,94-30,49M 516K,66M 21K,82M 526K,99M 31K
95,95-1,49M 544K,66M 59K,82M 573K,99M 88K
95,95-2,49M 573K,66M 97K,82M 621K,99M 145K
95,95-3,49M 601K,66M 135K,82M 668K,99M 202K
95,95-4,49M 630K,66M 173K,82M 716K,99M 259K
95,95-5,49M 658K,66M 211K,82M 764K,99M 316K
95,95-6,49M 687K,66M 249K,82M 811K,99M 373K
95,95-7,49M 716K,66M 287K,82M 859K,99M 431K
95,95-8,49M 744K,66M 326K,82M 907K,99M 488K
95,95-9,49M 773K,66M 364K,82M 955K,99M 545K
95,95-10,49M 802K,66M 402K,83M 2K,99M 603K
95,95-11,49M 830K,66M 440K,83M 50K,99M 660K
95,95-12,49M 859K,66M 479K,83M 98K,99M 718K
95,95-13,49M 888K,66M 517K,83M 146K,99M 775K
95,95-14,49M 917K,66M 555K,83M 194K,99M 833K
95,95-15,49M 945K,66M 594K,83M 242K,99M 890K
95,95-16,49M 974K,66M 632K,83M 290K,99M 948K
95,95-17,50M 3K,66M 670K,83M 338K,100M 5K
95,95-18,50M 32K,66M 709K,83M 386K,100M 63K
95,95-19,50M 61K,66M 747K,83M 434K,100M 121K
95,95-20,50M 89K,66M 786K,83M 482K,100M 178K
95,95-21,50M 118K,66M 824K,83M 530K,100M 236K
95,95-22,50M 147K,66M 863K,83M 578K,100M 294K
95,95-23,50M 176K,66M 901K,83M 626K,100M 352K
95,95-24,50M 205K,66M 940K,83M 675K,100M 409K
95,95-25,50M 234K,66M 978K,83M 723K,100M 467K
95,95-26,50M 263K,67M 17K,83M 771K,100M 525K
95,95-27,50M 292K,67M 56K,83M 819K,100M 583K
95,95-28,50M 321K,67M 94K,83M 868K,100M 641K
95,95-29,50M 350K,67M 133K,83M 916K,100M 699K
95,95-30,50M 379K,67M 172K,83M 964K,100M 757K
96,96-1,50M 408K,67M 210K,84M 13K,100M 815K
96,96-2,50M 437K,67M 249K,84M 61K,100M 873K
96,96-3,50M 466K,67M 288K,84M 110K,100M 931K
96,96-4,50M 495K,67M 327K,84M 158K,100M 990K
96,96-5,50M 524K,67M 365K,84M 207K,101M 48K
96,96-6,50M 553K,67M 404K,84M 255K,101M 106K
96,96-7,50M 582K,67M 443K,84M 304K,101M 164K
96,96-8,50M 612K,67M 482K,84M 352K,101M 223K
96,96-9,50M 641K,67M 521K,84M 401K,101M 281K
96,96-10,50M 670K,67M 560K,84M 449K,101M 339K
96,96-11,50M 699K,67M 599K,84M 498K,101M 398K
96,96-12,50M 728K,67M 638K,84M 547K,101M 456K
96,96-13,50M 758K,67M 677K,84M 596K,101M 515K
96,96-14,50M 787K,67M 716K,84M 644K,101M 573K
96,96-15,50M 816K,67M 755K,84M 693K,101M 632K
96,96-16,50M 845K,67M 794K,84M 742K,101M 690K
96,96-17,50M 875K,67M 833K,84M 791K,101M 749K
96,96-18,50M 904K,67M 872K,84M 840K,101M 807K
96,96-19,50M 933K,67M 911K,84M 888K,101M 866K
96,96-20,50M 963K,67M 950K,84M 937K,101M 925K
96,96-21,50M 992K,67M 989K,84M 986K,101M 984K
96,96-22,51M 21K,68M 28K,85M 35K,102M 42K
96,96-23,51M 51K,68M 68K,85M 84K,102M 101K
96,96-24,51M 80K,68M 107K,85M 133K,102M 160K
96,96-25,51M 110K,68M 146K,85M 182K,102M 219K
96,96-26,51M 139K,68M 185K,85M 232K,102M 278K
96,96-27,51M 169K,68M 225K,85M 281K,102M 337K
96,96-28,51M 198K,68M 264K,85M 330K,102M 396K
96,96-29,51M 228K,68M 303K,85M 379K,102M 455K
96,96-30,51M 257K,68M 343K,85M 428K,102M 514K
97,97-1,51M 287K,68M 382K,85M 477K,102M 573K
97,97-2,51M 316K,68M 421K,85M 527K,102M 632K
97,97-3,51M 346K,68M 461K,85M 576K,102M 691K
97,97-4,51M 375K,68M 500K,85M 625K,102M 750K
97,97-5,51M 405K,68M 540K,85M 675K,102M 809K
97,97-6,51M 435K,68M 579K,85M 724K,102M 869K
97,97-7,51M 464K,68M 619K,85M 773K,102M 928K
97,97-8,51M 494K,68M 658K,85M 823K,102M 987K
97,97-9,51M 524K,68M 698K,85M 872K,103M 47K
97,97-10,51M 553K,68M 738K,85M 922K,103M 106K
97,97-11,51M 583K,68M 777K,85M 971K,103M 165K
97,97-12,51M 613K,68M 817K,86M 21K,103M 225K
97,97-13,51M 642K,68M 856K,86M 70K,103M 284K
97,97-14,51M 672K,68M 896K,86M 120K,103M 344K
97,97-15,51M 702K,68M 936K,86M 170K,103M 404K
97,97-16,51M 732K,68M 976K,86M 219K,103M 463K
97,97-17,51M 762K,69M 15K,86M 269K,103M 523K
97,97-18,51M 791K,69M 55K,86M 319K,103M 582K
97,97-19,51M 821K,69M 95K,86M 368K,103M 642K
97,97-20,51M 851K,69M 135K,86M 418K,103M 702K
97,97-21,51M 881K,69M 175K,86M 468K,103M 762K
97,97-22,51M 911K,69M 214K,86M 518K,103M 821K
97,97-23,51M 941K,69M 254K,86M 568K,103M 881K
97,97-24,51M 971K,69M 294K,86M 618K,103M 941K
97,97-25,52M 1K,69M 334K,86M 668K,104M 1K
97,97-26,52M 31K,69M 374K,86M 718K,104M 61K
97,97-27,52M 61K,69M 414K,86M 767K,104M 121K
97,97-28,52M 91K,69M 454K,86M 818K,104M 181K
97,97-29,52M 121K,69M 494K,86M 868K,104M 241K
97,97-30,52M 151K,69M 534K,86M 918K,104M 301K
98,98-1,52M 181K,69M 574K,86M 968K,104M 361K
98,98-2,52M 211K,69M 614K,87M 18K,104M 421K
98,98-3,52M 241K,69M 654K,87M 68K,104M 481K
98,98-4,52M 271K,69M 695K,87M 118K,104M 542K
98,98-5,52M 301K,69M 735K,87M 168K,104M 602K
98,98-6,52M 331K,69M 775K,87M 219K,104M 662K
98,98-7,52M 362K,69M 815K,87M 269K,104M 723K
98,98-8,52M 392K,69M 855K,87M 319K,104M 783K
98,98-9,52M 422K,69M 896K,87M 369K,104M 843K
98,98-10,52M 452K,69M 936K,87M 420K,104M 904K
98,98-11,52M 482K,69M 976K,87M 470K,104M 964K
98,98-12,52M 513K,70M 17K,87M 521K,105M 25K
98,98-13,52M 543K,70M 57K,87M 571K,105M 85K
98,98-14,52M 573K,70M 97K,87M 622K,105M 146K
98,98-15,52M 603K,70M 138K,87M 672K,105M 206K
98,98-16,52M 634K,70M 178K,87M 723K,105M 267K
98,98-17,52M 664K,70M 219K,87M 773K,105M 328K
98,98-18,52M 694K,70M 259K,87M 824K,105M 388K
98,98-19,52M 725K,70M 300K,87M 874K,105M 449K
98,98-20,52M 755K,70M 340K,87M 925K,105M 510K
98,98-21,52M 786K,70M 381K,87M 976K,105M 571K
98,98-22,52M 816K,70M 421K,88M 26K,105M 631K
98,98-23,52M 846K,70M 462K,88M 77K,105M 692K
98,98-24,52M 877K,70M 502K,88M 128K,105M 753K
98,98-25,52M 907K,70M 543K,88M 179K,105M 814K
98,98-26,52M 938K,70M 584K,88M 229K,105M 875K
98,98-27,52M 968K,70M 624K,88M 280K,105M 936K
98,98-28,52M 999K,70M 665K,88M 331K,105M 997K
98,98-29,53M 29K,70M 706K,88M 382K,106M 58K
98,98-30,53M 60K,70M 746K,88M 433K,106M 119K
99,99-1,53M 91K,70M 787K,88M 484K,106M 181K
99,99-2,53M 121K,70M 828K,88M 535K,106M 242K
99,99-3,53M 152K,70M 869K,88M 586K,106M 303K
99,99-4,53M 182K,70M 910K,88M 637K,106M 364K
99,99-5,53M 213K,70M 951K,88M 688K,106M 426K
99,99-6,53M 244K,70M 991K,88M 739K,106M 487K
99,99-7,53M 274K,71M 32K,88M 790K,106M 548K
99,99-8,53M 305K,71M 73K,88M 841K,106M 610K
99,99-9,53M 336K,71M 114K,88M 893K,106M 671K
99,99-10,53M 367K,71M 155K,88M 944K,106M 733K
99,99-11,53M 397K,71M 196K,88M 995K,106M 794K
99,99-12,53M 428K,71M 237K,89M 46K,106M 856K
99,99-13,53M 459K,71M 278K,89M 98K,106M 917K
99,99-14,53M 490K,71M 319K,89M 149K,106M 979K
99,99-15,53M 521K,71M 361K,89M 201K,107M 41K
99,99-16,53M 551K,71M 402K,89M 252K,107M 102K
99,99-17,53M 582K,71M 443K,89M 303K,107M 164K
99,99-18,53M 613K,71M 484K,89M 355K,107M 226K
99,99-19,53M 644K,71M 525K,89M 406K,107M 287K
99,99-20,53M 675K,71M 566K,89M 458K,107M 349K
99,99-21,53M 706K,71M 608K,89M 509K,107M 411K
99,99-22,53M 737K,71M 649K,89M 561K,107M 473K
99,99-23,53M 768K,71M 690K,89M 613K,107M 535K
99,99-24,53M 799K,71M 731K,89M 664K,107M 597K
99,99-25,53M 830K,71M 773K,89M 716K,107M 659K
99,99-26,53M 861K,71M 814K,89M 768K,107M 721K
99,99-27,53M 892K,71M 856K,89M 819K,107M 783K
99,99-28,53M 923K,71M 897K,89M 871K,107M 845K
99,99-29,53M 954K,71M 938K,89M 923K,107M 907K
99,99-30,53M 985K,71M 980K,89M 975K,107M 970K
100,100-1,54M 16K,72M 21K,90M 27K,108M 32K
100,100-2,54M 47K,72M 63K,90M 78K,108M 94K
100,100-3,54M 78K,72M 104K,90M 130K,108M 156K
100,100-4,54M 110K,72M 146K,90M 182K,108M 219K
100,100-5,54M 141K,72M 188K,90M 234K,108M 281K
100,100-6,54M 172K,72M 229K,90M 286K,108M 343K
100,100-7,54M 203K,72M 271K,90M 338K,108M 406K
100,100-8,54M 234K,72M 312K,90M 390K,108M 468K
100,100-9,54M 266K,72M 354K,90M 442K,108M 531K
100,100-10,54M 297K,72M 396K,90M 495K,108M 593K
100,100-11,54M 328K,72M 438K,90M 547K,108M 656K
100,100-12,54M 360K,72M 479K,90M 599K,108M 719K
100,100-13,54M 391K,72M 521K,90M 651K,108M 781K
100,100-14,54M 422K,72M 563K,90M 703K,108M 844K
100,100-15,54M 454K,72M 605K,90M 756K,108M 907K
100,100-16,54M 485K,72M 646K,90M 808K,108M 969K
100,100-17,54M 516K,72M 688K,90M 860K,109M 32K
100,100-18,54M 548K,72M 730K,90M 913K,109M 95K
100,100-19,54M 579K,72M 772K,90M 965K,109M 158K
100,100-20,54M 611K,72M 814K,91M 17K,109M 221K
100,100-21,54M 642K,72M 856K,91M 70K,109M 284K
100,100-22,54M 674K,72M 898K,91M 122K,109M 347K
100,100-23,54M 705K,72M 940K,91M 175K,109M 410K
100,100-24,54M 737K,72M 982K,91M 227K,109M 473K
100,100-25,54M 768K,73M 24K,91M 280K,109M 536K
100,100-26,54M 800K,73M 66K,91M 333K,109M 599K
100,100-27,54M 831K,73M 108K,91M 385K,109M 662K
100,100-28,54M 863K,73M 150K,91M 438K,109M 725K
100,100-29,54M 895K,73M 193K,91M 491K,109M 789K
100,100-30,54M 926K,73M 235K,91M 543K,109M 852K
101,101-1,54M 958K,73M 277K,91M 596K,109M 915K
101,101-2,54M 990K,73M 319K,91M 649K,109M 979K
101,101-3,55M 21K,73M 361K,91M 702K,110M 42K
101,101-4,55M 53K,73M 404K,91M 755K,110M 105K
101,101-5,55M 85K,73M 446K,91M 807K,110M 169K
101,101-6,55M 116K,73M 488K,91M 860K,110M 232K
101,101-7,55M 148K,73M 531K,91M 913K,110M 296K
101,101-8,55M 180K,73M 573K,91M 966K,110M 359K
101,101-9,55M 212K,73M 616K,92M 19K,110M 423K
101,101-10,55M 244K,73M 658K,92M 72K,110M 487K
101,101-11,55M 275K,73M 700K,92M 125K,110M 550K
101,101-12,55M 307K,73M 743K,92M 178K,110M 614K
101,101-13,55M 339K,73M 785K,92M 232K,110M 678K
101,101-14,55M 371K,73M 828K,92M 285K,110M 742K
101,101-15,55M 403K,73M 870K,92M 338K,110M 805K
101,101-16,55M 435K,73M 913K,92M 391K,110M 869K
101,101-17,55M 467K,73M 956K,92M 444K,110M 933K
101,101-18,55M 499K,73M 998K,92M 498K,110M 997K
101,101-19,55M 531K,74M 41K,92M 551K,111M 61K
101,101-20,55M 563K,74M 84K,92M 604K,111M 125K
101,101-21,55M 595K,74M 126K,92M 658K,111M 189K
101,101-22,55M 627K,74M 169K,92M 711K,111M 253K
101,101-23,55M 659K,74M 212K,92M 765K,111M 317K
101,101-24,55M 691K,74M 254K,92M 818K,111M 381K
101,101-25,55M 723K,74M 297K,92M 871K,111M 446K
101,101-26,55M 755K,74M 340K,92M 925K,111M 510K
101,101-27,55M 787K,74M 383K,92M 979K,111M 574K
101,101-28,55M 819K,74M 426K,93M 32K,111M 638K
101,101-29,55M 852K,74M 469K,93M 86K,111M 703K
101,101-30,55M 884K,74M 512K,93M 139K,111M 767K
102,102-1,55M 916K,74M 555K,93M 193K,111M 832K
102,102-2,55M 948K,74M 598K,93M 247K,111M 896K
102,102-3,55M 981K,74M 641K,93M 301K,111M 961K
102,102-4,56M 13K,74M 684K,93M 354K,112M 25K
102,102-5,56M 45K,74M 727K,93M 408K,112M 90K
102,102-6,56M 77K,74M 770K,93M 462K,112M 154K
102,102-7,56M 110K,74M 813K,93M 516K,112M 219K
102,102-8,56M 142K,74M 856K,93M 570K,112M 284K
102,102-9,56M 174K,74M 899K,93M 624K,112M 348K
102,102-10,56M 207K,74M 942K,93M 678K,112M 413K
102,102-11,56M 239K,74M 985K,93M 732K,112M 478K
102,102-12,56M 272K,75M 29K,93M 786K,112M 543K
102,102-13,56M 304K,75M 72K,93M 840K,112M 607K
102,102-14,56M 336K,75M 115K,93M 894K,112M 672K
102,102-15,56M 369K,75M 158K,93M 948K,112M 737K
102,102-16,56M 401K,75M 202K,94M 2K,112M 802K
102,102-17,56M 434K,75M 245K,94M 56K,112M 867K
102,102-18,56M 466K,75M 288K,94M 110K,112M 932K
102,102-19,56M 499K,75M 332K,94M 165K,112M 997K
102,102-20,56M 531K,75M 375K,94M 219K,113M 62K
102,102-21,56M 564K,75M 419K,94M 273K,113M 128K
102,102-22,56M 597K,75M 462K,94M 327K,113M 193K
102,102-23,56M 629K,75M 506K,94M 382K,113M 258K
102,102-24,56M 662K,75M 549K,94M 436K,113M 323K
102,102-25,56M 695K,75M 593K,94M 491K,113M 389K
102,102-26,56M 727K,75M 636K,94M 545K,113M 454K
102,102-27,56M 760K,75M 680K,94M 600K,113M 519K
102,102-28,56M 793K,75M 723K,94M 654K,113M 585K
102,102-29,56M 825K,75M 767K,94M 709K,113M 650K
102,102-30,56M 858K,75M 811K,94M 763K,113M 716K
103,103-1,56M 891K,75M 854K,94M 818K,113M 781K
103,103-2,56M 924K,75M 898K,94M 872K,113M 847K
103,103-3,56M 956K,75M 942K,94M 927K,113M 912K
103,103-4,56M 989K,75M 986K,94M 982K,113M 978K
103,103-5,57M 22K,76M 29K,95M 37K,114M 44K
103,103-6,57M 55K,76M 73K,95M 91K,114M 110K
103,103-7,57M 88K,76M 117K,95M 146K,114M 175K
103,103-8,57M 121K,76M 161K,95M 201K,114M 241K
103,103-9,57M 154K,76M 205K,95M 256K,114M 307K
103,103-10,57M 187K,76M 249K,95M 311K,114M 373K
103,103-11,57M 220K,76M 293K,95M 366K,114M 439K
103,103-12,57M 253K,76M 337K,95M 421K,114M 505K
103,103-13,57M 286K,76M 381K,95M 476K,114M 571K
103,103-14,57M 319K,76M 425K,95M 531K,114M 637K
103,103-15,57M 352K,76M 469K,95M 586K,114M 703K
103,103-16,57M 385K,76M 513K,95M 641K,114M 769K
103,103-17,57M 418K,76M 557K,95M 696K,114M 835K
103,103-18,57M 451K,76M 601K,95M 751K,114M 901K
103,103-19,57M 484K,76M 645K,95M 806K,114M 967K
103,103-20,57M 517K,76M 689K,95M 861K,115M 34K
103,103-21,57M 550K,76M 733K,95M 917K,115M 100K
103,103-22,57M 583K,76M 778K,95M 972K,115M 166K
103,103-23,57M 617K,76M 822K,96M 27K,115M 233K
103,103-24,57M 650K,76M 866K,96M 83K,115M 299K
103,103-25,57M 683K,76M 910K,96M 138K,115M 365K
103,103-26,57M 716K,76M 955K,96M 193K,115M 432K
103,103-27,57M 749K,76M 999K,96M 249K,115M 498K
103,103-28,57M 783K,77M 44K,96M 304K,115M 565K
103,103-29,57M 816K,77M 88K,96M 360K,115M 632K
103,103-30,57M 849K,77M 132K,96M 415K,115M 698K
104,104-1,57M 883K,77M 177K,96M 471K,115M 765K
104,104-2,57M 916K,77M 221K,96M 526K,115M 832K
104,104-3,57M 949K,77M 266K,96M 582K,115M 898K
104,104-4,57M 983K,77M 310K,96M 638K,115M 965K
104,104-5,58M 16K,77M 355K,96M 693K,116M 32K
104,104-6,58M 50K,77M 399K,96M 749K,116M 99K
104,104-7,58M 83K,77M 444K,96M 805K,116M 166K
104,104-8,58M 117K,77M 489K,96M 861K,116M 233K
104,104-9,58M 150K,77M 533K,96M 917K,116M 300K
104,104-10,58M 184K,77M 578K,96M 972K,116M 367K
104,104-11,58M 217K,77M 623K,97M 28K,116M 434K
104,104-12,58M 251K,77M 667K,97M 84K,116M 501K
104,104-13,58M 284K,77M 712K,97M 140K,116M 568K
104,104-14,58M 318K,77M 757K,97M 196K,116M 635K
104,104-15,58M 351K,77M 802K,97M 252K,116M 702K
104,104-16,58M 385K,77M 847K,97M 308K,116M 770K
104,104-17,58M 419K,77M 892K,97M 364K,116M 837K
104,104-18,58M 452K,77M 936K,97M 420K,116M 904K
104,104-19,58M 486K,77M 981K,97M 477K,116M 972K
104,104-20,58M 520K,78M 26K,97M 533K,117M 39K
104,104-21,58M 554K,78M 71K,97M 589K,117M 107K
104,104-22,58M 587K,78M 116K,97M 645K,117M 174K
104,104-23,58M 621K,78M 161K,97M 701K,117M 242K
104,104-24,58M 655K,78M 206K,97M 758K,117M 309K
104,104-25,58M 689K,78M 251K,97M 814K,117M 377K
104,104-26,58M 722K,78M 296K,97M 870K,117M 444K
104,104-27,58M 756K,78M 342K,97M 927K,117M 512K
104,104-28,58M 790K,78M 387K,97M 983K,117M 580K
104,104-29,58M 824K,78M 432K,98M 40K,117M 648K
104,104-30,58M 858K,78M 477K,98M 96K,117M 715K
105,105-1,58M 892K,78M 522K,98M 153K,117M 783K
105,105-2,58M 926K,78M 568K,98M 209K,117M 851K
105,105-3,58M 960K,78M 613K,98M 266K,117M 919K
105,105-4,58M 994K,78M 658K,98M 323K,117M 987K
105,105-5,59M 28K,78M 703K,98M 379K,118M 55K
105,105-6,59M 62K,78M 749K,98M 436K,118M 123K
105,105-7,59M 96K,78M 794K,98M 493K,118M 191K
105,105-8,59M 130K,78M 840K,98M 549K,118M 259K
105,105-9,59M 164K,78M 885K,98M 606K,118M 327K
105,105-10,59M 198K,78M 931K,98M 663K,118M 396K
105,105-11,59M 232K,78M 976K,98M 720K,118M 464K
105,105-12,59M 266K,79M 22K,98M 777K,118M 532K
105,105-13,59M 300K,79M 67K,98M 834K,118M 600K
105,105-14,59M 335K,79M 113K,98M 891K,118M 669K
105,105-15,59M 369K,79M 158K,98M 948K,118M 737K
105,105-16,59M 403K,79M 204K,99M 5K,118M 806K
105,105-17,59M 437K,79M 250K,99M 62K,118M 874K
105,105-18,59M 472K,79M 295K,99M 119K,118M 943K
105,105-19,59M 506K,79M 341K,99M 176K,119M 11K
105,105-20,59M 540K,79M 387K,99M 233K,119M 80K
105,105-21,59M 574K,79M 432K,99M 290K,119M 148K
105,105-22,59M 609K,79M 478K,99M 348K,119M 217K
105,105-23,59M 643K,79M 524K,99M 405K,119M 286K
105,105-24,59M 677K,79M 570K,99M 462K,119M 354K
105,105-25,59M 712K,79M 616K,99M 519K,119M 423K
105,105-26,59M 746K,79M 661K,99M 577K,119M 492K
105,105-27,59M 781K,79M 707K,99M 634K,119M 561K
105,105-28,59M 815K,79M 753K,99M 692K,119M 630K
105,105-29,59M 850K,79M 799K,99M 749K,119M 699K
105,105-30,59M 884K,79M 845K,99M 806K,119M 768K
106,106-1,59M 919K,79M 891K,99M 864K,119M 837K
106,106-2,59M 953K,79M 937K,99M 922K,119M 906K
106,106-3,59M 988K,79M 983K,99M 979K,119M 975K
106,106-4,60M 22K,80M 30K,100M 37K,120M 44K
106,106-5,60M 57K,80M 76K,100M 94K,120M 113K
106,106-6,60M 91K,80M 122K,100M 152K,120M 182K
106,106-7,60M 126K,80M 168K,100M 210K,120M 252K
106,106-8,60M 161K,80M 214K,100M 268K,120M 321K
106,106-9,60M 195K,80M 260K,100M 325K,120M 390K
106,106-10,60M 230K,80M 307K,100M 383K,120M 460K
106,106-11,60M 265K,80M 353K,100M 441K,120M 529K
106,106-12,60M 299K,80M 399K,100M 499K,120M 598K
106,106-13,60M 334K,80M 445K,100M 557K,120M 668K
106,106-14,60M 369K,80M 492K,100M 615K,120M 737K
106,106-15,60M 404K,80M 538K,100M 673K,120M 807K
106,106-16,60M 439K,80M 585K,100M 731K,120M 877K
106,106-17,60M 473K,80M 631K,100M 789K,120M 946K
106,106-18,60M 508K,80M 677K,100M 847K,121M 16K
106,106-19,60M 543K,80M 724K,100M 905K,121M 86K
106,106-20,60M 578K,80M 770K,100M 963K,121M 155K
106,106-21,60M 613K,80M 817K,101M 21K,121M 225K
106,106-22,60M 648K,80M 864K,101M 79K,121M 295K
106,106-23,60M 683K,80M 910K,101M 138K,121M 365K
106,106-24,60M 718K,80M 957K,101M 196K,121M 435K
106,106-25,60M 753K,81M 3K,101M 254K,121M 505K
106,106-26,60M 788K,81M 50K,101M 313K,121M 575K
106,106-27,60M 823K,81M 97K,101M 371K,121M 645K
106,106-28,60M 858K,81M 144K,101M 429K,121M 715K
106,106-29,60M 893K,81M 190K,101M 488K,121M 785K
106,106-30,60M 928K,81M 237K,101M 546K,121M 855K
107,107-1,60M 963K,81M 284K,101M 605K,121M 926K
107,107-2,60M 998K,81M 331K,101M 663K,121M 996K
107,107-3,61M 33K,81M 378K,101M 722K,122M 66K
107,107-4,61M 68K,81M 424K,101M 780K,122M 136K
107,107-5,61M 78K,81M 437K,101M 797K,122M 156K
107,107-6,61M 88K,81M 450K,101M 813K,122M 175K
107,107-7,61M 98K,81M 463K,101M 829K,122M 195K
107,107-8,61M 107K,81M 476K,101M 845K,122M 214K
107,107-9,61M 117K,81M 489K,101M 861K,122M 233K
107,107-10,61M 127K,81M 502K,101M 877K,122M 253K
107,107-11,61M 136K,81M 515K,101M 893K,122M 272K
107,107-12,61M 146K,81M 528K,101M 910K,122M 291K
107,107-13,61M 156K,81M 541K,101M 926K,122M 311K
107,107-14,61M 165K,81M 554K,101M 942K,122M 330K
107,107-15,61M 175K,81M 566K,101M 958K,122M 349K
107,107-16,61M 185K,81M 579K,101M 974K,122M 369K
107,107-17,61M 194K,81M 592K,101M 990K,122M 388K
107,107-18,61M 204K,81M 605K,102M 6K,122M 408K
107,107-19,61M 214K,81M 618K,102M 23K,122M 427K
107,107-20,61M 223K,81M 631K,102M 39K,122M 446K
107,107-21,61M 233K,81M 644K,102M 55K,122M 466K
107,107-22,61M 243K,81M 657K,102M 71K,122M 485K
107,107-23,61M 253K,81M 670K,102M 87K,122M 505K
107,107-24,61M 262K,81M 683K,102M 103K,122M 524K
107,107-25,61M 272K,81M 696K,102M 120K,122M 543K
107,107-26,61M 282K,81M 709K,102M 136K,122M 563K
107,107-27,61M 291K,81M 722K,102M 152K,122M 582K
107,107-28,61M 301K,81M 735K,102M 168K,122M 602K
107,107-29,61M 311K,81M 748K,102M 184K,122M 621K
107,107-30,61M 321K,81M 761K,102M 201K,122M 641K
108,108-1,61M 330K,81M 773K,102M 217K,122M 660K
108,108-2,61M 340K,81M 786K,102M 233K,122M 679K
108,108-3,61M 350K,81M 799K,102M 249K,122M 699K
108,108-4,61M 359K,81M 812K,102M 265K,122M 718K
108,108-5,61M 381K,81M 842K,102M 302K,122M 762K
108,108-6,61M 403K,81M 871K,102M 339K,122M 806K
108,108-7,61M 425K,81M 900K,102M 375K,122M 850K
108,108-8,61M 448K,81M 930K,102M 412K,122M 895K
108,108-9,61M 470K,81M 959K,102M 449K,122M 939K
108,108-10,61M 492K,81M 989K,102M 486K,122M 983K
108,108-11,61M 514K,82M 18K,102M 523K,123M 27K
108,108-12,61M 536K,82M 48K,102M 559K,123M 71K
108,108-13,61M 558K,82M 77K,102M 596K,123M 115K
108,108-14,61M 580K,82M 107K,102M 633K,123M 160K
108,108-15,61M 602K,82M 136K,102M 670K,123M 204K
108,108-16,61M 624K,82M 166K,102M 707K,123M 248K
108,108-17,61M 646K,82M 195K,102M 744K,123M 292K
108,108-18,61M 669K,82M 225K,102M 781K,123M 337K
108,108-19,61M 691K,82M 254K,102M 817K,123M 381K
108,108-20,61M 713K,82M 284K,102M 854K,123M 425K
108,108-21,61M 735K,82M 313K,102M 891K,123M 469K
108,108-22,61M 757K,82M 343K,102M 928K,123M 514K
108,108-23,61M 779K,82M 372K,102M 965K,123M 558K
108,108-24,61M 801K,82M 402K,103M 2K,123M 602K
108,108-25,61M 824K,82M 431K,103M 39K,123M 647K
108,108-26,61M 846K,82M 461K,103M 76K,123M 691K
108,108-27,61M 868K,82M 491K,103M 113K,123M 736K
108,108-28,61M 890K,82M 520K,103M 150K,123M 780K
108,108-29,61M 913K,82M 550K,103M 187K,123M 825K
108,108-30,61M 935K,82M 579K,103M 224K,123M 869K
109,109-1,61M 957K,82M 609K,103M 261K,123M 913K
109,109-2,61M 979K,82M 639K,103M 298K,123M 958K
109,109-3,62M 1K,82M 668K,103M 335K,124M 2K
109,109-4,62M 24K,82M 698K,103M 373K,124M 47K
109,109-5,62M 46K,82M 728K,103M 410K,124M 92K
109,109-6,62M 69K,82M 759K,103M 448K,124M 138K
109,109-7,62M 92K,82M 789K,103M 486K,124M 183K
109,109-8,62M 114K,82M 819K,103M 524K,124M 228K
109,109-9,62M 137K,82M 849K,103M 561K,124M 274K
109,109-10,62M 160K,82M 879K,103M 599K,124M 319K
109,109-11,62M 182K,82M 910K,103M 637K,124M 364K
109,109-12,62M 205K,82M 940K,103M 675K,124M 410K
109,109-13,62M 228K,82M 970K,103M 713K,124M 455K
109,109-14,62M 251K,83M 1K,103M 751K,124M 501K
109,109-15,62M 273K,83M 31K,103M 789K,124M 546K
109,109-16,62M 296K,83M 61K,103M 826K,124M 592K
109,109-17,62M 319K,83M 92K,103M 864K,124M 637K
109,109-18,62M 342K,83M 122K,103M 902K,124M 683K
109,109-19,62M 364K,83M 152K,103M 940K,124M 728K
109,109-20,62M 387K,83M 183K,103M 978K,124M 774K
109,109-21,62M 410K,83M 213K,104M 16K,124M 819K
109,109-22,62M 433K,83M 243K,104M 54K,124M 865K
109,109-23,62M 455K,83M 274K,104M 92K,124M 910K
109,109-24,62M 478K,83M 304K,104M 130K,124M 956K
109,109-25,62M 501K,83M 335K,104M 168K,125M 2K
109,109-26,62M 524K,83M 365K,104M 206K,125M 47K
109,109-27,62M 547K,83M 396K,104M 244K,125M 93K
109,109-28,62M 570K,83M 426K,104M 282K,125M 139K
109,109-29,62M 592K,83M 456K,104M 320K,125M 184K
109,109-30,62M 615K,83M 487K,104M 359K,125M 230K
110,110-1,62M 638K,83M 517K,104M 397K,125M 276K
110,110-2,62M 661K,83M 548K,104M 435K,125M 322K
110,110-3,62M 684K,83M 578K,104M 473K,125M 367K
110,110-4,62M 707K,83M 609K,104M 511K,125M 413K
110,110-5,62M 729K,83M 639K,104M 549K,125M 458K
110,110-6,62M 752K,83M 669K,104M 587K,125M 504K
110,110-7,62M 775K,83M 700K,104M 624K,125M 549K
110,110-8,62M 797K,83M 730K,104M 662K,125M 594K
110,110-9,62M 820K,83M 760K,104M 700K,125M 640K
110,110-10,62M 843K,83M 790K,104M 738K,125M 685K
110,110-11,62M 866K,83M 821K,104M 776K,125M 731K
110,110-12,62M 888K,83M 851K,104M 813K,125M 776K
110,110-13,62M 911K,83M 881K,104M 851K,125M 821K
110,110-14,62M 934K,83M 911K,104M 889K,125M 867K
110,110-15,62M 956K,83M 942K,104M 927K,125M 912K
110,110-16,62M 979K,83M 972K,104M 965K,125M 958K
110,110-17,63M 2K,84M 2K,105M 3K,126M 3K
110,110-18,63M 25K,84M 33K,105M 41K,126M 49K
110,110-19,63M 47K,84M 63K,105M 79K,126M 94K
110,110-20,63M 70K,84M 93K,105M 117K,126M 140K
110,110-21,63M 93K,84M 124K,105M 154K,126M 185K
110,110-22,63M 116K,84M 154K,105M 192K,126M 231K
110,110-23,63M 138K,84M 184K,105M 230K,126M 276K
110,110-24,63M 161K,84M 215K,105M 268K,126M 322K
110,110-25,63M 184K,84M 245K,105M 306K,126M 368K
110,110-26,63M 207K,84M 276K,105M 344K,126M 413K
110,110-27,63M 230K,84M 306K,105M 383K,126M 459K
110,110-28,63M 253K,84M 337K,105M 421K,126M 505K
110,110-29,63M 275K,84M 367K,105M 459K,126M 550K
110,110-30,63M 298K,84M 398K,105M 497K,126M 596K
111,111-1,63M 321K,84M 428K,105M 535K,126M 642K
111,111-2,63M 344K,84M 458K,105M 573K,126M 687K
111,111-3,63M 367K,84M 489K,105M 611K,126M 733K
111,111-4,63M 390K,84M 519K,105M 649K,126M 779K
111,111-5,63M 438K,84M 584K,105M 730K,126M 876K
111,111-6,63M 487K,84M 649K,105M 812K,126M 974K
111,111-7,63M 536K,84M 714K,105M 893K,127M 71K
111,111-8,63M 585K,84M 779K,105M 974K,127M 169K
111,111-9,63M 634K,84M 845K,106M 56K,127M 267K
111,111-10,63M 682K,84M 910K,106M 137K,127M 364K
111,111-11,63M 731K,84M 975K,106M 218K,127M 462K
111,111-12,63M 780K,85M 40K,106M 300K,127M 560K
111,111-13,63M 829K,85M 105K,106M 382K,127M 658K
111,111-14,63M 878K,85M 171K,106M 463K,127M 756K
111,111-15,63M 927K,85M 236K,106M 545K,127M 854K
111,111-16,63M 976K,85M 302K,106M 627K,127M 952K
111,111-17,64M 25K,85M 367K,106M 709K,128M 50K
111,111-18,64M 75K,85M 433K,106M 791K,128M 149K
111,111-19,64M 124K,85M 498K,106M 873K,128M 247K
111,111-20,64M 173K,85M 564K,106M 955K,128M 346K
111,111-21,64M 222K,85M 630K,107M 37K,128M 444K
111,111-22,64M 272K,85M 695K,107M 119K,128M 543K
111,111-23,64M 321K,85M 761K,107M 201K,128M 642K
111,111-24,64M 370K,85M 827K,107M 284K,128M 740K
111,111-25,64M 420K,85M 893K,107M 366K,128M 839K
111,111-26,64M 469K,85M 959K,107M 449K,128M 938K
111,111-27,64M 519K,86M 25K,107M 531K,129M 37K
111,111-28,64M 568K,86M 91K,107M 614K,129M 136K
111,111-29,64M 618K,86M 157K,107M 696K,129M 236K
111,111-30,64M 668K,86M 223K,107M 779K,129M 335K
112,112-1,64M 717K,86M 290K,107M 862K,129M 434K
112,112-2,64M 767K,86M 356K,107M 945K,129M 533K
112,112-3,64M 817K,86M 422K,108M 28K,129M 633K
112,112-4,64M 867K,86M 489K,108M 111K,129M 733K
112,112-5,64M 890K,86M 520K,108M 149K,129M 779K
112,112-6,64M 913K,86M 551K,108M 188K,129M 826K
112,112-7,64M 936K,86M 582K,108M 227K,129M 872K
112,112-8,64M 960K,86M 613K,108M 266K,129M 919K
112,112-9,64M 983K,86M 644K,108M 304K,129M 965K
112,112-10,65M 6K,86M 675K,108M 343K,130M 12K
112,112-11,65M 29K,86M 706K,108M 382K,130M 58K
112,112-12,65M 53K,86M 737K,108M 421K,130M 105K
112,112-13,65M 76K,86M 768K,108M 460K,130M 152K
112,112-14,65M 99K,86M 799K,108M 499K,130M 198K
112,112-15,65M 123K,86M 830K,108M 537K,130M 245K
112,112-16,65M 146K,86M 861K,108M 576K,130M 292K
112,112-17,65M 169K,86M 892K,108M 615K,130M 338K
112,112-18,65M 193K,86M 923K,108M 654K,130M 385K
112,112-19,65M 216K,86M 955K,108M 693K,130M 432K
112,112-20,65M 239K,86M 986K,108M 732K,130M 478K
112,112-21,65M 263K,87M 17K,108M 771K,130M 525K
112,112-22,65M 286K,87M 48K,108M 810K,130M 572K
112,112-23,65M 310K,87M 79K,108M 849K,130M 619K
112,112-24,65M 333K,87M 111K,108M 888K,130M 666K
112,112-25,65M 356K,87M 142K,108M 927K,130M 712K
112,112-26,65M 380K,87M 173K,108M 966K,130M 759K
112,112-27,65M 403K,87M 204K,109M 5K,130M 806K
112,112-28,65M 427K,87M 235K,109M 44K,130M 853K
112,112-29,65M 450K,87M 267K,109M 83K,130M 900K
112,112-30,65M 474K,87M 298K,109M 122K,130M 947K
113,113-1,65M 497K,87M 329K,109M 161K,130M 994K
113,113-2,65M 521K,87M 361K,109M 201K,131M 41K
113,113-3,65M 544K,87M 392K,109M 240K,131M 88K
113,113-4,65M 568K,87M 423K,109M 279K,131M 135K
113,113-5,65M 591K,87M 455K,109M 318K,131M 182K
113,113-6,65M 615K,87M 486K,109M 357K,131M 229K
113,113-7,65M 638K,87M 517K,109M 396K,131M 276K
113,113-8,65M 662K,87M 549K,109M 436K,131M 323K
113,113-9,65M 685K,87M 580K,109M 475K,131M 370K
113,113-10,65M 709K,87M 611K,109M 514K,131M 417K
113,113-11,65M 732K,87M 643K,109M 553K,131M 464K
113,113-12,65M 756K,87M 674K,109M 593K,131M 511K
113,113-13,65M 779K,87M 706K,109M 632K,131M 558K
113,113-14,65M 803K,87M 737K,109M 671K,131M 605K
113,113-15,65M 826K,87M 768K,109M 710K,131M 652K
113,113-16,65M 850K,87M 800K,109M 750K,131M 700K
113,113-17,65M 874K,87M 831K,109M 789K,131M 747K
113,113-18,65M 897K,87M 863K,109M 828K,131M 794K
113,113-19,65M 921K,87M 894K,109M 868K,131M 841K
113,113-20,65M 944K,87M 926K,109M 907K,131M 888K
113,113-21,65M 968K,87M 957K,109M 946K,131M 936K
113,113-22,65M 992K,87M 989K,109M 986K,131M 983K
113,113-23,66M 15K,88M 20K,110M 25K,132M 30K
113,113-24,66M 39K,88M 52K,110M 65K,132M 78K
113,113-25,66M 63K,88M 83K,110M 104K,132M 125K
113,113-26,66M 86K,88M 115K,110M 144K,132M 172K
113,113-27,66M 110K,88M 147K,110M 183K,132M 220K
113,113-28,66M 134K,88M 178K,110M 223K,132M 267K
113,113-29,66M 157K,88M 210K,110M 262K,132M 314K
113,113-30,66M 181K,88M 241K,110M 302K,132M 362K
114,114-1,66M 205K,88M 273K,110M 341K,132M 409K
114,114-2,66M 229K,88M 305K,110M 381K,132M 457K
114,114-3,66M 252K,88M 336K,110M 420K,132M 504K
114,114-4,66M 276K,88M 368K,110M 460K,132M 552K
114,114-5,66M 300K,88M 400K,110M 499K,132M 599K
114,114-6,66M 324K,88M 431K,110M 539K,132M 647K
114,114-7,66M 347K,88M 463K,110M 579K,132M 694K
114,114-8,66M 371K,88M 495K,110M 618K,132M 742K
114,114-9,66M 395K,88M 526K,110M 658K,132M 789K
114,114-10,66M 419K,88M 558K,110M 698K,132M 837K
114,114-11,66M 443K,88M 590K,110M 737K,132M 885K
114,114-12,66M 466K,88M 622K,110M 777K,132M 932K
114,114-13,66M 490K,88M 653K,110M 817K,132M 980K
114,114-14,66M 514K,88M 685K,110M 856K,133M 27K
114,114-15,66M 538K,88M 717K,110M 896K,133M 75K
114,114-16,66M 562K,88M 749K,110M 936K,133M 123K
114,114-17,66M 585K,88M 780K,110M 975K,133M 170K
114,114-18,66M 609K,88M 812K,111M 15K,133M 218K
114,114-19,66M 633K,88M 844K,111M 55K,133M 266K
114,114-20,66M 657K,88M 876K,111M 95K,133M 314K
114,114-21,66M 681K,88M 908K,111M 135K,133M 361K
114,114-22,66M 705K,88M 940K,111M 174K,133M 409K
114,114-23,66M 729K,88M 972K,111M 214K,133M 457K
114,114-24,66M 753K,89M 3K,111M 254K,133M 505K
114,114-25,66M 777K,89M 35K,111M 294K,133M 553K
114,114-26,66M 801K,89M 67K,111M 334K,133M 601K
114,114-27,66M 824K,89M 99K,111M 374K,133M 648K
114,114-28,66M 848K,89M 131K,111M 414K,133M 696K
114,114-29,66M 872K,89M 163K,111M 454K,133M 744K
114,114-30,66M 896K,89M 195K,111M 494K,133M 792K
115,115-1,66M 920K,89M 227K,111M 534K,133M 840K
115,115-2,66M 944K,89M 259K,111M 574K,133M 888K
115,115-3,66M 968K,89M 291K,111M 613K,133M 936K
115,115-4,66M 992K,89M 323K,111M 653K,133M 984K
115,115-5,67M 16K,89M 355K,111M 694K,134M 32K
115,115-6,67M 40K,89M 387K,111M 734K,134M 80K
115,115-7,67M 64K,89M 419K,111M 774K,134M 128K
115,115-8,67M 88K,89M 451K,111M 814K,134M 176K
115,115-9,67M 112K,89M 483K,111M 854K,134M 224K
115,115-10,67M 136K,89M 515K,111M 894K,134M 272K
115,115-11,67M 161K,89M 547K,111M 934K,134M 321K
115,115-12,67M 185K,89M 579K,111M 974K,134M 369K
115,115-13,67M 209K,89M 611K,112M 14K,134M 417K
115,115-14,67M 233K,89M 644K,112M 54K,134M 465K
115,115-15,67M 257K,89M 676K,112M 94K,134M 513K
115,115-16,67M 281K,89M 708K,112M 135K,134M 561K
115,115-17,67M 305K,89M 740K,112M 175K,134M 610K
115,115-18,67M 329K,89M 772K,112M 215K,134M 658K
115,115-19,67M 353K,89M 804K,112M 255K,134M 706K
115,115-20,67M 377K,89M 836K,112M 295K,134M 754K
115,115-21,67M 402K,89M 869K,112M 336K,134M 803K
115,115-22,67M 426K,89M 901K,112M 376K,134M 851K
115,115-23,67M 450K,89M 933K,112M 416K,134M 899K
115,115-24,67M 474K,89M 965K,112M 456K,134M 948K
115,115-25,67M 498K,89M 998K,112M 497K,134M 996K
115,115-26,67M 522K,90M 30K,112M 537K,135M 44K
115,115-27,67M 547K,90M 62K,112M 577K,135M 93K
115,115-28,67M 571K,90M 94K,112M 618K,135M 141K
115,115-29,67M 595K,90M 127K,112M 658K,135M 190K
115,115-30,67M 619K,90M 159K,112M 698K,135M 238K
116,116-1,67M 644K,90M 191K,112M 739K,135M 287K
116,116-2,67M 668K,90M 224K,112M 779K,135M 335K
116,116-3,67M 692K,90M 256K,112M 820K,135M 384K
116,116-4,67M 716K,90M 288K,112M 860K,135M 432K
116,116-5,67M 741K,90M 321K,112M 901K,135M 481K
116,116-6,67M 765K,90M 353K,112M 941K,135M 529K
116,116-7,67M 789K,90M 385K,112M 982K,135M 578K
116,116-8,67M 813K,90M 418K,113M 22K,135M 626K
116,116-9,67M 838K,90M 450K,113M 62K,135M 675K
116,116-10,67M 862K,90M 483K,113M 103K,135M 724K
116,116-11,67M 886K,90M 515K,113M 144K,135M 772K
116,116-12,67M 911K,90M 547K,113M 184K,135M 821K
116,116-13,67M 935K,90M 580K,113M 225K,135M 869K
116,116-14,67M 959K,90M 612K,113M 265K,135M 918K
116,116-15,67M 984K,90M 645K,113M 306K,135M 967K
116,116-16,68M 8K,90M 677K,113M 346K,136M 16K
116,116-17,68M 32K,90M 710K,113M 387K,136M 64K
116,116-18,68M 57K,90M 742K,113M 428K,136M 113K
116,116-19,68M 81K,90M 775K,113M 468K,136M 162K
116,116-20,68M 106K,90M 807K,113M 509K,136M 211K
116,116-21,68M 130K,90M 840K,113M 550K,136M 259K
116,116-22,68M 154K,90M 872K,113M 590K,136M 308K
116,116-23,68M 179K,90M 905K,113M 631K,136M 357K
116,116-24,68M 203K,90M 938K,113M 672K,136M 406K
116,116-25,68M 228K,90M 970K,113M 713K,136M 455K
116,116-26,68M 252K,91M 3K,113M 753K,136M 504K
116,116-27,68M 277K,91M 35K,113M 794K,136M 553K
116,116-28,68M 301K,91M 68K,113M 835K,136M 602K
116,116-29,68M 326K,91M 101K,113M 876K,136M 651K
116,116-30,68M 350K,91M 133K,113M 916K,136M 700K
117,117-1,68M 375K,91M 166K,113M 957K,136M 749K
117,117-2,68M 399K,91M 199K,113M 998K,136M 798K
117,117-3,68M 424K,91M 231K,114M 39K,136M 847K
117,117-4,68M 448K,91M 264K,114M 80K,136M 896K
117,117-5,68M 473K,91M 297K,114M 121K,136M 945K
117,117-6,68M 497K,91M 329K,114M 162K,136M 994K
117,117-7,68M 522K,91M 362K,114M 202K,137M 43K
117,117-8,68M 546K,91M 395K,114M 243K,137M 92K
117,117-9,68M 571K,91M 428K,114M 284K,137M 141K
117,117-10,68M 595K,91M 460K,114M 325K,137M 190K
117,117-11,68M 620K,91M 493K,114M 366K,137M 239K
117,117-12,68M 645K,91M 526K,114M 407K,137M 289K
117,117-13,68M 669K,91M 559K,114M 448K,137M 338K
117,117-14,68M 694K,91M 592K,114M 489K,137M 387K
117,117-15,68M 718K,91M 624K,114M 530K,137M 436K
117,117-16,68M 743K,91M 657K,114M 571K,137M 485K
117,117-17,68M 768K,91M 690K,114M 612K,137M 535K
117,117-18,68M 792K,91M 723K,114M 653K,137M 584K
117,117-19,68M 817K,91M 756K,114M 695K,137M 633K
117,117-20,68M 842K,91M 789K,114M 736K,137M 683K
117,117-21,68M 866K,91M 822K,114M 777K,137M 732K
117,117-22,68M 891K,91M 854K,114M 818K,137M 781K
117,117-23,68M 916K,91M 887K,114M 859K,137M 831K
117,117-24,68M 940K,91M 920K,114M 900K,137M 880K
117,117-25,68M 965K,91M 953K,114M 941K,137M 930K
117,117-26,68M 990K,91M 986K,114M 983K,137M 979K
117,117-27,69M 14K,92M 19K,115M 24K,138M 28K
117,117-28,69M 39K,92M 52K,115M 65K,138M 78K
117,117-29,69M 64K,92M 85K,115M 106K,138M 127K
117,117-30,69M 89K,92M 118K,115M 147K,138M 177K
118,118-1,69M 113K,92M 151K,115M 189K,138M 226K
118,118-2,69M 138K,92M 184K,115M 230K,138M 276K
118,118-3,69M 163K,92M 217K,115M 271K,138M 325K
118,118-4,69M 188K,92M 250K,115M 313K,138M 375K
118,118-5,69M 213K,92M 283K,115M 354K,138M 425K
118,118-6,69M 237K,92M 316K,115M 395K,138M 474K
118,118-7,69M 262K,92M 349K,115M 437K,138M 524K
118,118-8,69M 287K,92M 383K,115M 478K,138M 574K
118,118-9,69M 312K,92M 416K,115M 519K,138M 623K
118,118-10,69M 337K,92M 449K,115M 561K,138M 673K
118,118-11,69M 362K,92M 482K,115M 602K,138M 723K
118,118-12,69M 386K,92M 515K,115M 644K,138M 772K
118,118-13,69M 411K,92M 548K,115M 685K,138M 822K
118,118-14,69M 436K,92M 581K,115M 727K,138M 872K
118,118-15,69M 461K,92M 614K,115M 768K,138M 921K
118,118-16,69M 486K,92M 648K,115M 809K,138M 971K
118,118-17,69M 511K,92M 681K,115M 851K,139M 21K
118,118-18,69M 536K,92M 714K,115M 892K,139M 71K
118,118-19,69M 561K,92M 747K,115M 934K,139M 121K
118,118-20,69M 586K,92M 781K,115M 976K,139M 171K
118,118-21,69M 610K,92M 814K,116M 17K,139M 220K
118,118-22,69M 635K,92M 847K,116M 59K,139M 270K
118,118-23,69M 660K,92M 880K,116M 100K,139M 320K
118,118-24,69M 685K,92M 914K,116M 142K,139M 370K
118,118-25,69M 710K,92M 947K,116M 184K,139M 420K
118,118-26,69M 735K,92M 980K,116M 225K,139M 470K
118,118-27,69M 760K,93M 14K,116M 267K,139M 520K
118,118-28,69M 785K,93M 47K,116M 308K,139M 570K
118,118-29,69M 810K,93M 80K,116M 350K,139M 620K
118,118-30,69M 835K,93M 114K,116M 392K,139M 670K
119,119-1,69M 860K,93M 147K,116M 434K,139M 720K
119,119-2,69M 885K,93M 180K,116M 475K,139M 770K
119,119-3,69M 910K,93M 214K,116M 517K,139M 820K
119,119-4,69M 935K,93M 247K,116M 559K,139M 870K
119,119-5,69M 961K,93M 281K,116M 601K,139M 921K
119,119-6,69M 986K,93M 314K,116M 642K,139M 971K
119,119-7,70M 11K,93M 347K,116M 684K,140M 21K
119,119-8,70M 36K,93M 381K,116M 726K,140M 71K
119,119-9,70M 61K,93M 414K,116M 768K,140M 121K
119,119-10,70M 86K,93M 448K,116M 810K,140M 171K
119,119-11,70M 111K,93M 481K,116M 851K,140M 222K
119,119-12,70M 136K,93M 515K,116M 893K,140M 272K
119,119-13,70M 161K,93M 548K,116M 935K,140M 322K
119,119-14,70M 186K,93M 582K,116M 977K,140M 372K
119,119-15,70M 212K,93M 615K,117M 19K,140M 423K
119,119-16,70M 237K,93M 649K,117M 61K,140M 473K
119,119-17,70M 262K,93M 682K,117M 103K,140M 523K
119,119-18,70M 287K,93M 716K,117M 145K,140M 574K
119,119-19,70M 312K,93M 750K,117M 187K,140M 624K
119,119-20,70M 338K,93M 783K,117M 229K,140M 675K
119,119-21,70M 363K,93M 817K,117M 271K,140M 725K
119,119-22,70M 388K,93M 850K,117M 313K,140M 775K
119,119-23,70M 413K,93M 884K,117M 355K,140M 826K
119,119-24,70M 438K,93M 918K,117M 397K,140M 876K
119,119-25,70M 464K,93M 951K,117M 439K,140M 927K
119,119-26,70M 489K,93M 985K,117M 481K,140M 977K
119,119-27,70M 514K,94M 19K,117M 523K,141M 28K
119,119-28,70M 539K,94M 52K,117M 565K,141M 78K
119,119-29,70M 565K,94M 86K,117M 608K,141M 129K
119,119-30,70M 590K,94M 120K,117M 650K,141M 180K
120,120-1,70M 615K,94M 154K,117M 692K,141M 230K
120,120-2,70M 641K,94M 187K,117M 734K,141M 281K
120,120-3,70M 666K,94M 221K,117M 776K,141M 331K
120,120-4,70M 691K,94M 255K,117M 818K,141M 382K
120,120-5,70M 717K,94M 289K,117M 861K,141M 433K
120,120-6,70M 742K,94M 322K,117M 903K,141M 483K
120,120-7,70M 767K,94M 356K,117M 945K,141M 534K
120,120-8,70M 793K,94M 390K,117M 987K,141M 585K
120,120-9,70M 818K,94M 424K,118M 30K,141M 636K
120,120-10,70M 843K,94M 458K,118M 72K,141M 686K
120,120-11,70M 869K,94M 492K,118M 114K,141M 737K
120,120-12,70M 894K,94M 525K,118M 157K,141M 788K
120,120-13,70M 920K,94M 559K,118M 199K,141M 839K
120,120-14,70M 945K,94M 593K,118M 241K,141M 889K
120,120-15,70M 970K,94M 627K,118M 284K,141M 940K
120,120-16,70M 996K,94M 661K,118M 326K,141M 991K
120,120-17,71M 21K,94M 695K,118M 368K,142M 42K
120,120-18,71M 47K,94M 729K,118M 411K,142M 93K
120,120-19,71M 72K,94M 763K,118M 453K,142M 144K
120,120-20,71M 98K,94M 797K,118M 496K,142M 195K
120,120-21,71M 123K,94M 831K,118M 538K,142M 246K
120,120-22,71M 149K,94M 865K,118M 581K,142M 297K
120,120-23,71M 174K,94M 899K,118M 623K,142M 348K
120,120-24,71M 200K,94M 933K,118M 666K,142M 399K
120,120-25,71M 225K,94M 967K,118M 708K,142M 450K
120,120-26,71M 251K,95M 1K,118M 751K,142M 501K
120,120-27,71M 276K,95M 35K,118M 793K,142M 552K
120,120-28,71M 302K,95M 69K,118M 836K,142M 603K
120,120-29,71M 327K,95M 103K,118M 878K,142M 654K
120,120-30,71M 353K,95M 137K,118M 921K,142M 705K
121,121-1,71M 378K,95M 171K,118M 964K,142M 756K
121,121-2,71M 404K,95M 205K,119M 6K,142M 807K
121,121-3,71M 430K,95M 239K,119M 49K,142M 859K
121,121-4,71M 455K,95M 273K,119M 92K,142M 910K
121,121-5,71M 481K,95M 308K,119M 134K,142M 961K
121,121-6,71M 506K,95M 342K,119M 177K,143M 12K
121,121-7,71M 532K,95M 376K,119M 220K,143M 64K
121,121-8,71M 558K,95M 410K,119M 262K,143M 115K
121,121-9,71M 583K,95M 444K,119M 305K,143M 166K
121,121-10,71M 609K,95M 478K,119M 348K,143M 217K
121,121-11,71M 635K,95M 513K,119M 391K,143M 269K
121,121-12,71M 660K,95M 547K,119M 433K,143M 320K
121,121-13,71M 686K,95M 581K,119M 476K,143M 371K
121,121-14,71M 712K,95M 615K,119M 519K,143M 423K
121,121-15,71M 737K,95M 650K,119M 562K,143M 474K
121,121-16,71M 763K,95M 684K,119M 605K,143M 526K
121,121-17,71M 789K,95M 718K,119M 648K,143M 577K
121,121-18,71M 815K,95M 753K,119M 691K,143M 629K
121,121-19,71M 840K,95M 787K,119M 733K,143M 680K
121,121-20,71M 866K,95M 821K,119M 776K,143M 731K
121,121-21,71M 892K,95M 855K,119M 819K,143M 783K
121,121-22,71M 917K,95M 890K,119M 862K,143M 834K
121,121-23,71M 943K,95M 924K,119M 905K,143M 886K
121,121-24,71M 969K,95M 959K,119M 948K,143M 938K
121,121-25,71M 995K,95M 993K,119M 991K,143M 989K
121,121-26,72M 21K,96M 27K,120M 34K,144M 41K
121,121-27,72M 46K,96M 62K,120M 77K,144M 92K
121,121-28,72M 72K,96M 96K,120M 120K,144M 144K
121,121-29,72M 98K,96M 131K,120M 163K,144M 196K
121,121-30,72M 124K,96M 165K,120M 206K,144M 247K
122,122-1,72M 150K,96M 200K,120M 249K,144M 299K
122,122-2,72M 176K,96M 234K,120M 292K,144M 351K
122,122-3,72M 201K,96M 268K,120M 335K,144M 402K
122,122-4,72M 227K,96M 303K,120M 379K,144M 454K
122,122-5,72M 253K,96M 338K,120M 422K,144M 506K
122,122-6,72M 279K,96M 372K,120M 465K,144M 558K
122,122-7,72M 305K,96M 407K,120M 508K,144M 610K
122,122-8,72M 331K,96M 441K,120M 551K,144M 661K
122,122-9,72M 357K,96M 476K,120M 594K,144M 713K
122,122-10,72M 383K,96M 510K,120M 638K,144M 765K
122,122-11,72M 409K,96M 545K,120M 681K,144M 817K
122,122-12,72M 435K,96M 579K,120M 724K,144M 869K
122,122-13,72M 461K,96M 614K,120M 767K,144M 921K
122,122-14,72M 487K,96M 649K,120M 811K,144M 973K
122,122-15,72M 513K,96M 683K,120M 854K,145M 25K
122,122-16,72M 539K,96M 718K,120M 897K,145M 77K
122,122-17,72M 565K,96M 753K,120M 941K,145M 129K
122,122-18,72M 591K,96M 787K,120M 984K,145M 181K
122,122-19,72M 617K,96M 822K,121M 27K,145M 233K
122,122-20,72M 643K,96M 857K,121M 71K,145M 285K
122,122-21,72M 669K,96M 891K,121M 114K,145M 337K
122,122-22,72M 695K,96M 926K,121M 157K,145M 389K
122,122-23,72M 721K,96M 961K,121M 201K,145M 441K
122,122-24,72M 747K,96M 996K,121M 244K,145M 493K
122,122-25,72M 773K,97M 30K,121M 288K,145M 545K
122,122-26,72M 799K,97M 65K,121M 331K,145M 597K
122,122-27,72M 825K,97M 100K,121M 375K,145M 650K
122,122-28,72M 851K,97M 135K,121M 418K,145M 702K
122,122-29,72M 877K,97M 169K,121M 462K,145M 754K
122,122-30,72M 903K,97M 204K,121M 505K,145M 806K
123,123-1,72M 929K,97M 239K,121M 549K,145M 858K
123,123-2,72M 956K,97M 274K,121M 592K,145M 911K
123,123-3,72M 982K,97M 309K,121M 636K,145M 963K
123,123-4,73M 8K,97M 344K,121M 680K,146M 15K
123,123-5,73M 34K,97M 379K,121M 723K,146M 68K
123,123-6,73M 60K,97M 414K,121M 767K,146M 120K
123,123-7,73M 86K,97M 448K,121M 810K,146M 172K
123,123-8,73M 113K,97M 483K,121M 854K,146M 225K
123,123-9,73M 139K,97M 518K,121M 898K,146M 277K
123,123-10,73M 165K,97M 553K,121M 941K,146M 330K
123,123-11,73M 191K,97M 588K,121M 985K,146M 382K
123,123-12,73M 217K,97M 623K,122M 29K,146M 434K
123,123-13,73M 244K,97M 658K,122M 73K,146M 487K
123,123-14,73M 270K,97M 693K,122M 116K,146M 539K
123,123-15,73M 296K,97M 728K,122M 160K,146M 592K
123,123-16,73M 322K,97M 763K,122M 204K,146M 644K
123,123-17,73M 349K,97M 798K,122M 248K,146M 697K
123,123-18,73M 375K,97M 833K,122M 291K,146M 750K
123,123-19,73M 401K,97M 868K,122M 335K,146M 802K
123,123-20,73M 428K,97M 903K,122M 379K,146M 855K
123,123-21,73M 454K,97M 938K,122M 423K,146M 907K
123,123-22,73M 480K,97M 974K,122M 467K,146M 960K
123,123-23,73M 507K,98M 9K,122M 511K,147M 13K
123,123-24,73M 533K,98M 44K,122M 555K,147M 65K
123,123-25,73M 559K,98M 79K,122M 599K,147M 118K
123,123-26,73M 586K,98M 114K,122M 642K,147M 171K
123,123-27,73M 612K,98M 149K,122M 686K,147M 224K
123,123-28,73M 638K,98M 184K,122M 730K,147M 276K
123,123-29,73M 665K,98M 220K,122M 774K,147M 329K
123,123-30,73M 691K,98M 255K,122M 818K,147M 382K
124,124-1,73M 718K,98M 290K,122M 862K,147M 435K
124,124-2,73M 744K,98M 325K,122M 906K,147M 488K
124,124-3,73M 770K,98M 360K,122M 950K,147M 540K
124,124-4,73M 797K,98M 396K,122M 994K,147M 593K
124,124-5,73M 823K,98M 431K,123M 39K,147M 646K
124,124-6,73M 850K,98M 466K,123M 83K,147M 699K
124,124-7,73M 876K,98M 502K,123M 127K,147M 752K
124,124-8,73M 903K,98M 537K,123M 171K,147M 805K
124,124-9,73M 929K,98M 572K,123M 215K,147M 858K
124,124-10,73M 956K,98M 607K,123M 259K,147M 911K
124,124-11,73M 982K,98M 643K,123M 303K,147M 964K
124,124-12,74M 9K,98M 678K,123M 348K,148M 17K
124,124-13,74M 35K,98M 713K,123M 392K,148M 70K
124,124-14,74M 62K,98M 749K,123M 436K,148M 123K
124,124-15,74M 88K,98M 784K,123M 480K,148M 176K
124,124-16,74M 115K,98M 820K,123M 524K,148M 229K
124,124-17,74M 141K,98M 855K,123M 569K,148M 282K
124,124-18,74M 168K,98M 890K,123M 613K,148M 335K
124,124-19,74M 195K,98M 926K,123M 657K,148M 389K
124,124-20,74M 221K,98M 961K,123M 702K,148M 442K
124,124-21,74M 248K,98M 997K,123M 746K,148M 495K
124,124-22,74M 274K,99M 32K,123M 790K,148M 548K
124,124-23,74M 301K,99M 68K,123M 835K,148M 601K
124,124-24,74M 328K,99M 103K,123M 879K,148M 655K
124,124-25,74M 354K,99M 139K,123M 923K,148M 708K
124,124-26,74M 381K,99M 174K,123M 968K,148M 761K
124,124-27,74M 408K,99M 210K,124M 12K,148M 815K
124,124-28,74M 434K,99M 245K,124M 57K,148M 868K
124,124-29,74M 461K,99M 281K,124M 101K,148M 921K
124,124-30,74M 488K,99M 317K,124M 146K,148M 975K
125,125-1,74M 514K,99M 352K,124M 190K,149M 28K
125,125-2,74M 541K,99M 388K,124M 235K,149M 81K
125,125-3,74M 568K,99M 423K,124M 279K,149M 135K
125,125-4,74M 594K,99M 459K,124M 324K,149M 188K
125,125-5,74M 621K,99M 495K,124M 368K,149M 242K
125,125-6,74M 648K,99M 530K,124M 413K,149M 295K
125,125-7,74M 675K,99M 566K,124M 457K,149M 349K
125,125-8,74M 701K,99M 602K,124M 502K,149M 402K
125,125-9,74M 728K,99M 637K,124M 546K,149M 456K
125,125-10,74M 755K,99M 673K,124M 591K,149M 509K
125,125-11,74M 782K,99M 709K,124M 636K,149M 563K
125,125-12,74M 808K,99M 744K,124M 680K,149M 616K
125,125-13,74M 835K,99M 780K,124M 725K,149M 670K
125,125-14,74M 862K,99M 816K,124M 770K,149M 724K
125,125-15,74M 889K,99M 852K,124M 814K,149M 777K
125,125-16,74M 916K,99M 887K,124M 859K,149M 831K
125,125-17,74M 943K,99M 923K,124M 904K,149M 885K
125,125-18,74M 969K,99M 959K,124M 949K,149M 938K
125,125-19,74M 996K,99M 995K,124M 993K,149M 992K
125,125-20,75M 23K,100M 31K,125M 38K,150M 46K
125,125-21,75M 50K,100M 66K,125M 83K,150M 99K
125,125-22,75M 77K,100M 102K,125M 128K,150M 153K
125,125-23,75M 104K,100M 138K,125M 173K,150M 207K
125,125-24,75M 131K,100M 174K,125M 217K,150M 261K
125,125-25,75M 158K,100M 210K,125M 262K,150M 315K
125,125-26,75M 185K,100M 246K,125M 307K,150M 369K
125,125-27,75M 211K,100M 282K,125M 352K,150M 422K
125,125-28,75M 238K,100M 318K,125M 397K,150M 476K
125,125-29,75M 265K,100M 354K,125M 442K,150M 530K
125,125-30,75M 292K,100M 390K,125M 487K,150M 584K
126,126-1,75M 319K,100M 426K,125M 532K,150M 638K
126,126-2,75M 346K,100M 462K,125M 577K,150M 692K
126,126-3,75M 373K,100M 498K,125M 622K,150M 746K
126,126-4,75M 400K,100M 534K,125M 667K,150M 800K
126,126-5,75M 427K,100M 570K,125M 712K,150M 854K
126,126-6,75M 454K,100M 606K,125M 757K,150M 908K
126,126-7,75M 481K,100M 642K,125M 802K,150M 962K
126,126-8,75M 508K,100M 678K,125M 847K,151M 16K
126,126-9,75M 535K,100M 714K,125M 892K,151M 70K
126,126-10,75M 563K,100M 750K,125M 937K,151M 125K
126,126-11,75M 590K,100M 786K,125M 982K,151M 179K
126,126-12,75M 617K,100M 822K,126M 28K,151M 233K
126,126-13,75M 644K,100M 858K,126M 73K,151M 287K
126,126-14,75M 671K,100M 894K,126M 118K,151M 341K
126,126-15,75M 698K,100M 931K,126M 163K,151M 396K
126,126-16,75M 725K,100M 967K,126M 208K,151M 450K
126,126-17,75M 752K,101M 3K,126M 253K,151M 504K
126,126-18,75M 779K,101M 39K,126M 299K,151M 558K
126,126-19,75M 807K,101M 75K,126M 344K,151M 613K
126,126-20,75M 834K,101M 112K,126M 389K,151M 667K
126,126-21,75M 861K,101M 148K,126M 435K,151M 721K
126,126-22,75M 888K,101M 184K,126M 480K,151M 776K
126,126-23,75M 915K,101M 220K,126M 525K,151M 830K
126,126-24,75M 943K,101M 257K,126M 571K,151M 885K
126,126-25,75M 970K,101M 293K,126M 616K,151M 939K
126,126-26,75M 997K,101M 329K,126M 661K,151M 993K
126,126-27,76M 24K,101M 365K,126M 707K,152M 48K
126,126-28,76M 51K,101M 402K,126M 752K,152M 102K
126,126-29,76M 79K,101M 438K,126M 797K,152M 157K
126,126-30,76M 106K,101M 474K,126M 843K,152M 211K
127,127-1,76M 133K,101M 511K,126M 888K,152M 266K
127,127-2,76M 160K,101M 547K,126M 934K,152M 320K
127,127-3,76M 188K,101M 584K,126M 979K,152M 375K
127,127-4,76M 215K,101M 620K,127M 25K,152M 430K
127,127-5,76M 242K,101M 656K,127M 70K,152M 484K
127,127-6,76M 270K,101M 693K,127M 116K,152M 539K
127,127-7,76M 297K,101M 729K,127M 161K,152M 594K
127,127-8,76M 324K,101M 766K,127M 207K,152M 648K
127,127-9,76M 352K,101M 802K,127M 253K,152M 703K
127,127-10,76M 379K,101M 839K,127M 298K,152M 758K
127,127-11,76M 406K,101M 875K,127M 344K,152M 812K
127,127-12,76M 434K,101M 912K,127M 389K,152M 867K
127,127-13,76M 461K,101M 948K,127M 435K,152M 922K
127,127-14,76M 489K,101M 985K,127M 481K,152M 977K
127,127-15,76M 516K,102M 21K,127M 526K,153M 32K
127,127-16,76M 543K,102M 58K,127M 572K,153M 86K
127,127-17,76M 571K,102M 94K,127M 618K,153M 141K
127,127-18,76M 598K,102M 131K,127M 664K,153M 196K
127,127-19,76M 626K,102M 168K,127M 709K,153M 251K
127,127-20,76M 653K,102M 204K,127M 755K,153M 306K
127,127-21,76M 681K,102M 241K,127M 801K,153M 361K
127,127-22,76M 708K,102M 277K,127M 847K,153M 416K
127,127-23,76M 736K,102M 314K,127M 892K,153M 471K
127,127-24,76M 763K,102M 351K,127M 938K,153M 526K
127,127-25,76M 791K,102M 387K,127M 984K,153M 581K
127,127-26,76M 818K,102M 424K,128M 30K,153M 636K
127,127-27,76M 846K,102M 461K,128M 76K,153M 691K
127,127-28,76M 873K,102M 498K,128M 122K,153M 746K
127,127-29,76M 901K,102M 534K,128M 168K,153M 801K
127,127-30,76M 928K,102M 571K,128M 214K,153M 856K
128,128-1,76M 956K,102M 608K,128M 260K,153M 911K
128,128-2,76M 984K,102M 645K,128M 306K,153M 967K
128,128-3,77M 11K,102M 681K,128M 352K,154M 22K
128,128-4,77M 39K,102M 718K,128M 398K,154M 77K
128,128-5,77M 66K,102M 755K,128M 444K,154M 132K
128,128-6,77M 94K,102M 792K,128M 490K,154M 187K
128,128-7,77M 122K,102M 829K,128M 536K,154M 243K
128,128-8,77M 149K,102M 865K,128M 582K,154M 298K
128,128-9,77M 177K,102M 902K,128M 628K,154M 353K
128,128-10,77M 205K,102M 939K,128M 674K,154M 409K
128,128-11,77M 232K,102M 976K,128M 720K,154M 464K
128,128-12,77M 260K,103M 13K,128M 766K,154M 519K
128,128-13,77M 288K,103M 50K,128M 812K,154M 575K
128,128-14,77M 315K,103M 87K,128M 858K,154M 630K
128,128-15,77M 343K,103M 124K,128M 905K,154M 685K
128,128-16,77M 371K,103M 161K,128M 951K,154M 741K
128,128-17,77M 398K,103M 198K,128M 997K,154M 796K
128,128-18,77M 426K,103M 235K,129M 43K,154M 852K
128,128-19,77M 454K,103M 272K,129M 89K,154M 907K
128,128-20,77M 482K,103M 309K,129M 136K,154M 963K
128,128-21,77M 509K,103M 346K,129M 182K,155M 18K
128,128-22,77M 537K,103M 383K,129M 228K,155M 74K
128,128-23,77M 565K,103M 420K,129M 275K,155M 129K
128,128-24,77M 593K,103M 457K,129M 321K,155M 185K
128,128-25,77M 621K,103M 494K,129M 367K,155M 241K
128,128-26,77M 648K,103M 531K,129M 414K,155M 296K
128,128-27,77M 676K,103M 568K,129M 460K,155M 352K
128,128-28,77M 704K,103M 605K,129M 506K,155M 408K
128,128-29,77M 732K,103M 642K,129M 553K,155M 463K
128,128-30,77M 760K,103M 679K,129M 599K,155M 519K
129,129-1,77M 788K,103M 717K,129M 646K,155M 575K
129,129-2,77M 815K,103M 754K,129M 692K,155M 630K
129,129-3,77M 843K,103M 791K,129M 739K,155M 686K
129,129-4,77M 871K,103M 828K,129M 785K,155M 742K
129,129-5,77M 899K,103M 865K,129M 832K,155M 798K
129,129-6,77M 927K,103M 903K,129M 878K,155M 854K
129,129-7,77M 955K,103M 940K,129M 925K,155M 909K
129,129-8,77M 983K,103M 977K,129M 971K,155M 965K
129,129-9,78M 11K,104M 14K,130M 18K,156M 21K
129,129-10,78M 39K,104M 52K,130M 64K,156M 77K
129,129-11,78M 67K,104M 89K,130M 111K,156M 133K
129,129-12,78M 95K,104M 126K,130M 158K,156M 189K
129,129-13,78M 123K,104M 164K,130M 204K,156M 245K
129,129-14,78M 151K,104M 201K,130M 251K,156M 301K
129,129-15,78M 179K,104M 238K,130M 298K,156M 357K
129,129-16,78M 207K,104M 276K,130M 344K,156M 413K
129,129-17,78M 235K,104M 313K,130M 391K,156M 469K
129,129-18,78M 263K,104M 350K,130M 438K,156M 525K
129,129-19,78M 291K,104M 388K,130M 484K,156M 581K
129,129-20,78M 319K,104M 425K,130M 531K,156M 637K
129,129-21,78M 347K,104M 463K,130M 578K,156M 694K
129,129-22,78M 375K,104M 500K,130M 625K,156M 750K
129,129-23,78M 403K,104M 537K,130M 672K,156M 806K
129,129-24,78M 431K,104M 575K,130M 718K,156M 862K
129,129-25,78M 459K,104M 612K,130M 765K,156M 918K
129,129-26,78M 487K,104M 650K,130M 812K,156M 974K
129,129-27,78M 516K,104M 687K,130M 859K,157M 31K
129,129-28,78M 544K,104M 725K,130M 906K,157M 87K
129,129-29,78M 572K,104M 762K,130M 953K,157M 143K
129,129-30,78M 600K,104M 800K,131M,157M 200K
130,130-1,78M 628K,104M 837K,131M 47K,157M 256K
130,130-2,78M 656K,104M 875K,131M 94K,157M 312K
130,130-3,78M 685K,104M 913K,131M 141K,157M 369K
130,130-4,78M 713K,104M 950K,131M 188K,157M 425K
130,130-5,78M 741K,104M 988K,131M 235K,157M 482K
130,130-6,78M 769K,105M 25K,131M 282K,157M 538K
130,130-7,78M 797K,105M 63K,131M 329K,157M 594K
130,130-8,78M 826K,105M 101K,131M 376K,157M 651K
130,130-9,78M 854K,105M 138K,131M 423K,157M 707K
130,130-10,78M 882K,105M 176K,131M 470K,157M 764K
130,130-11,78M 910K,105M 214K,131M 517K,157M 820K
130,130-12,78M 939K,105M 251K,131M 564K,157M 877K
130,130-13,78M 967K,105M 289K,131M 611K,157M 934K
130,130-14,78M 995K,105M 327K,131M 659K,157M 990K
130,130-15,79M 24K,105M 365K,131M 706K,158M 47K
130,130-16,79M 52K,105M 402K,131M 753K,158M 103K
130,130-17,79M 80K,105M 440K,131M 800K,158M 160K
130,130-18,79M 109K,105M 478K,131M 847K,158M 217K
130,130-19,79M 137K,105M 516K,131M 895K,158M 273K
130,130-20,79M 165K,105M 554K,131M 942K,158M 330K
130,130-21,79M 194K,105M 591K,131M 989K,158M 387K
130,130-22,79M 222K,105M 629K,132M 36K,158M 444K
130,130-23,79M 250K,105M 667K,132M 84K,158M 500K
130,130-24,79M 279K,105M 705K,132M 131K,158M 557K
130,130-25,79M 307K,105M 743K,132M 178K,158M 614K
130,130-26,79M 336K,105M 781K,132M 226K,158M 671K
130,130-27,79M 364K,105M 819K,132M 273K,158M 728K
130,130-28,79M 393K,105M 857K,132M 321K,158M 785K
130,130-29,79M 421K,105M 895K,132M 368K,158M 842K
130,130-30,79M 449K,105M 932K,132M 415K,158M 898K
131,131-1,79M 478K,105M 970K,132M 463K,158M 955K
131,131-2,79M 506K,106M 8K,132M 510K,159M 12K
131,131-3,79M 535K,106M 46K,132M 558K,159M 69K
131,131-4,79M 563K,106M 84K,132M 605K,159M 126K
131,131-5,79M 592K,106M 122K,132M 653K,159M 183K
131,131-6,79M 620K,106M 160K,132M 700K,159M 240K
131,131-7,79M 649K,106M 198K,132M 748K,159M 297K
131,131-8,79M 678K,106M 237K,132M 796K,159M 355K
131,131-9,79M 706K,106M 275K,132M 843K,159M 412K
131,131-10,79M 735K,106M 313K,132M 891K,159M 469K
131,131-11,79M 763K,106M 351K,132M 938K,159M 526K
131,131-12,79M 792K,106M 389K,132M 986K,159M 583K
131,131-13,79M 820K,106M 427K,133M 34K,159M 640K
131,131-14,79M 849K,106M 465K,133M 81K,159M 697K
131,131-15,79M 878K,106M 503K,133M 129K,159M 755K
131,131-16,79M 906K,106M 541K,133M 177K,159M 812K
131,131-17,79M 935K,106M 580K,133M 224K,159M 869K
131,131-18,79M 964K,106M 618K,133M 272K,159M 927K
131,131-19,79M 992K,106M 656K,133M 320K,159M 984K
131,131-20,80M 21K,106M 694K,133M 368K,160M 41K
131,131-21,80M 49K,106M 732K,133M 415K,160M 98K
131,131-22,80M 78K,106M 771K,133M 463K,160M 156K
131,131-23,80M 107K,106M 809K,133M 511K,160M 213K
131,131-24,80M 136K,106M 847K,133M 559K,160M 271K
131,131-25,80M 164K,106M 886K,133M 607K,160M 328K
131,131-26,80M 193K,106M 924K,133M 655K,160M 386K
131,131-27,80M 222K,106M 962K,133M 703K,160M 443K
131,131-28,80M 251K,107M 1K,133M 751K,160M 501K
131,131-29,80M 279K,107M 39K,133M 798K,160M 558K
131,131-30,80M 308K,107M 77K,133M 846K,160M 616K
132,132-1,80M 337K,107M 116K,133M 894K,160M 673K
132,132-2,80M 366K,107M 154K,133M 942K,160M 731K
132,132-3,80M 394K,107M 192K,133M 990K,160M 788K
132,132-4,80M 423K,107M 231K,134M 38K,160M 846K
132,132-5,80M 452K,107M 269K,134M 86K,160M 904K
132,132-6,80M 481K,107M 308K,134M 134K,160M 961K
132,132-7,80M 510K,107M 346K,134M 183K,161M 19K
132,132-8,80M 539K,107M 385K,134M 231K,161M 77K
132,132-9,80M 567K,107M 423K,134M 279K,161M 134K
132,132-10,80M 596K,107M 462K,134M 327K,161M 192K
132,132-11,80M 625K,107M 500K,134M 375K,161M 250K
132,132-12,80M 654K,107M 539K,134M 423K,161M 308K
132,132-13,80M 683K,107M 577K,134M 471K,161M 365K
132,132-14,80M 712K,107M 616K,134M 519K,161M 423K
132,132-15,80M 741K,107M 654K,134M 568K,161M 481K
132,132-16,80M 770K,107M 693K,134M 616K,161M 539K
132,132-17,80M 799K,107M 731K,134M 664K,161M 597K
132,132-18,80M 828K,107M 770K,134M 712K,161M 655K
132,132-19,80M 857K,107M 809K,134M 761K,161M 713K
132,132-20,80M 886K,107M 847K,134M 809K,161M 771K
132,132-21,80M 915K,107M 886K,134M 857K,161M 829K
132,132-22,80M 944K,107M 925K,134M 906K,161M 887K
132,132-23,80M 973K,107M 963K,134M 954K,161M 945K
132,132-24,81M 2K,108M 2K,135M 2K,162M 3K
132,132-25,81M 31K,108M 41K,135M 51K,162M 61K
132,132-26,81M 60K,108M 79K,135M 99K,162M 119K
132,132-27,81M 89K,108M 118K,135M 147K,162M 177K
132,132-28,81M 118K,108M 157K,135M 196K,162M 235K
132,132-29,81M 147K,108M 196K,135M 244K,162M 293K
132,132-30,81M 176K,108M 234K,135M 293K,162M 351K
133,133-1,81M 205K,108M 273K,135M 341K,162M 409K
133,133-2,81M 234K,108M 312K,135M 390K,162M 468K
133,133-3,81M 263K,108M 351K,135M 438K,162M 526K
133,133-4,81M 292K,108M 390K,135M 487K,162M 584K
133,133-5,81M 321K,108M 428K,135M 535K,162M 642K
133,133-6,81M 351K,108M 467K,135M 584K,162M 701K
133,133-7,81M 380K,108M 506K,135M 633K,162M 759K
133,133-8,81M 409K,108M 545K,135M 681K,162M 817K
133,133-9,81M 438K,108M 584K,135M 730K,162M 876K
133,133-10,81M 467K,108M 623K,135M 778K,162M 934K
133,133-11,81M 496K,108M 662K,135M 827K,162M 992K
133,133-12,81M 526K,108M 701K,135M 876K,163M 51K
133,133-13,81M 555K,108M 740K,135M 924K,163M 109K
133,133-14,81M 584K,108M 779K,135M 973K,163M 168K
133,133-15,81M 613K,108M 818K,136M 22K,163M 226K
133,133-16,81M 643K,108M 857K,136M 71K,163M 285K
133,133-17,81M 672K,108M 896K,136M 119K,163M 343K
133,133-18,81M 701K,108M 935K,136M 168K,163M 402K
133,133-19,81M 730K,108M 974K,136M 217K,163M 460K
133,133-20,81M 760K,109M 13K,136M 266K,163M 519K
133,133-21,81M 789K,109M 52K,136M 315K,163M 577K
133,133-22,81M 818K,109M 91K,136M 363K,163M 636K
133,133-23,81M 848K,109M 130K,136M 412K,163M 695K
133,133-24,81M 877K,109M 169K,136M 461K,163M 753K
133,133-25,81M 906K,109M 208K,136M 510K,163M 812K
133,133-26,81M 936K,109M 247K,136M 559K,163M 871K
133,133-27,81M 965K,109M 286K,136M 608K,163M 929K
133,133-28,81M 994K,109M 326K,136M 657K,163M 988K
133,133-29,82M 24K,109M 365K,136M 706K,164M 47K
133,133-30,82M 53K,109M 404K,136M 755K,164M 106K
134,134-1,82M 83K,109M 443K,136M 804K,164M 165K
134,134-2,82M 112K,109M 482K,136M 853K,164M 223K
134,134-3,82M 141K,109M 522K,136M 902K,164M 282K
134,134-4,82M 171K,109M 561K,136M 951K,164M 341K
134,134-5,82M 200K,109M 600K,137M,164M 400K
134,134-6,82M 230K,109M 639K,137M 49K,164M 459K
134,134-7,82M 259K,109M 679K,137M 98K,164M 518K
134,134-8,82M 289K,109M 718K,137M 147K,164M 577K
134,134-9,82M 318K,109M 757K,137M 196K,164M 636K
134,134-10,82M 347K,109M 796K,137M 245K,164M 694K
134,134-11,82M 377K,109M 836K,137M 295K,164M 753K
134,134-12,82M 406K,109M 875K,137M 344K,164M 812K
134,134-13,82M 436K,109M 914K,137M 393K,164M 871K
134,134-14,82M 465K,109M 954K,137M 442K,164M 930K
134,134-15,82M 495K,109M 993K,137M 491K,164M 990K
134,134-16,82M 525K,110M 33K,137M 541K,165M 49K
134,134-17,82M 554K,110M 72K,137M 590K,165M 108K
134,134-18,82M 584K,110M 111K,137M 639K,165M 167K
134,134-19,82M 613K,110M 151K,137M 688K,165M 226K
134,134-20,82M 643K,110M 190K,137M 738K,165M 285K
134,134-21,82M 672K,110M 230K,137M 787K,165M 344K
134,134-22,82M 702K,110M 269K,137M 836K,165M 403K
134,134-23,82M 732K,110M 309K,137M 886K,165M 463K
134,134-24,82M 761K,110M 348K,137M 935K,165M 522K
134,134-25,82M 791K,110M 388K,137M 984K,165M 581K
134,134-26,82M 821K,110M 427K,138M 34K,165M 641K
134,134-27,82M 850K,110M 467K,138M 83K,165M 700K
134,134-28,82M 880K,110M 506K,138M 133K,165M 759K
134,134-29,82M 909K,110M 546K,138M 182K,165M 818K
134,134-30,82M 939K,110M 585K,138M 232K,165M 878K
135,135-1,82M 969K,110M 625K,138M 281K,165M 937K
135,135-2,82M 999K,110M 665K,138M 331K,165M 997K
135,135-3,83M 28K,110M 704K,138M 380K,166M 56K
135,135-4,83M 58K,110M 744K,138M 430K,166M 116K
135,135-5,83M 88K,110M 784K,138M 479K,166M 175K
135,135-6,83M 118K,110M 823K,138M 529K,166M 235K
135,135-7,83M 147K,110M 863K,138M 579K,166M 294K
135,135-8,83M 177K,110M 903K,138M 628K,166M 354K
135,135-9,83M 207K,110M 942K,138M 678K,166M 413K
135,135-10,83M 237K,110M 982K,138M 728K,166M 473K
135,135-11,83M 267K,111M 22K,138M 777K,166M 533K
135,135-12,83M 296K,111M 62K,138M 827K,166M 592K
135,135-13,83M 326K,111M 102K,138M 877K,166M 652K
135,135-14,83M 356K,111M 141K,138M 927K,166M 712K
135,135-15,83M 386K,111M 181K,138M 976K,166M 772K
135,135-16,83M 416K,111M 221K,139M 26K,166M 831K
135,135-17,83M 446K,111M 261K,139M 76K,166M 891K
135,135-18,83M 476K,111M 301K,139M 126K,166M 951K
135,135-19,83M 506K,111M 341K,139M 176K,167M 11K
135,135-20,83M 536K,111M 381K,139M 226K,167M 71K
135,135-21,83M 565K,111M 420K,139M 275K,167M 130K
135,135-22,83M 595K,111M 460K,139M 325K,167M 190K
135,135-23,83M 625K,111M 500K,139M 375K,167M 250K
135,135-24,83M 655K,111M 540K,139M 425K,167M 310K
135,135-25,83M 685K,111M 580K,139M 475K,167M 370K
135,135-26,83M 715K,111M 620K,139M 525K,167M 430K
135,135-27,83M 745K,111M 660K,139M 575K,167M 490K
135,135-28,83M 775K,111M 700K,139M 625K,167M 550K
135,135-29,83M 805K,111M 740K,139M 675K,167M 610K
135,135-30,83M 835K,111M 780K,139M 725K,167M 670K
136,136-1,83M 865K,111M 820K,139M 775K,167M 730K
136,136-2,83M 895K,111M 860K,139M 825K,167M 790K
136,136-3,83M 926K,111M 901K,139M 876K,167M 851K
136,136-4,83M 956K,111M 941K,139M 926K,167M 911K
136,136-5,83M 986K,111M 981K,139M 976K,167M 971K
136,136-6,84M 16K,112M 21K,140M 26K,168M 31K
136,136-7,84M 46K,112M 61K,140M 76K,168M 91K
136,136-8,84M 76K,112M 101K,140M 126K,168M 152K
136,136-9,84M 106K,112M 141K,140M 177K,168M 212K
136,136-10,84M 136K,112M 182K,140M 227K,168M 272K
136,136-11,84M 166K,112M 222K,140M 277K,168M 332K
136,136-12,84M 197K,112M 262K,140M 327K,168M 393K
136,136-13,84M 227K,112M 302K,140M 378K,168M 453K
136,136-14,84M 257K,112M 342K,140M 428K,168M 513K
136,136-15,84M 287K,112M 383K,140M 478K,168M 574K
136,136-16,84M 317K,112M 423K,140M 529K,168M 634K
136,136-17,84M 348K,112M 463K,140M 579K,168M 695K
136,136-18,84M 378K,112M 504K,140M 629K,168M 755K
136,136-19,84M 408K,112M 544K,140M 680K,168M 816K
136,136-20,84M 438K,112M 584K,140M 730K,168M 876K
136,136-21,84M 469K,112M 625K,140M 781K,168M 937K
136,136-22,84M 499K,112M 665K,140M 831K,168M 997K
136,136-23,84M 529K,112M 705K,140M 882K,169M 58K
136,136-24,84M 559K,112M 746K,140M 932K,169M 118K
136,136-25,84M 590K,112M 786K,140M 983K,169M 179K
136,136-26,84M 620K,112M 827K,141M 33K,169M 240K
136,136-27,84M 650K,112M 867K,141M 84K,169M 300K
136,136-28,84M 681K,112M 907K,141M 134K,169M 361K
136,136-29,84M 711K,112M 948K,141M 185K,169M 422K
136,136-30,84M 741K,112M 988K,141M 235K,169M 482K
137,137-1,84M 772K,113M 29K,141M 286K,169M 543K
137,137-2,84M 802K,113M 69K,141M 337K,169M 604K
137,137-3,84M 833K,113M 110K,141M 387K,169M 665K
137,137-4,84M 863K,113M 150K,141M 438K,169M 725K
137,137-5,84M 893K,113M 191K,141M 489K,169M 786K
137,137-6,84M 924K,113M 231K,141M 539K,169M 847K
137,137-7,84M 954K,113M 272K,141M 590K,169M 908K
137,137-8,84M 985K,113M 313K,141M 641K,169M 969K
137,137-9,85M 15K,113M 353K,141M 691K,170M 30K
137,137-10,85M 46K,113M 394K,141M 742K,170M 91K
137,137-11,85M 76K,113M 435K,141M 793K,170M 152K
137,137-12,85M 107K,113M 475K,141M 844K,170M 213K
137,137-13,85M 137K,113M 516K,141M 895K,170M 274K
137,137-14,85M 168K,113M 557K,141M 946K,170M 335K
137,137-15,85M 198K,113M 597K,141M 996K,170M 396K
137,137-16,85M 229K,113M 638K,142M 47K,170M 457K
137,137-17,85M 259K,113M 679K,142M 98K,170M 518K
137,137-18,85M 290K,113M 719K,142M 149K,170M 579K
137,137-19,85M 320K,113M 760K,142M 200K,170M 640K
137,137-20,85M 351K,113M 801K,142M 251K,170M 701K
137,137-21,85M 381K,113M 842K,142M 302K,170M 762K
137,137-22,85M 412K,113M 882K,142M 353K,170M 823K
137,137-23,85M 443K,113M 923K,142M 404K,170M 885K
137,137-24,85M 473K,113M 964K,142M 455K,170M 946K
137,137-25,85M 504K,114M 5K,142M 506K,171M 7K
137,137-26,85M 534K,114M 46K,142M 557K,171M 68K
137,137-27,85M 565K,114M 87K,142M 608K,171M 130K
137,137-28,85M 596K,114M 128K,142M 659K,171M 191K
137,137-29,85M 626K,114M 168K,142M 710K,171M 252K
137,137-30,85M 657K,114M 209K,142M 762K,171M 314K
138,138-1,85M 688K,114M 250K,142M 813K,171M 375K
138,138-2,85M 719K,114M 291K,142M 864K,171M 437K
138,138-3,85M 749K,114M 332K,142M 915K,171M 498K
138,138-4,85M 780K,114M 373K,142M 966K,171M 559K
138,138-5,85M 810K,114M 413K,143M 16K,171M 619K
138,138-6,85M 840K,114M 453K,143M 66K,171M 679K
138,138-7,85M 870K,114M 493K,143M 116K,171M 740K
138,138-8,85M 900K,114M 533K,143M 166K,171M 800K
138,138-9,85M 930K,114M 573K,143M 216K,171M 860K
138,138-10,85M 960K,114M 613K,143M 267K,171M 920K
138,138-11,85M 990K,114M 653K,143M 317K,171M 980K
138,138-12,86M 20K,114M 694K,143M 367K,172M 40K
138,138-13,86M 50K,114M 734K,143M 417K,172M 100K
138,138-14,86M 80K,114M 774K,143M 467K,172M 160K
138,138-15,86M 111K,114M 814K,143M 517K,172M 221K
138,138-16,86M 141K,114M 854K,143M 567K,172M 281K
138,138-17,86M 171K,114M 894K,143M 618K,172M 341K
138,138-18,86M 201K,114M 934K,143M 668K,172M 401K
138,138-19,86M 231K,114M 975K,143M 718K,172M 462K
138,138-20,86M 261K,115M 15K,143M 768K,172M 522K
138,138-21,86M 291K,115M 55K,143M 819K,172M 582K
138,138-22,86M 322K,115M 95K,143M 869K,172M 643K
138,138-23,86M 352K,115M 136K,143M 919K,172M 703K
138,138-24,86M 382K,115M 176K,143M 970K,172M 763K
138,138-25,86M 412K,115M 216K,144M 20K,172M 824K
138,138-26,86M 442K,115M 256K,144M 70K,172M 884K
138,138-27,86M 473K,115M 297K,144M 121K,172M 945K
138,138-28,86M 503K,115M 337K,144M 171K,173M 5K
138,138-29,86M 533K,115M 377K,144M 222K,173M 66K
138,138-30,86M 563K,115M 418K,144M 272K,173M 126K
139,139-1,86M 594K,115M 458K,144M 322K,173M 187K
139,139-2,86M 624K,115M 498K,144M 373K,173M 247K
139,139-3,86M 654K,115M 539K,144M 423K,173M 308K
139,139-4,86M 685K,115M 579K,144M 474K,173M 369K
139,139-5,86M 715K,115M 620K,144M 524K,173M 429K
139,139-6,86M 745K,115M 660K,144M 575K,173M 490K
139,139-7,86M 775K,115M 700K,144M 625K,173M 550K
139,139-8,86M 806K,115M 741K,144M 676K,173M 611K
139,139-9,86M 836K,115M 781K,144M 727K,173M 672K
139,139-10,86M 867K,115M 822K,144M 777K,173M 733K
139,139-11,86M 897K,115M 862K,144M 828K,173M 793K
139,139-12,86M 927K,115M 903K,144M 879K,173M 854K
139,139-13,86M 958K,115M 943K,144M 929K,173M 915K
139,139-14,86M 988K,115M 984K,144M 980K,173M 976K
139,139-15,87M 19K,116M 25K,145M 31K,174M 37K
139,139-16,87M 49K,116M 65K,145M 81K,174M 97K
139,139-17,87M 79K,116M 106K,145M 132K,174M 158K
139,139-18,87M 110K,116M 146K,145M 183K,174M 219K
139,139-19,87M 140K,116M 187K,145M 234K,174M 280K
139,139-20,87M 171K,116M 228K,145M 284K,174M 341K
139,139-21,87M 201K,116M 268K,145M 335K,174M 402K
139,139-22,87M 232K,116M 309K,145M 386K,174M 463K
139,139-23,87M 262K,116M 350K,145M 437K,174M 524K
139,139-24,87M 293K,116M 390K,145M 488K,174M 585K
139,139-25,87M 323K,116M 431K,145M 539K,174M 646K
139,139-26,87M 354K,116M 472K,145M 589K,174M 707K
139,139-27,87M 384K,116M 512K,145M 640K,174M 768K
139,139-28,87M 415K,116M 553K,145M 691K,174M 829K
139,139-29,87M 446K,116M 594K,145M 742K,174M 891K
139,139-30,87M 476K,116M 635K,145M 793K,174M 952K
140,140-1,87M 507K,116M 675K,145M 844K,175M 13K
140,140-2,87M 537K,116M 716K,145M 895K,175M 74K
140,140-3,87M 568K,116M 757K,145M 946K,175M 135K
140,140-4,87M 599K,116M 798K,145M 997K,175M 197K
140,140-5,87M 629K,116M 839K,146M 48K,175M 258K
140,140-6,87M 660K,116M 880K,146M 99K,175M 319K
140,140-7,87M 691K,116M 921K,146M 151K,175M 381K
140,140-8,87M 721K,116M 961K,146M 202K,175M 442K
140,140-9,87M 752K,117M 2K,146M 253K,175M 503K
140,140-10,87M 783K,117M 43K,146M 304K,175M 565K
140,140-11,87M 813K,117M 84K,146M 355K,175M 626K
140,140-12,87M 844K,117M 125K,146M 406K,175M 687K
140,140-13,87M 875K,117M 166K,146M 457K,175M 749K
140,140-14,87M 905K,117M 207K,146M 509K,175M 810K
140,140-15,87M 936K,117M 248K,146M 560K,175M 872K
140,140-16,87M 967K,117M 289K,146M 611K,175M 933K
140,140-17,87M 998K,117M 330K,146M 662K,175M 995K
140,140-18,88M 28K,117M 371K,146M 714K,176M 56K
140,140-19,88M 59K,117M 412K,146M 765K,176M 118K
140,140-20,88M 90K,117M 453K,146M 816K,176M 180K
140,140-21,88M 121K,117M 494K,146M 868K,176M 241K
140,140-22,88M 152K,117M 535K,146M 919K,176M 303K
140,140-23,88M 182K,117M 576K,146M 970K,176M 364K
140,140-24,88M 213K,117M 618K,147M 22K,176M 426K
140,140-25,88M 244K,117M 659K,147M 73K,176M 488K
140,140-26,88M 275K,117M 700K,147M 125K,176M 550K
140,140-27,88M 306K,117M 741K,147M 176K,176M 611K
140,140-28,88M 337K,117M 782K,147M 228K,176M 673K
140,140-29,88M 368K,117M 823K,147M 279K,176M 735K
140,140-30,88M 399K,117M 865K,147M 331K,176M 797K
141,141-1,88M 429K,117M 906K,147M 382K,176M 858K
141,141-2,88M 460K,117M 947K,147M 434K,176M 920K
141,141-3,88M 491K,117M 988K,147M 485K,176M 982K
141,141-4,88M 522K,118M 30K,147M 537K,177M 44K
141,141-5,88M 553K,118M 71K,147M 588K,177M 106K
141,141-6,88M 584K,118M 112K,147M 640K,177M 168K
141,141-7,88M 615K,118M 153K,147M 692K,177M 230K
141,141-8,88M 646K,118M 195K,147M 743K,177M 292K
141,141-9,88M 677K,118M 236K,147M 795K,177M 354K
141,141-10,88M 708K,118M 277K,147M 847K,177M 416K
141,141-11,88M 739K,118M 319K,147M 898K,177M 478K
141,141-12,88M 770K,118M 360K,147M 950K,177M 540K
141,141-13,88M 801K,118M 402K,148M 2K,177M 602K
141,141-14,88M 832K,118M 443K,148M 54K,177M 664K
141,141-15,88M 863K,118M 484K,148M 105K,177M 726K
141,141-16,88M 894K,118M 526K,148M 157K,177M 788K
141,141-17,88M 926K,118M 567K,148M 209K,177M 851K
141,141-18,88M 957K,118M 609K,148M 261K,177M 913K
141,141-19,88M 988K,118M 650K,148M 313K,177M 975K
141,141-20,89M 19K,118M 692K,148M 364K,178M 37K
141,141-21,89M 50K,118M 733K,148M 416K,178M 100K
141,141-22,89M 81K,118M 775K,148M 468K,178M 162K
141,141-23,89M 112K,118M 816K,148M 520K,178M 224K
141,141-24,89M 143K,118M 858K,148M 572K,178M 286K
141,141-25,89M 175K,118M 899K,148M 624K,178M 349K
141,141-26,89M 206K,118M 941K,148M 676K,178M 411K
141,141-27,89M 237K,118M 983K,148M 728K,178M 474K
141,141-28,89M 268K,119M 24K,148M 780K,178M 536K
141,141-29,89M 299K,119M 66K,148M 832K,178M 598K
141,141-30,89M 331K,119M 107K,148M 884K,178M 661K
142,142-1,89M 362K,119M 149K,148M 936K,178M 723K
142,142-2,89M 393K,119M 191K,148M 988K,178M 786K
142,142-3,89M 424K,119M 232K,149M 40K,178M 848K
142,142-4,89M 456K,119M 274K,149M 93K,178M 911K
142,142-5,89M 487K,119M 316K,149M 145K,178M 974K
142,142-6,89M 518K,119M 358K,149M 197K,179M 36K
142,142-7,89M 550K,119M 399K,149M 249K,179M 99K
142,142-8,89M 581K,119M 441K,149M 301K,179M 161K
142,142-9,89M 612K,119M 483K,149M 353K,179M 224K
142,142-10,89M 644K,119M 525K,149M 406K,179M 287K
142,142-11,89M 675K,119M 566K,149M 458K,179M 349K
142,142-12,89M 706K,119M 608K,149M 510K,179M 412K
142,142-13,89M 738K,119M 650K,149M 562K,179M 475K
142,142-14,89M 769K,119M 692K,149M 615K,179M 538K
142,142-15,89M 800K,119M 734K,149M 667K,179M 600K
142,142-16,89M 832K,119M 776K,149M 719K,179M 663K
142,142-17,89M 863K,119M 818K,149M 772K,179M 726K
142,142-18,89M 895K,119M 859K,149M 824K,179M 789K
142,142-19,89M 926K,119M 901K,149M 877K,179M 852K
142,142-20,89M 958K,119M 943K,149M 929K,179M 915K
142,142-21,89M 989K,119M 985K,149M 981K,179M 978K
142,142-22,90M 20K,120M 27K,150M 34K,180M 40K
142,142-23,90M 52K,120M 69K,150M 86K,180M 103K
142,142-24,90M 83K,120M 111K,150M 139K,180M 166K
142,142-25,90M 115K,120M 153K,150M 191K,180M 229K
142,142-26,90M 146K,120M 195K,150M 244K,180M 292K
142,142-27,90M 178K,120M 237K,150M 296K,180M 356K
142,142-28,90M 210K,120M 279K,150M 349K,180M 419K
142,142-29,90M 241K,120M 321K,150M 401K,180M 482K
142,142-30,90M 273K,120M 363K,150M 454K,180M 545K
143,143-1,90M 304K,120M 405K,150M 507K,180M 608K
143,143-2,90M 336K,120M 448K,150M 559K,180M 671K
143,143-3,90M 367K,120M 490K,150M 612K,180M 734K
143,143-4,90M 399K,120M 532K,150M 665K,180M 798K
143,143-5,90M 431K,120M 574K,150M 717K,180M 861K
143,143-6,90M 462K,120M 616K,150M 770K,180M 924K
143,143-7,90M 494K,120M 658K,150M 823K,180M 987K
143,143-8,90M 526K,120M 701K,150M 876K,181M 51K
143,143-9,90M 557K,120M 743K,150M 928K,181M 114K
143,143-10,90M 589K,120M 785K,150M 981K,181M 177K
143,143-11,90M 621K,120M 827K,151M 34K,181M 241K
143,143-12,90M 652K,120M 869K,151M 87K,181M 304K
143,143-13,90M 684K,120M 912K,151M 140K,181M 367K
143,143-14,90M 716K,120M 954K,151M 192K,181M 431K
143,143-15,90M 747K,120M 996K,151M 245K,181M 494K
143,143-16,90M 779K,121M 39K,151M 298K,181M 558K
143,143-17,90M 811K,121M 81K,151M 351K,181M 621K
143,143-18,90M 843K,121M 123K,151M 404K,181M 685K
143,143-19,90M 874K,121M 166K,151M 457K,181M 748K
143,143-20,90M 906K,121M 208K,151M 510K,181M 812K
143,143-21,90M 938K,121M 250K,151M 563K,181M 875K
143,143-22,90M 970K,121M 293K,151M 616K,181M 939K
143,143-23,91M 2K,121M 335K,151M 669K,182M 3K
143,143-24,91M 33K,121M 378K,151M 722K,182M 66K
143,143-25,91M 65K,121M 420K,151M 775K,182M 130K
143,143-26,91M 97K,121M 463K,151M 828K,182M 194K
143,143-27,91M 129K,121M 505K,151M 881K,182M 257K
143,143-28,91M 161K,121M 548K,151M 934K,182M 321K
143,143-29,91M 193K,121M 590K,151M 987K,182M 385K
143,143-30,91M 225K,121M 633K,152M 41K,182M 449K
144,144-1,91M 256K,121M 675K,152M 94K,182M 512K
144,144-2,91M 288K,121M 718K,152M 147K,182M 576K
144,144-3,91M 320K,121M 760K,152M 200K,182M 640K
144,144-4,91M 352K,121M 803K,152M 253K,182M 704K
144,144-5,91M 384K,121M 845K,152M 307K,182M 768K
144,144-6,91M 416K,121M 888K,152M 360K,182M 832K
144,144-7,91M 448K,121M 931K,152M 413K,182M 896K
144,144-8,91M 480K,121M 973K,152M 466K,182M 960K
144,144-9,91M 512K,122M 16K,152M 520K,183M 24K
144,144-10,91M 544K,122M 59K,152M 573K,183M 88K
144,144-11,91M 576K,122M 101K,152M 626K,183M 152K
144,144-12,91M 608K,122M 144K,152M 680K,183M 216K
144,144-13,91M 640K,122M 187K,152M 733K,183M 280K
144,144-14,91M 672K,122M 229K,152M 787K,183M 344K
144,144-15,91M 704K,122M 272K,152M 840K,183M 408K
144,144-16,91M 736K,122M 315K,152M 894K,183M 472K
144,144-17,91M 768K,122M 358K,152M 947K,183M 536K
144,144-18,91M 801K,122M 401K,153M 1K,183M 601K
144,144-19,91M 833K,122M 443K,153M 54K,183M 665K
144,144-20,91M 865K,122M 486K,153M 108K,183M 729K
144,144-21,91M 897K,122M 529K,153M 161K,183M 793K
144,144-22,91M 929K,122M 572K,153M 215K,183M 857K
144,144-23,91M 961K,122M 615K,153M 268K,183M 922K
144,144-24,91M 993K,122M 658K,153M 322K,183M 986K
144,144-25,92M 25K,122M 700K,153M 375K,184M 50K
144,144-26,92M 58K,122M 743K,153M 429K,184M 115K
144,144-27,92M 90K,122M 786K,153M 483K,184M 179K
144,144-28,92M 122K,122M 829K,153M 536K,184M 244K
144,144-29,92M 154K,122M 872K,153M 590K,184M 308K
144,144-30,92M 186K,122M 915K,153M 644K,184M 372K
145,145-1,92M 219K,122M 958K,153M 698K,184M 437K
145,145-2,92M 251K,123M 1K,153M 751K,184M 501K
145,145-3,92M 283K,123M 44K,153M 805K,184M 566K
145,145-4,92M 316K,123M 87K,153M 859K,184M 631K
145,145-5,92M 348K,123M 130K,153M 913K,184M 695K
145,145-6,92M 380K,123M 173K,153M 966K,184M 760K
145,145-7,92M 412K,123M 216K,154M 20K,184M 824K
145,145-8,92M 445K,123M 259K,154M 74K,184M 889K
145,145-9,92M 477K,123M 303K,154M 128K,184M 954K
145,145-10,92M 509K,123M 346K,154M 182K,185M 18K
145,145-11,92M 542K,123M 389K,154M 236K,185M 83K
145,145-12,92M 574K,123M 432K,154M 290K,185M 148K
145,145-13,92M 606K,123M 475K,154M 344K,185M 212K
145,145-14,92M 639K,123M 518K,154M 398K,185M 277K
145,145-15,92M 671K,123M 562K,154M 452K,185M 342K
145,145-16,92M 704K,123M 605K,154M 506K,185M 407K
145,145-17,92M 736K,123M 648K,154M 560K,185M 472K
145,145-18,92M 769K,123M 691K,154M 614K,185M 537K
145,145-19,92M 801K,123M 734K,154M 668K,185M 601K
145,145-20,92M 833K,123M 778K,154M 722K,185M 666K
145,145-21,92M 866K,123M 821K,154M 776K,185M 731K
145,145-22,92M 898K,123M 864K,154M 830K,185M 796K
145,145-23,92M 931K,123M 908K,154M 884K,185M 861K
145,145-24,92M 963K,123M 951K,154M 939K,185M 926K
145,145-25,92M 996K,123M 994K,154M 993K,185M 991K
145,145-26,93M 28K,124M 38K,155M 47K,186M 56K
145,145-27,93M 61K,124M 81K,155M 101K,186M 121K
145,145-28,93M 93K,124M 124K,155M 155K,186M 186K
145,145-29,93M 126K,124M 168K,155M 210K,186M 252K
145,145-30,93M 159K,124M 211K,155M 264K,186M 317K
146,146-1,93M 191K,124M 255K,155M 318K,186M 382K
146,146-2,93M 224K,124M 298K,155M 373K,186M 447K
146,146-3,93M 256K,124M 342K,155M 427K,186M 512K
146,146-4,93M 289K,124M 385K,155M 481K,186M 577K
146,146-5,93M 322K,124M 429K,155M 536K,186M 643K
146,146-6,93M 354K,124M 472K,155M 590K,186M 708K
146,146-7,93M 387K,124M 516K,155M 644K,186M 773K
146,146-8,93M 420K,124M 559K,155M 699K,186M 839K
146,146-9,93M 452K,124M 603K,155M 753K,186M 904K
146,146-10,93M 485K,124M 646K,155M 808K,186M 969K
146,146-11,93M 518K,124M 690K,155M 862K,187M 35K
146,146-12,93M 550K,124M 734K,155M 917K,187M 100K
146,146-13,93M 583K,124M 777K,155M 971K,187M 166K
146,146-14,93M 616K,124M 821K,156M 26K,187M 231K
146,146-15,93M 648K,124M 864K,156M 80K,187M 296K
146,146-16,93M 681K,124M 908K,156M 135K,187M 362K
146,146-17,93M 714K,124M 952K,156M 190K,187M 427K
146,146-18,93M 747K,124M 996K,156M 244K,187M 493K
146,146-19,93M 780K,125M 39K,156M 299K,187M 559K
146,146-20,93M 812K,125M 83K,156M 354K,187M 624K
146,146-21,93M 845K,125M 127K,156M 408K,187M 690K
146,146-22,93M 878K,125M 170K,156M 463K,187M 755K
146,146-23,93M 911K,125M 214K,156M 518K,187M 821K
146,146-24,93M 944K,125M 258K,156M 572K,187M 887K
146,146-25,93M 976K,125M 302K,156M 627K,187M 952K
146,146-26,94M 9K,125M 346K,156M 682K,188M 18K
146,146-27,94M 42K,125M 389K,156M 737K,188M 84K
146,146-28,94M 75K,125M 433K,156M 792K,188M 150K
146,146-29,94M 108K,125M 477K,156M 846K,188M 216K
146,146-30,94M 141K,125M 521K,156M 901K,188M 281K
147,147-1,94M 174K,125M 565K,156M 956K,188M 347K
147,147-2,94M 207K,125M 609K,157M 11K,188M 413K
147,147-3,94M 240K,125M 653K,157M 66K,188M 479K
147,147-4,94M 273K,125M 697K,157M 121K,188M 545K
147,147-5,94M 306K,125M 741K,157M 176K,188M 611K
147,147-6,94M 339K,125M 785K,157M 231K,188M 677K
147,147-7,94M 372K,125M 829K,157M 286K,188M 743K
147,147-8,94M 405K,125M 873K,157M 341K,188M 809K
147,147-9,94M 438K,125M 917K,157M 396K,188M 875K
147,147-10,94M 471K,125M 961K,157M 451K,188M 941K
147,147-11,94M 504K,126M 5K,157M 506K,189M 7K
147,147-12,94M 537K,126M 49K,157M 561K,189M 73K
147,147-13,94M 570K,126M 93K,157M 616K,189M 139K
147,147-14,94M 603K,126M 137K,157M 671K,189M 205K
147,147-15,94M 636K,126M 181K,157M 726K,189M 271K
147,147-16,94M 669K,126M 225K,157M 781K,189M 338K
147,147-17,94M 702K,126M 269K,157M 837K,189M 404K
147,147-18,94M 735K,126M 314K,157M 892K,189M 470K
147,147-19,94M 768K,126M 358K,157M 947K,189M 536K
147,147-20,94M 802K,126M 402K,158M 2K,189M 603K
147,147-21,94M 835K,126M 446K,158M 58K,189M 669K
147,147-22,94M 868K,126M 490K,158M 113K,189M 735K
147,147-23,94M 901K,126M 535K,158M 168K,189M 802K
147,147-24,94M 934K,126M 579K,158M 223K,189M 868K
147,147-25,94M 967K,126M 623K,158M 279K,189M 934K
147,147-26,95M 1K,126M 667K,158M 334K,190M 1K
147,147-27,95M 34K,126M 712K,158M 389K,190M 67K
147,147-28,95M 67K,126M 756K,158M 445K,190M 134K
147,147-29,95M 100K,126M 800K,158M 500K,190M 200K
147,147-30,95M 134K,126M 845K,158M 556K,190M 267K
148,148-1,95M 167K,126M 889K,158M 611K,190M 333K
148,148-2,95M 200K,126M 933K,158M 667K,190M 400K
148,148-3,95M 233K,126M 978K,158M 722K,190M 466K
148,148-4,95M 267K,127M 22K,158M 778K,190M 533K
148,148-5,95M 300K,127M 67K,158M 833K,190M 600K
148,148-6,95M 333K,127M 111K,158M 889K,190M 666K
148,148-7,95M 367K,127M 155K,158M 944K,190M 733K
148,148-8,95M 400K,127M 200K,159M,190M 800K
148,148-9,95M 433K,127M 244K,159M 55K,190M 866K
148,148-10,95M 467K,127M 289K,159M 111K,190M 933K
148,148-11,95M 500K,127M 333K,159M 167K,191M
148,148-12,95M 534K,127M 378K,159M 222K,191M 67K
148,148-13,95M 567K,127M 423K,159M 278K,191M 134K
148,148-14,95M 600K,127M 467K,159M 334K,191M 200K
148,148-15,95M 634K,127M 512K,159M 389K,191M 267K
148,148-16,95M 667K,127M 556K,159M 445K,191M 334K
148,148-17,95M 701K,127M 601K,159M 501K,191M 401K
148,148-18,95M 734K,127M 645K,159M 557K,191M 468K
148,148-19,95M 768K,127M 690K,159M 613K,191M 535K
148,148-20,95M 801K,127M 735K,159M 668K,191M 602K
148,148-21,95M 835K,127M 779K,159M 724K,191M 669K
148,148-22,95M 868K,127M 824K,159M 780K,191M 736K
148,148-23,95M 902K,127M 869K,159M 836K,191M 803K
148,148-24,95M 935K,127M 914K,159M 892K,191M 870K
148,148-25,95M 969K,127M 958K,159M 948K,191M 937K
148,148-26,96M 2K,128M 3K,160M 4K,192M 4K
148,148-27,96M 36K,128M 48K,160M 60K,192M 71K
148,148-28,96M 70K,128M 93K,160M 116K,192M 139K
148,148-29,96M 103K,128M 137K,160M 172K,192M 206K
148,148-30,96M 137K,128M 182K,160M 228K,192M 273K
149,149-1,96M 170K,128M 227K,160M 284K,192M 340K
149,149-2,96M 204K,128M 272K,160M 340K,192M 408K
149,149-3,96M 238K,128M 317K,160M 396K,192M 475K
149,149-4,96M 271K,128M 362K,160M 452K,192M 542K
149,149-5,96M 305K,128M 406K,160M 508K,192M 609K
149,149-6,96M 339K,128M 451K,160M 564K,192M 677K
149,149-7,96M 372K,128M 496K,160M 620K,192M 744K
149,149-8,96M 406K,128M 541K,160M 676K,192M 812K
149,149-9,96M 440K,128M 586K,160M 733K,192M 879K
149,149-10,96M 473K,128M 631K,160M 789K,192M 946K
149,149-11,96M 507K,128M 676K,160M 845K,193M 14K
149,149-12,96M 541K,128M 721K,160M 901K,193M 81K
149,149-13,96M 575K,128M 766K,160M 958K,193M 149K
149,149-14,96M 609K,128M 811K,161M 14K,193M 217K
149,149-15,96M 642K,128M 856K,161M 70K,193M 284K
149,149-16,96M 676K,128M 901K,161M 127K,193M 352K
149,149-17,96M 710K,128M 946K,161M 183K,193M 419K
149,149-18,96M 744K,128M 991K,161M 239K,193M 487K
149,149-19,96M 778K,129M 37K,161M 296K,193M 555K
149,149-20,96M 811K,129M 82K,161M 352K,193M 622K
149,149-21,96M 845K,129M 127K,161M 408K,193M 690K
149,149-22,96M 879K,129M 172K,161M 465K,193M 758K
149,149-23,96M 913K,129M 217K,161M 521K,193M 826K
149,149-24,96M 947K,129M 262K,161M 578K,193M 893K
149,149-25,96M 981K,129M 308K,161M 634K,193M 961K
149,149-26,97M 15K,129M 353K,161M 691K,194M 29K
149,149-27,97M 49K,129M 398K,161M 747K,194M 97K
149,149-28,97M 83K,129M 443K,161M 804K,194M 165K
149,149-29,97M 117K,129M 489K,161M 861K,194M 233K
149,149-30,97M 151K,129M 534K,161M 917K,194M 301K
150,150-1,97M 184K,129M 579K,161M 974K,194M 368K
150,150-2,97M 218K,129M 624K,162M 30K,194M 436K
150,150-3,97M 252K,129M 670K,162M 87K,194M 504K
150,150-4,97M 286K,129M 715K,162M 144K,194M 572K
150,150-5,97M 320K,129M 760K,162M 200K,194M 640K
150,150-6,97M 355K,129M 806K,162M 257K,194M 709K
150,150-7,97M 389K,129M 851K,162M 314K,194M 777K
150,150-8,97M 423K,129M 897K,162M 371K,194M 845K
150,150-9,97M 457K,129M 942K,162M 428K,194M 913K
150,150-10,97M 491K,129M 988K,162M 484K,194M 981K
150,150-11,97M 525K,130M 33K,162M 541K,195M 49K
150,150-12,97M 559K,130M 78K,162M 598K,195M 117K
150,150-13,97M 593K,130M 124K,162M 655K,195M 186K
150,150-14,97M 627K,130M 169K,162M 712K,195M 254K
150,150-15,97M 661K,130M 215K,162M 769K,195M 322K
150,150-16,97M 696K,130M 261K,162M 826K,195M 391K
150,150-17,97M 730K,130M 306K,162M 882K,195M 459K
150,150-18,97M 764K,130M 352K,162M 939K,195M 527K
150,150-19,97M 798K,130M 397K,162M 996K,195M 596K
150,150-20,97M 832K,130M 443K,163M 53K,195M 664K
150,150-21,97M 866K,130M 488K,163M 110K,195M 732K
150,150-22,97M 901K,130M 534K,163M 167K,195M 801K
150,150-23,97M 935K,130M 580K,163M 225K,195M 869K
150,150-24,97M 969K,130M 625K,163M 282K,195M 938K
150,150-25,98M 3K,130M 671K,163M 339K,196M 6K
150,150-26,98M 38K,130M 717K,163M 396K,196M 75K
150,150-27,98M 72K,130M 762K,163M 453K,196M 143K
150,150-28,98M 106K,130M 808K,163M 510K,196M 212K
150,150-29,98M 141K,130M 854K,163M 567K,196M 281K
150,150-30,98M 175K,130M 900K,163M 625K,196M 349K
151,151-1,98M 209K,130M 946K,163M 682K,196M 418K
151,151-2,98M 244K,130M 991K,163M 739K,196M 487K
151,151-3,98M 278K,131M 37K,163M 796K,196M 555K
151,151-4,98M 312K,131M 83K,163M 854K,196M 624K
151,151-5,98M 347K,131M 129K,163M 911K,196M 693K
151,151-6,98M 381K,131M 175K,163M 968K,196M 762K
151,151-7,98M 415K,131M 220K,164M 25K,196M 830K
151,151-8,98M 450K,131M 266K,164M 83K,196M 899K
151,151-9,98M 484K,131M 312K,164M 140K,196M 968K
151,151-10,98M 519K,131M 358K,164M 197K,197M 37K
151,151-11,98M 553K,131M 404K,164M 255K,197M 105K
151,151-12,98M 587K,131M 450K,164M 312K,197M 174K
151,151-13,98M 622K,131M 496K,164M 369K,197M 243K
151,151-14,98M 656K,131M 541K,164M 427K,197M 312K
151,151-15,98M 691K,131M 587K,164M 484K,197M 381K
151,151-16,98M 725K,131M 633K,164M 542K,197M 450K
151,151-17,98M 760K,131M 679K,164M 599K,197M 519K
151,151-18,98M 794K,131M 725K,164M 657K,197M 588K
151,151-19,98M 829K,131M 771K,164M 714K,197M 657K
151,151-20,98M 863K,131M 817K,164M 772K,197M 726K
151,151-21,98M 898K,131M 863K,164M 829K,197M 795K
151,151-22,98M 932K,131M 909K,164M 887K,197M 864K
151,151-23,98M 967K,131M 956K,164M 944K,197M 933K
151,151-24,99M 1K,132M 2K,165M 2K,198M 2K
151,151-25,99M 36K,132M 48K,165M 60K,198M 71K
151,151-26,99M 71K,132M 94K,165M 117K,198M 141K
151,151-27,99M 105K,132M 140K,165M 175K,198M 210K
151,151-28,99M 140K,132M 186K,165M 233K,198M 279K
151,151-29,99M 174K,132M 232K,165M 290K,198M 348K
151,151-30,99M 209K,132M 278K,165M 348K,198M 417K
152,152-1,99M 244K,132M 325K,165M 406K,198M 487K
152,152-2,99M 278K,132M 371K,165M 463K,198M 556K
152,152-3,99M 313K,132M 417K,165M 521K,198M 625K
152,152-4,99M 348K,132M 463K,165M 579K,198M 695K
152,152-5,99M 382K,132M 510K,165M 637K,198M 764K
152,152-6,99M 417K,132M 556K,165M 695K,198M 834K
152,152-7,99M 452K,132M 602K,165M 753K,198M 903K
152,152-8,99M 487K,132M 649K,165M 811K,198M 973K
152,152-9,99M 521K,132M 695K,165M 869K,199M 42K
152,152-10,99M 556K,132M 742K,165M 927K,199M 112K
152,152-11,99M 591K,132M 788K,165M 985K,199M 182K
152,152-12,99M 626K,132M 834K,166M 43K,199M 251K
152,152-13,99M 661K,132M 881K,166M 101K,199M 321K
152,152-14,99M 696K,132M 927K,166M 159K,199M 391K
152,152-15,99M 731K,132M 974K,166M 217K,199M 461K
152,152-16,99M 765K,133M 20K,166M 275K,199M 530K
152,152-17,99M 800K,133M 67K,166M 333K,199M 600K
152,152-18,99M 835K,133M 113K,166M 392K,199M 670K
152,152-19,99M 870K,133M 160K,166M 450K,199M 740K
152,152-20,99M 905K,133M 207K,166M 508K,199M 810K
152,152-21,99M 940K,133M 253K,166M 566K,199M 879K
152,152-22,99M 975K,133M 300K,166M 624K,199M 949K
152,152-23,100M 10K,133M 346K,166M 683K,200M 19K
152,152-24,100M 45K,133M 393K,166M 741K,200M 89K
152,152-25,100M 80K,133M 440K,166M 799K,200M 159K
152,152-26,100M 115K,133M 486K,166M 858K,200M 229K
152,152-27,100M 150K,133M 533K,166M 916K,200M 299K
152,152-28,100M 185K,133M 580K,166M 974K,200M 369K
152,152-29,100M 220K,133M 626K,167M 33K,200M 439K
152,152-30,100M 255K,133M 673K,167M 91K,200M 509K
153,153-1,100M 290K,133M 720K,167M 150K,200M 579K
153,153-2,100M 325K,133M 767K,167M 208K,200M 650K
153,153-3,100M 360K,133M 813K,167M 267K,200M 720K
153,153-4,100M 395K,133M 860K,167M 325K,200M 790K
153,153-5,100M 430K,133M 907K,167M 384K,200M 860K
153,153-6,100M 465K,133M 954K,167M 442K,200M 930K
153,153-7,100M 501K,134M 1K,167M 501K,201M 1K
153,153-8,100M 536K,134M 48K,167M 559K,201M 71K
153,153-9,100M 571K,134M 94K,167M 618K,201M 141K
153,153-10,100M 606K,134M 141K,167M 676K,201M 212K
153,153-11,100M 641K,134M 188K,167M 735K,201M 282K
153,153-12,100M 676K,134M 235K,167M 794K,201M 352K
153,153-13,100M 712K,134M 282K,167M 852K,201M 423K
153,153-14,100M 747K,134M 329K,167M 911K,201M 493K
153,153-15,100M 782K,134M 376K,167M 970K,201M 564K
153,153-16,100M 817K,134M 423K,168M 29K,201M 634K
153,153-17,100M 853K,134M 470K,168M 87K,201M 705K
153,153-18,100M 888K,134M 517K,168M 146K,201M 775K
153,153-19,100M 923K,134M 564K,168M 205K,201M 846K
153,153-20,100M 958K,134M 611K,168M 264K,201M 916K
153,153-21,100M 994K,134M 658K,168M 323K,201M 987K
153,153-22,101M 29K,134M 705K,168M 382K,202M 58K
153,153-23,101M 64K,134M 752K,168M 440K,202M 128K
153,153-24,101M 100K,134M 800K,168M 499K,202M 199K
153,153-25,101M 135K,134M 847K,168M 558K,202M 270K
153,153-26,101M 170K,134M 894K,168M 617K,202M 340K
153,153-27,101M 206K,134M 941K,168M 676K,202M 411K
153,153-28,101M 241K,134M 988K,168M 735K,202M 482K
153,153-29,101M 277K,135M 35K,168M 794K,202M 553K
153,153-30,101M 312K,135M 83K,168M 853K,202M 624K
154,154-1,101M 348K,135M 130K,168M 912K,202M 695K
154,154-2,101M 383K,135M 177K,168M 971K,202M 765K
154,154-3,101M 418K,135M 224K,169M 30K,202M 836K
154,154-4,101M 454K,135M 272K,169M 89K,202M 907K
154,154-5,101M 489K,135M 319K,169M 149K,202M 978K
154,154-6,101M 525K,135M 366K,169M 208K,203M 49K
154,154-7,101M 560K,135M 414K,169M 267K,203M 120K
154,154-8,101M 596K,135M 461K,169M 326K,203M 191K
154,154-9,101M 631K,135M 508K,169M 385K,203M 262K
154,154-10,101M 667K,135M 556K,169M 445K,203M 333K
154,154-11,101M 703K,135M 603K,169M 504K,203M 405K
154,154-12,101M 738K,135M 651K,169M 563K,203M 476K
154,154-13,101M 774K,135M 698K,169M 622K,203M 547K
154,154-14,101M 809K,135M 745K,169M 682K,203M 618K
154,154-15,101M 845K,135M 793K,169M 741K,203M 689K
154,154-16,101M 880K,135M 840K,169M 800K,203M 760K
154,154-17,101M 916K,135M 888K,169M 860K,203M 832K
154,154-18,101M 952K,135M 935K,169M 919K,203M 903K
154,154-19,101M 987K,135M 983K,169M 979K,203M 974K
154,154-20,102M 23K,136M 31K,170M 38K,204M 46K
154,154-21,102M 59K,136M 78K,170M 98K,204M 117K
154,154-22,102M 94K,136M 126K,170M 157K,204M 188K
154,154-23,102M 130K,136M 173K,170M 217K,204M 260K
154,154-24,102M 166K,136M 221K,170M 276K,204M 331K
154,154-25,102M 202K,136M 269K,170M 336K,204M 403K
154,154-26,102M 237K,136M 316K,170M 395K,204M 474K
154,154-27,102M 273K,136M 364K,170M 455K,204M 546K
154,154-28,102M 309K,136M 412K,170M 514K,204M 617K
154,154-29,102M 345K,136M 459K,170M 574K,204M 689K
154,154-30,102M 380K,136M 507K,170M 634K,204M 760K
155,155-1,102M 416K,136M 555K,170M 693K,204M 832K
155,155-2,102M 452K,136M 603K,170M 753K,204M 904K
155,155-3,102M 488K,136M 650K,170M 813K,204M 975K
155,155-4,102M 524K,136M 698K,170M 872K,205M 47K
155,155-5,102M 560K,136M 746K,170M 932K,205M 119K
155,155-6,102M 595K,136M 794K,170M 992K,205M 190K
155,155-7,102M 631K,136M 842K,171M 52K,205M 262K
155,155-8,102M 667K,136M 889K,171M 112K,205M 334K
155,155-9,102M 703K,136M 937K,171M 171K,205M 406K
155,155-10,102M 739K,136M 985K,171M 231K,205M 478K
155,155-11,102M 775K,137M 33K,171M 291K,205M 549K
155,155-12,102M 811K,137M 81K,171M 351K,205M 621K
155,155-13,102M 847K,137M 129K,171M 411K,205M 693K
155,155-14,102M 883K,137M 177K,171M 471K,205M 765K
155,155-15,102M 919K,137M 225K,171M 531K,205M 837K
155,155-16,102M 955K,137M 273K,171M 591K,205M 909K
155,155-17,102M 991K,137M 321K,171M 651K,205M 981K
155,155-18,103M 27K,137M 369K,171M 711K,206M 53K
155,155-19,103M 63K,137M 417K,171M 771K,206M 125K
155,155-20,103M 99K,137M 465K,171M 831K,206M 197K
155,155-21,103M 135K,137M 513K,171M 891K,206M 269K
155,155-22,103M 171K,137M 561K,171M 951K,206M 341K
155,155-23,103M 207K,137M 609K,172M 11K,206M 414K
155,155-24,103M 243K,137M 657K,172M 72K,206M 486K
155,155-25,103M 279K,137M 706K,172M 132K,206M 558K
155,155-26,103M 315K,137M 754K,172M 192K,206M 630K
155,155-27,103M 352K,137M 802K,172M 252K,206M 703K
155,155-28,103M 388K,137M 850K,172M 312K,206M 775K
155,155-29,103M 424K,137M 898K,172M 373K,206M 847K
155,155-30,103M 460K,137M 946K,172M 433K,206M 919K
156,156-1,103M 496K,137M 995K,172M 493K,206M 992K
156,156-2,103M 532K,138M 43K,172M 554K,207M 64K
156,156-3,103M 569K,138M 91K,172M 614K,207M 137K
156,156-4,103M 605K,138M 140K,172M 674K,207M 209K
156,156-5,103M 641K,138M 188K,172M 735K,207M 282K
156,156-6,103M 677K,138M 236K,172M 795K,207M 354K
156,156-7,103M 714K,138M 285K,172M 856K,207M 427K
156,156-8,103M 750K,138M 333K,172M 916K,207M 499K
156,156-9,103M 786K,138M 381K,172M 976K,207M 572K
156,156-10,103M 822K,138M 430K,173M 37K,207M 644K
156,156-11,103M 859K,138M 478K,173M 97K,207M 717K
156,156-12,103M 895K,138M 526K,173M 158K,207M 789K
156,156-13,103M 931K,138M 575K,173M 219K,207M 862K
156,156-14,103M 968K,138M 623K,173M 279K,207M 935K
156,156-15,104M 4K,138M 672K,173M 340K,208M 8K
156,156-16,104M 40K,138M 720K,173M 400K,208M 80K
156,156-17,104M 77K,138M 769K,173M 461K,208M 153K
156,156-18,104M 113K,138M 817K,173M 522K,208M 226K
156,156-19,104M 150K,138M 866K,173M 582K,208M 299K
156,156-20,104M 186K,138M 915K,173M 643K,208M 372K
156,156-21,104M 222K,138M 963K,173M 704K,208M 444K
156,156-22,104M 259K,139M 12K,173M 764K,208M 517K
156,156-23,104M 295K,139M 60K,173M 825K,208M 590K
156,156-24,104M 332K,139M 109K,173M 886K,208M 663K
156,156-25,104M 368K,139M 158K,173M 947K,208M 736K
156,156-26,104M 405K,139M 206K,174M 8K,208M 809K
156,156-27,104M 441K,139M 255K,174M 69K,208M 882K
156,156-28,104M 478K,139M 304K,174M 129K,208M 955K
156,156-29,104M 514K,139M 352K,174M 190K,209M 28K
156,156-30,104M 551K,139M 401K,174M 251K,209M 101K
157,157-1,104M 587K,139M 450K,174M 312K,209M 174K
157,157-2,104M 624K,139M 499K,174M 373K,209M 248K
157,157-3,104M 661K,139M 547K,174M 434K,209M 321K
157,157-4,104M 697K,139M 596K,174M 495K,209M 394K
157,157-5,104M 734K,139M 645K,174M 556K,209M 467K
157,157-6,104M 770K,139M 694K,174M 617K,209M 540K
157,157-7,104M 807K,139M 743K,174M 678K,209M 614K
157,157-8,104M 844K,139M 792K,174M 739K,209M 687K
157,157-9,104M 880K,139M 840K,174M 800K,209M 760K
157,157-10,104M 917K,139M 889K,174M 862K,209M 834K
157,157-11,104M 954K,139M 938K,174M 923K,209M 907K
157,157-12,104M 991K,139M 987K,174M 984K,209M 981K
157,157-13,105M 27K,140M 36K,175M 45K,210M 54K
157,157-14,105M 64K,140M 85K,175M 106K,210M 127K
157,157-15,105M 101K,140M 134K,175M 168K,210M 201K
157,157-16,105M 137K,140M 183K,175M 229K,210M 274K
157,157-17,105M 174K,140M 232K,175M 290K,210M 348K
157,157-18,105M 211K,140M 281K,175M 351K,210M 422K
157,157-19,105M 248K,140M 330K,175M 413K,210M 495K
157,157-20,105M 285K,140M 379K,175M 474K,210M 569K
157,157-21,105M 321K,140M 428K,175M 535K,210M 642K
157,157-22,105M 358K,140M 478K,175M 597K,210M 716K
157,157-23,105M 395K,140M 527K,175M 658K,210M 790K
157,157-24,105M 432K,140M 576K,175M 720K,210M 863K
157,157-25,105M 469K,140M 625K,175M 781K,210M 937K
157,157-26,105M 506K,140M 674K,175M 843K,211M 11K
157,157-27,105M 543K,140M 723K,175M 904K,211M 85K
157,157-28,105M 580K,140M 773K,175M 966K,211M 159K
157,157-29,105M 616K,140M 822K,176M 27K,211M 232K
157,157-30,105M 653K,140M 871K,176M 89K,211M 306K
158,158-1,105M 690K,140M 920K,176M 150K,211M 380K
158,158-2,105M 727K,140M 970K,176M 212K,211M 454K
158,158-3,105M 764K,141M 19K,176M 273K,211M 528K
158,158-4,105M 801K,141M 68K,176M 335K,211M 602K
158,158-5,105M 838K,141M 118K,176M 397K,211M 676K
158,158-6,105M 875K,141M 167K,176M 458K,211M 750K
158,158-7,105M 912K,141M 216K,176M 520K,211M 824K
158,158-8,105M 949K,141M 266K,176M 582K,211M 898K
158,158-9,105M 986K,141M 315K,176M 644K,211M 972K
158,158-10,106M 23K,141M 364K,176M 705K,212M 46K
158,158-11,106M 61K,141M 414K,176M 767K,212M 121K
158,158-12,106M 98K,141M 463K,176M 829K,212M 195K
158,158-13,106M 135K,141M 513K,176M 891K,212M 269K
158,158-14,106M 172K,141M 562K,176M 953K,212M 343K
158,158-15,106M 209K,141M 612K,177M 15K,212M 417K
158,158-16,106M 246K,141M 661K,177M 77K,212M 492K
158,158-17,106M 283K,141M 711K,177M 138K,212M 566K
158,158-18,106M 320K,141M 760K,177M 200K,212M 640K
158,158-19,106M 358K,141M 810K,177M 262K,212M 715K
158,158-20,106M 395K,141M 860K,177M 324K,212M 789K
158,158-21,106M 432K,141M 909K,177M 386K,212M 864K
158,158-22,106M 469K,141M 959K,177M 448K,212M 938K
158,158-23,106M 506K,142M 8K,177M 510K,213M 12K
158,158-24,106M 544K,142M 58K,177M 573K,213M 87K
158,158-25,106M 581K,142M 108K,177M 635K,213M 161K
158,158-26,106M 618K,142M 158K,177M 697K,213M 236K
158,158-27,106M 656K,142M 207K,177M 759K,213M 311K
158,158-28,106M 693K,142M 257K,177M 821K,213M 385K
158,158-29,106M 730K,142M 307K,177M 883K,213M 460K
158,158-30,106M 767K,142M 356K,177M 945K,213M 534K
159,159-1,106M 805K,142M 406K,178M 8K,213M 609K
159,159-2,106M 842K,142M 456K,178M 70K,213M 684K
159,159-3,106M 880K,142M 506K,178M 132K,213M 759K
159,159-4,106M 917K,142M 556K,178M 195K,213M 833K
159,159-5,106M 954K,142M 606K,178M 257K,213M 908K
159,159-6,106M 992K,142M 655K,178M 319K,213M 983K
159,159-7,107M 29K,142M 705K,178M 382K,214M 58K
159,159-8,107M 67K,142M 755K,178M 444K,214M 133K
159,159-9,107M 104K,142M 805K,178M 506K,214M 207K
159,159-10,107M 141K,142M 855K,178M 569K,214M 282K
159,159-11,107M 179K,142M 905K,178M 631K,214M 357K
159,159-12,107M 216K,142M 955K,178M 694K,214M 432K
159,159-13,107M 254K,143M 5K,178M 756K,214M 507K
159,159-14,107M 291K,143M 55K,178M 819K,214M 582K
159,159-15,107M 329K,143M 105K,178M 881K,214M 657K
159,159-16,107M 366K,143M 155K,178M 944K,214M 732K
159,159-17,107M 404K,143M 205K,179M 6K,214M 807K
159,159-18,107M 442K,143M 255K,179M 69K,214M 883K
159,159-19,107M 479K,143M 305K,179M 132K,214M 958K
159,159-20,107M 517K,143M 355K,179M 194K,215M 33K
159,159-21,107M 554K,143M 406K,179M 257K,215M 108K
159,159-22,107M 592K,143M 456K,179M 320K,215M 183K
159,159-23,107M 630K,143M 506K,179M 382K,215M 259K
159,159-24,107M 667K,143M 556K,179M 445K,215M 334K
159,159-25,107M 705K,143M 606K,179M 508K,215M 409K
159,159-26,107M 743K,143M 657K,179M 571K,215M 485K
159,159-27,107M 780K,143M 707K,179M 633K,215M 560K
159,159-28,107M 818K,143M 757K,179M 696K,215M 635K
159,159-29,107M 856K,143M 807K,179M 759K,215M 711K
159,159-30,107M 893K,143M 858K,179M 822K,215M 786K
160,160-1,107M 931K,143M 908K,179M 885K,215M 862K
160,160-2,107M 969K,143M 958K,179M 948K,215M 937K
160,160-3,108M 7K,144M 9K,180M 11K,216M 13K
160,160-4,108M 44K,144M 59K,180M 74K,216M 88K
160,160-5,108M 82K,144M 109K,180M 136K,216M 164K
160,160-6,108M 120K,144M 160K,180M 199K,216M 239K
160,160-7,108M 158K,144M 210K,180M 263K,216M 315K
160,160-8,108M 196K,144M 261K,180M 326K,216M 391K
160,160-9,108M 233K,144M 311K,180M 389K,216M 466K
160,160-10,108M 271K,144M 361K,180M 452K,216M 542K
160,160-11,108M 309K,144M 412K,180M 515K,216M 618K
160,160-12,108M 347K,144M 462K,180M 578K,216M 693K
160,160-13,108M 385K,144M 513K,180M 641K,216M 769K
160,160-14,108M 423K,144M 563K,180M 704K,216M 845K
160,160-15,108M 461K,144M 614K,180M 767K,216M 921K
160,160-16,108M 499K,144M 665K,180M 831K,216M 997K
160,160-17,108M 537K,144M 715K,180M 894K,217M 73K
160,160-18,108M 574K,144M 766K,180M 957K,217M 148K
160,160-19,108M 612K,144M 816K,181M 20K,217M 224K
160,160-20,108M 650K,144M 867K,181M 84K,217M 300K
160,160-21,108M 688K,144M 918K,181M 147K,217M 376K
160,160-22,108M 726K,144M 968K,181M 210K,217M 452K
160,160-23,108M 764K,145M 19K,181M 274K,217M 528K
160,160-24,108M 803K,145M 70K,181M 337K,217M 605K
160,160-25,108M 841K,145M 121K,181M 401K,217M 681K
160,160-26,108M 879K,145M 171K,181M 464K,217M 757K
160,160-27,108M 917K,145M 222K,181M 527K,217M 833K
160,160-28,108M 955K,145M 273K,181M 591K,217M 909K
160,160-29,108M 993K,145M 324K,181M 654K,217M 985K
160,160-30,109M 31K,145M 375K,181M 718K,218M 62K
161,161-1,109M 69K,145M 425K,181M 782K,218M 138K
161,161-2,109M 107K,145M 476K,181M 845K,218M 214K
161,161-3,109M 145K,145M 527K,181M 909K,218M 290K
161,161-4,109M 184K,145M 578K,181M 972K,218M 367K
161,161-5,109M 222K,145M 629K,182M 36K,218M 443K
161,161-6,109M 260K,145M 680K,182M 100K,218M 519K
161,161-7,109M 298K,145M 731K,182M 163K,218M 596K
161,161-8,109M 336K,145M 782K,182M 227K,218M 672K
161,161-9,109M 375K,145M 833K,182M 291K,218M 749K
161,161-10,109M 413K,145M 884K,182M 355K,218M 825K
161,161-11,109M 451K,145M 935K,182M 418K,218M 902K
161,161-12,109M 489K,145M 986K,182M 482K,218M 978K
161,161-13,109M 528K,146M 37K,182M 546K,219M 55K
161,161-14,109M 566K,146M 88K,182M 610K,219M 132K
161,161-15,109M 604K,146M 139K,182M 674K,219M 208K
161,161-16,109M 643K,146M 190K,182M 737K,219M 285K
161,161-17,109M 681K,146M 241K,182M 801K,219M 362K
161,161-18,109M 719K,146M 292K,182M 865K,219M 438K
161,161-19,109M 758K,146M 343K,182M 929K,219M 515K
161,161-20,109M 796K,146M 395K,182M 993K,219M 592K
161,161-21,109M 835K,146M 446K,183M 57K,219M 669K
161,161-22,109M 873K,146M 497K,183M 121K,219M 745K
161,161-23,109M 911K,146M 548K,183M 185K,219M 822K
161,161-24,109M 950K,146M 600K,183M 249K,219M 899K
161,161-25,109M 988K,146M 651K,183M 313K,219M 976K
161,161-26,110M 27K,146M 702K,183M 378K,220M 53K
161,161-27,110M 65K,146M 753K,183M 442K,220M 130K
161,161-28,110M 104K,146M 805K,183M 506K,220M 207K
161,161-29,110M 142K,146M 856K,183M 570K,220M 284K
161,161-30,110M 181K,146M 907K,183M 634K,220M 361K
162,162-1,110M 219K,146M 959K,183M 698K,220M 438K
162,162-2,110M 258K,147M 10K,183M 763K,220M 515K
162,162-3,110M 296K,147M 62K,183M 827K,220M 592K
162,162-4,110M 335K,147M 113K,183M 891K,220M 669K
162,162-5,110M 373K,147M 164K,183M 955K,220M 746K
162,162-6,110M 412K,147M 216K,184M 20K,220M 824K
162,162-7,110M 451K,147M 267K,184M 84K,220M 901K
162,162-8,110M 489K,147M 319K,184M 149K,220M 978K
162,162-9,110M 528K,147M 370K,184M 213K,221M 55K
162,162-10,110M 567K,147M 422K,184M 277K,221M 133K
162,162-11,110M 605K,147M 474K,184M 342K,221M 210K
162,162-12,110M 644K,147M 525K,184M 406K,221M 287K
162,162-13,110M 683K,147M 577K,184M 471K,221M 365K
162,162-14,110M 721K,147M 628K,184M 535K,221M 442K
162,162-15,110M 760K,147M 680K,184M 600K,221M 520K
162,162-16,110M 799K,147M 732K,184M 664K,221M 597K
162,162-17,110M 838K,147M 783K,184M 729K,221M 675K
162,162-18,110M 876K,147M 835K,184M 794K,221M 752K
162,162-19,110M 915K,147M 887K,184M 858K,221M 830K
162,162-20,110M 954K,147M 938K,184M 923K,221M 907K
162,162-21,110M 993K,147M 990K,184M 988K,221M 985K
162,162-22,111M 32K,148M 42K,185M 52K,222M 63K
162,162-23,111M 70K,148M 94K,185M 117K,222M 140K
162,162-24,111M 109K,148M 145K,185M 182K,222M 218K
162,162-25,111M 148K,148M 197K,185M 246K,222M 296K
162,162-26,111M 187K,148M 249K,185M 311K,222M 373K
162,162-27,111M 226K,148M 301K,185M 376K,222M 451K
162,162-28,111M 265K,148M 353K,185M 441K,222M 529K
162,162-29,111M 304K,148M 405K,185M 506K,222M 607K
162,162-30,111M 343K,148M 457K,185M 571K,222M 685K
163,163-1,111M 381K,148M 508K,185M 635K,222M 762K
163,163-2,111M 420K,148M 560K,185M 700K,222M 840K
163,163-3,111M 459K,148M 612K,185M 765K,222M 918K
163,163-4,111M 498K,148M 664K,185M 830K,222M 996K
163,163-5,111M 537K,148M 716K,185M 895K,223M 74K
163,163-6,111M 576K,148M 768K,185M 960K,223M 152K
163,163-7,111M 615K,148M 820K,186M 25K,223M 230K
163,163-8,111M 654K,148M 872K,186M 90K,223M 308K
163,163-9,111M 693K,148M 924K,186M 155K,223M 386K
163,163-10,111M 733K,148M 977K,186M 221K,223M 465K
163,163-11,111M 772K,149M 29K,186M 286K,223M 543K
163,163-12,111M 811K,149M 81K,186M 351K,223M 621K
163,163-13,111M 850K,149M 133K,186M 416K,223M 699K
163,163-14,111M 889K,149M 185K,186M 481K,223M 777K
163,163-15,111M 928K,149M 237K,186M 546K,223M 856K
163,163-16,111M 967K,149M 289K,186M 612K,223M 934K
163,163-17,112M 6K,149M 342K,186M 677K,224M 12K
163,163-18,112M 45K,149M 394K,186M 742K,224M 90K
163,163-19,112M 85K,149M 446K,186M 807K,224M 169K
163,163-20,112M 124K,149M 498K,186M 873K,224M 247K
163,163-21,112M 163K,149M 551K,186M 938K,224M 326K
163,163-22,112M 202K,149M 603K,187M 4K,224M 404K
163,163-23,112M 242K,149M 655K,187M 69K,224M 483K
163,163-24,112M 281K,149M 708K,187M 134K,224M 561K
163,163-25,112M 320K,149M 760K,187M 200K,224M 640K
163,163-26,112M 359K,149M 812K,187M 265K,224M 718K
163,163-27,112M 399K,149M 865K,187M 331K,224M 797K
163,163-28,112M 438K,149M 917K,187M 396K,224M 875K
163,163-29,112M 477K,149M 970K,187M 462K,224M 954K
163,163-30,112M 517K,150M 22K,187M 527K,225M 33K
164,164-1,112M 556K,150M 74K,187M 593K,225M 111K
164,164-2,112M 595K,150M 127K,187M 659K,225M 190K
164,164-3,112M 635K,150M 179K,187M 724K,225M 269K
164,164-4,112M 674K,150M 232K,187M 790K,225M 348K
164,164-5,112M 713K,150M 284K,187M 855K,225M 426K
164,164-6,112M 753K,150M 337K,187M 921K,225M 505K
164,164-7,112M 792K,150M 390K,187M 987K,225M 584K
164,164-8,112M 832K,150M 442K,188M 53K,225M 663K
164,164-9,112M 871K,150M 495K,188M 118K,225M 742K
164,164-10,112M 911K,150M 547K,188M 184K,225M 821K
164,164-11,112M 950K,150M 600K,188M 250K,225M 900K
164,164-12,112M 990K,150M 653K,188M 316K,225M 979K
164,164-13,113M 29K,150M 705K,188M 382K,226M 58K
164,164-14,113M 69K,150M 758K,188M 448K,226M 137K
164,164-15,113M 108K,150M 811K,188M 513K,226M 216K
164,164-16,113M 148K,150M 864K,188M 579K,226M 295K
164,164-17,113M 187K,150M 916K,188M 645K,226M 374K
164,164-18,113M 227K,150M 969K,188M 711K,226M 453K
164,164-19,113M 267K,151M 22K,188M 777K,226M 533K
164,164-20,113M 306K,151M 75K,188M 843K,226M 612K
164,164-21,113M 346K,151M 128K,188M 909K,226M 691K
164,164-22,113M 385K,151M 180K,188M 975K,226M 770K
164,164-23,113M 425K,151M 233K,189M 42K,226M 850K
164,164-24,113M 465K,151M 286K,189M 108K,226M 929K
164,164-25,113M 504K,151M 339K,189M 174K,227M 8K
164,164-26,113M 544K,151M 392K,189M 240K,227M 88K
164,164-27,113M 584K,151M 445K,189M 306K,227M 167K
164,164-28,113M 624K,151M 498K,189M 372K,227M 247K
164,164-29,113M 663K,151M 551K,189M 439K,227M 326K
164,164-30,113M 703K,151M 604K,189M 505K,227M 406K
165,165-1,113M 743K,151M 657K,189M 571K,227M 485K
165,165-2,113M 783K,151M 710K,189M 637K,227M 565K
165,165-3,113M 822K,151M 763K,189M 704K,227M 644K
165,165-4,113M 862K,151M 816K,189M 770K,227M 724K
165,165-5,113M 902K,151M 869K,189M 836K,227M 804K
165,165-6,113M 942K,151M 922K,189M 903K,227M 883K
165,165-7,113M 982K,151M 975K,189M 969K,227M 963K
165,165-8,114M 22K,152M 29K,190M 36K,228M 43K
165,165-9,114M 61K,152M 82K,190M 102K,228M 122K
165,165-10,114M 101K,152M 135K,190M 169K,228M 202K
165,165-11,114M 141K,152M 188K,190M 235K,228M 282K
165,165-12,114M 181K,152M 241K,190M 302K,228M 362K
165,165-13,114M 221K,152M 295K,190M 368K,228M 442K
165,165-14,114M 261K,152M 348K,190M 435K,228M 521K
165,165-15,114M 301K,152M 401K,190M 501K,228M 601K
165,165-16,114M 341K,152M 454K,190M 568K,228M 681K
165,165-17,114M 381K,152M 508K,190M 635K,228M 761K
165,165-18,114M 421K,152M 561K,190M 701K,228M 841K
165,165-19,114M 461K,152M 614K,190M 768K,228M 921K
165,165-20,114M 501K,152M 668K,190M 835K,229M 1K
165,165-21,114M 541K,152M 721K,190M 901K,229M 81K
165,165-22,114M 581K,152M 775K,190M 968K,229M 162K
165,165-23,114M 621K,152M 828K,191M 35K,229M 242K
165,165-24,114M 661K,152M 881K,191M 102K,229M 322K
165,165-25,114M 701K,152M 935K,191M 168K,229M 402K
165,165-26,114M 741K,152M 988K,191M 235K,229M 482K
165,165-27,114M 782K,153M 42K,191M 302K,229M 563K
165,165-28,114M 822K,153M 95K,191M 369K,229M 643K
165,165-29,114M 862K,153M 149K,191M 436K,229M 723K
165,165-30,114M 902K,153M 202K,191M 503K,229M 803K
166,166-1,114M 942K,153M 256K,191M 570K,229M 884K
166,166-2,114M 982K,153M 310K,191M 637K,229M 964K
166,166-3,115M 23K,153M 363K,191M 704K,230M 45K
166,166-4,115M 63K,153M 417K,191M 771K,230M 125K
166,166-5,115M 103K,153M 471K,191M 838K,230M 206K
166,166-6,115M 143K,153M 524K,191M 905K,230M 286K
166,166-7,115M 184K,153M 578K,191M 972K,230M 367K
166,166-8,115M 224K,153M 632K,192M 39K,230M 447K
166,166-9,115M 264K,153M 685K,192M 107K,230M 528K
166,166-10,115M 304K,153M 739K,192M 174K,230M 608K
166,166-11,115M 345K,153M 793K,192M 241K,230M 689K
166,166-12,115M 385K,153M 847K,192M 308K,230M 770K
166,166-13,115M 425K,153M 900K,192M 375K,230M 850K
166,166-14,115M 466K,153M 954K,192M 443K,230M 931K
166,166-15,115M 506K,154M 8K,192M 510K,231M 12K
166,166-16,115M 547K,154M 62K,192M 577K,231M 93K
166,166-17,115M 587K,154M 116K,192M 645K,231M 173K
166,166-18,115M 627K,154M 170K,192M 712K,231M 254K
166,166-19,115M 668K,154M 224K,192M 779K,231M 335K
166,166-20,115M 708K,154M 278K,192M 847K,231M 416K
166,166-21,115M 749K,154M 332K,192M 914K,231M 497K
166,166-22,115M 789K,154M 385K,192M 982K,231M 578K
166,166-23,115M 830K,154M 439K,193M 49K,231M 659K
166,166-24,115M 870K,154M 493K,193M 117K,231M 740K
166,166-25,115M 911K,154M 548K,193M 184K,231M 821K
166,166-26,115M 951K,154M 602K,193M 252K,231M 902K
166,166-27,115M 992K,154M 656K,193M 319K,231M 983K
166,166-28,116M 32K,154M 710K,193M 387K,232M 64K
166,166-29,116M 73K,154M 764K,193M 455K,232M 145K
166,166-30,116M 114K,154M 818K,193M 522K,232M 227K
167,167-1,116M 154K,154M 872K,193M 590K,232M 308K
167,167-2,116M 195K,154M 926K,193M 658K,232M 389K
167,167-3,116M 235K,154M 980K,193M 725K,232M 470K
167,167-4,116M 276K,155M 35K,193M 793K,232M 552K
167,167-5,116M 317K,155M 89K,193M 861K,232M 633K
167,167-6,116M 357K,155M 143K,193M 929K,232M 714K
167,167-7,116M 398K,155M 197K,193M 997K,232M 796K
167,167-8,116M 439K,155M 252K,194M 64K,232M 877K
167,167-9,116M 480K,155M 306K,194M 132K,232M 959K
167,167-10,116M 520K,155M 360K,194M 200K,233M 40K
167,167-11,116M 561K,155M 415K,194M 268K,233M 122K
167,167-12,116M 602K,155M 469K,194M 336K,233M 203K
167,167-13,116M 643K,155M 523K,194M 404K,233M 285K
167,167-14,116M 683K,155M 578K,194M 472K,233M 366K
167,167-15,116M 724K,155M 632K,194M 540K,233M 448K
167,167-16,116M 765K,155M 686K,194M 608K,233M 529K
167,167-17,116M 806K,155M 741K,194M 676K,233M 611K
167,167-18,116M 847K,155M 795K,194M 744K,233M 693K
167,167-19,116M 888K,155M 850K,194M 812K,233M 775K
167,167-20,116M 928K,155M 904K,194M 880K,233M 856K
167,167-21,116M 969K,155M 959K,194M 949K,233M 938K
167,167-22,117M 10K,156M 13K,195M 17K,234M 20K
167,167-23,117M 51K,156M 68K,195M 85K,234M 102K
167,167-24,117M 92K,156M 123K,195M 153K,234M 184K
167,167-25,117M 133K,156M 177K,195M 221K,234M 266K
167,167-26,117M 174K,156M 232K,195M 290K,234M 347K
167,167-27,117M 215K,156M 286K,195M 358K,234M 429K
167,167-28,117M 256K,156M 341K,195M 426K,234M 511K
167,167-29,117M 297K,156M 396K,195M 495K,234M 593K
167,167-30,117M 338K,156M 450K,195M 563K,234M 675K
168,168-1,117M 379K,156M 505K,195M 631K,234M 758K
168,168-2,117M 420K,156M 560K,195M 700K,234M 840K
168,168-3,117M 461K,156M 615K,195M 768K,234M 922K
168,168-4,117M 502K,156M 669K,195M 837K,235M 4K
168,168-5,117M 534K,156M 711K,195M 889K,235M 67K
168,168-6,117M 565K,156M 753K,195M 941K,235M 129K
168,168-7,117M 596K,156M 795K,195M 994K,235M 192K
168,168-8,117M 628K,156M 837K,196M 46K,235M 255K
168,168-9,117M 659K,156M 879K,196M 98K,235M 318K
168,168-10,117M 691K,156M 921K,196M 151K,235M 381K
168,168-11,117M 722K,156M 962K,196M 203K,235M 443K
168,168-12,117M 753K,157M 4K,196M 255K,235M 506K
168,168-13,117M 785K,157M 46K,196M 308K,235M 569K
168,168-14,117M 816K,157M 88K,196M 360K,235M 632K
168,168-15,117M 848K,157M 130K,196M 413K,235M 695K
168,168-16,117M 879K,157M 172K,196M 465K,235M 758K
168,168-17,117M 911K,157M 214K,196M 517K,235M 821K
168,168-18,117M 942K,157M 256K,196M 570K,235M 884K
168,168-19,117M 974K,157M 298K,196M 622K,235M 947K
168,168-20,118M 5K,157M 340K,196M 675K,236M 10K
168,168-21,118M 37K,157M 382K,196M 727K,236M 73K
168,168-22,118M 68K,157M 424K,196M 780K,236M 136K
168,168-23,118M 100K,157M 466K,196M 833K,236M 199K
168,168-24,118M 131K,157M 508K,196M 885K,236M 262K
168,168-25,118M 163K,157M 550K,196M 938K,236M 325K
168,168-26,118M 194K,157M 592K,196M 990K,236M 388K
168,168-27,118M 226K,157M 634K,197M 43K,236M 451K
168,168-28,118M 257K,157M 676K,197M 95K,236M 514K
168,168-29,118M 289K,157M 719K,197M 148K,236M 578K
168,168-30,118M 321K,157M 761K,197M 201K,236M 641K
169,169-1,118M 435K,157M 913K,197M 391K,236M 869K
169,169-2,118M 549K,158M 66K,197M 582K,237M 98K
169,169-3,118M 664K,158M 218K,197M 773K,237M 327K
169,169-4,118M 779K,158M 371K,197M 964K,237M 557K
169,169-5,118M 893K,158M 524K,198M 155K,237M 786K
169,169-6,119M 8K,158M 678K,198M 347K,238M 16K
169,169-7,119M 123K,158M 831K,198M 538K,238M 246K
169,169-8,119M 238K,158M 984K,198M 730K,238M 476K
169,169-9,119M 354K,159M 138K,198M 922K,238M 707K
169,169-10,119M 469K,159M 292K,199M 115K,238M 937K
169,169-11,119M 584K,159M 446K,199M 307K,239M 168K
169,169-12,119M 700K,159M 600K,199M 500K,239M 399K
169,169-13,119M 816K,159M 754K,199M 692K,239M 631K
169,169-14,119M 931K,159M 908K,199M 885K,239M 862K
169,169-15,120M 47K,160M 63K,200M 79K,240M 94K
169,169-16,120M 163K,160M 218K,200M 272K,240M 326K
169,169-17,120M 279K,160M 372K,200M 465K,240M 558K
169,169-18,120M 396K,160M 527K,200M 659K,240M 791K
169,169-19,120M 512K,160M 683K,200M 853K,241M 24K
169,169-20,120M 628K,160M 838K,201M 47K,241M 256K
169,169-21,120M 745K,160M 993K,201M 241K,241M 490K
169,169-22,120M 862K,161M 149K,201M 436K,241M 723K
169,169-23,120M 979K,161M 305K,201M 631K,241M 957K
169,169-24,121M 95K,161M 460K,201M 825K,242M 190K
169,169-25,121M 212K,161M 616K,202M 20K,242M 424K
169,169-26,121M 330K,161M 773K,202M 216K,242M 659K
169,169-27,121M 447K,161M 929K,202M 411K,242M 893K
169,169-28,121M 564K,162M 85K,202M 607K,243M 128K
169,169-29,121M 682K,162M 242K,202M 802K,243M 363K
169,169-30,121M 799K,162M 399K,202M 998K,243M 598K
170,170-1,121M 917K,162M 556K,203M 195K,243M 833K
170,170-2,122M 35K,162M 713K,203M 391K,244M 69K
170,170-3,122M 153K,162M 870K,203M 587K,244M 305K
170,170-4,122M 271K,163M 27K,203M 784K,244M 541K
170,170-5,122M 389K,163M 185K,203M 981K,244M 777K
170,170-6,122M 507K,163M 343K,204M 178K,245M 14K
170,170-7,122M 625K,163M 500K,204M 375K,245M 250K
170,170-8,122M 744K,163M 658K,204M 573K,245M 487K
170,170-9,122M 863K,163M 817K,204M 771K,245M 725K
170,170-10,122M 981K,163M 975K,204M 969K,245M 962K
170,170-11,123M 100K,164M 133K,205M 167K,246M 200K
170,170-12,123M 219K,164M 292K,205M 365K,246M 438K
170,170-13,123M 338K,164M 451K,205M 563K,246M 676K
170,170-14,123M 457K,164M 610K,205M 762K,246M 914K
170,170-15,123M 577K,164M 769K,205M 961K,247M 153K
170,170-16,123M 696K,164M 928K,206M 160K,247M 392K
170,170-17,123M 816K,165M 87K,206M 359K,247M 631K
170,170-18,123M 935K,165M 247K,206M 558K,247M 870K
170,170-19,124M 55K,165M 407K,206M 758K,248M 110K
170,170-20,124M 175K,165M 566K,206M 958K,248M 349K
170,170-21,124M 295K,165M 726K,207M 158K,248M 589K
170,170-22,124M 415K,165M 887K,207M 358K,248M 830K
170,170-23,124M 535K,166M 47K,207M 558K,249M 70K
170,170-24,124M 656K,166M 207K,207M 759K,249M 311K
170,170-25,124M 776K,166M 368K,207M 960K,249M 552K
170,170-26,124M 897K,166M 529K,208M 161K,249M 793K
170,170-27,125M 17K,166M 690K,208M 362K,250M 34K
170,170-28,125M 138K,166M 851K,208M 563K,250M 276K
170,170-29,125M 259K,167M 12K,208M 765K,250M 518K
170,170-30,125M 380K,167M 173K,208M 966K,250M 760K
171,171-1,125M 501K,167M 335K,209M 168K,251M 2K
171,171-2,125M 623K,167M 497K,209M 371K,251M 245K
171,171-3,125M 744K,167M 658K,209M 573K,251M 487K
171,171-4,125M 865K,167M 820K,209M 775K,251M 730K
171,171-5,125M 987K,167M 983K,209M 978K,251M 974K
171,171-6,126M 109K,168M 145K,210M 181K,252M 217K
171,171-7,126M 231K,168M 307K,210M 384K,252M 461K
171,171-8,126M 353K,168M 470K,210M 587K,252M 705K
171,171-9,126M 475K,168M 633K,210M 791K,252M 949K
171,171-10,126M 597K,168M 796K,210M 995K,253M 193K
171,171-11,126M 719K,168M 959K,211M 199K,253M 438K
171,171-12,126M 842K,169M 122K,211M 403K,253M 683K
171,171-13,126M 964K,169M 286K,211M 607K,253M 928K
171,171-14,127M 87K,169M 449K,211M 811K,254M 174K
171,171-15,127M 210K,169M 613K,212M 16K,254M 419K
171,171-16,127M 333K,169M 777K,212M 221K,254M 665K
171,171-17,127M 456K,169M 941K,212M 426K,254M 911K
171,171-18,127M 579K,170M 105K,212M 631K,255M 157K
171,171-19,127M 702K,170M 269K,212M 837K,255M 404K
171,171-20,127M 826K,170M 434K,213M 42K,255M 651K
171,171-21,127M 949K,170M 599K,213M 248K,255M 898K
171,171-22,128M 73K,170M 764K,213M 454K,256M 145K
171,171-23,128M 197K,170M 929K,213M 661K,256M 393K
171,171-24,128M 320K,171M 94K,213M 867K,256M 640K
171,171-25,128M 444K,171M 259K,214M 74K,256M 888K
171,171-26,128M 569K,171M 425K,214M 281K,257M 137K
171,171-27,128M 693K,171M 590K,214M 488K,257M 385K
171,171-28,128M 817K,171M 756K,214M 695K,257M 634K
171,171-29,128M 942K,171M 922K,214M 902K,257M 883K
171,171-30,129M 66K,172M 88K,215M 110K,258M 132K
172,172-1,129M 191K,172M 254K,215M 318K,258M 381K
172,172-2,129M 316K,172M 421K,215M 526K,258M 631K
172,172-3,129M 441K,172M 588K,215M 734K,258M 881K
172,172-4,129M 566K,172M 754K,215M 943K,259M 131K
172,172-5,129M 691K,172M 921K,216M 151K,259M 382K
172,172-6,129M 816K,173M 88K,216M 360K,259M 632K
172,172-7,129M 942K,173M 256K,216M 569K,259M 883K
172,172-8,130M 67K,173M 423K,216M 779K,260M 134K
172,172-9,130M 193K,173M 591K,216M 988K,260M 386K
172,172-10,130M 319K,173M 758K,217M 198K,260M 637K
172,172-11,130M 445K,173M 926K,217M 408K,260M 889K
172,172-12,130M 571K,174M 94K,217M 618K,261M 141K
172,172-13,130M 697K,174M 263K,217M 828K,261M 394K
172,172-14,130M 823K,174M 431K,218M 39K,261M 646K
172,172-15,130M 950K,174M 600K,218M 249K,261M 899K
172,172-16,131M 76K,174M 768K,218M 460K,262M 152K
172,172-17,131M 203K,174M 937K,218M 671K,262M 405K
172,172-18,131M 330K,175M 106K,218M 883K,262M 659K
172,172-19,131M 457K,175M 275K,219M 94K,262M 913K
172,172-20,131M 584K,175M 445K,219M 306K,263M 167K
172,172-21,131M 711K,175M 614K,219M 518K,263M 421K
172,172-22,131M 838K,175M 784K,219M 730K,263M 676K
172,172-23,131M 966K,175M 954K,219M 942K,263M 931K
172,172-24,132M 93K,176M 124K,220M 155K,264M 186K
172,172-25,132M 221K,176M 294K,220M 368K,264M 441K
172,172-26,132M 348K,176M 464K,220M 580K,264M 696K
172,172-27,132M 476K,176M 635K,220M 794K,264M 952K
172,172-28,132M 604K,176M 806K,221M 7K,265M 208K
172,172-29,132M 733K,176M 977K,221M 221K,265M 465K
172,172-30,132M 861K,177M 148K,221M 434K,265M 721K
173,173-1,132M 989K,177M 319K,221M 648K,265M 978K
173,173-2,133M 118K,177M 490K,221M 862K,266M 235K
173,173-3,133M 246K,177M 662K,222M 77K,266M 492K
173,173-4,133M 375K,177M 833K,222M 291K,266M 750K
173,173-5,133M 504K,178M 5K,222M 506K,267M 7K
173,173-6,133M 633K,178M 177K,222M 721K,267M 265K
173,173-7,133M 762K,178M 349K,222M 937K,267M 524K
173,173-8,133M 891K,178M 522K,223M 152K,267M 782K
173,173-9,134M 21K,178M 694K,223M 368K,268M 41K
173,173-10,134M 150K,178M 867K,223M 583K,268M 300K
173,173-11,134M 280K,179M 40K,223M 800K,268M 559K
173,173-12,134M 410K,179M 213K,224M 16K,268M 819K
173,173-13,134M 540K,179M 386K,224M 232K,269M 79K
173,173-14,134M 670K,179M 559K,224M 449K,269M 339K
173,173-15,134M 800K,179M 733K,224M 666K,269M 599K
173,173-16,134M 930K,179M 906K,224M 883K,269M 859K
173,173-17,135M 60K,180M 80K,225M 100K,270M 120K
173,173-18,135M 191K,180M 254K,225M 318K,270M 381K
173,173-19,135M 321K,180M 428K,225M 535K,270M 642K
173,173-20,135M 452K,180M 603K,225M 753K,270M 904K
173,173-21,135M 583K,180M 777K,225M 972K,271M 166K
173,173-22,135M 714K,180M 952K,226M 190K,271M 428K
173,173-23,135M 845K,181M 127K,226M 409K,271M 690K
173,173-24,135M 977K,181M 302K,226M 627K,271M 953K
173,173-25,136M 108K,181M 477K,226M 846K,272M 215K
173,173-26,136M 240K,181M 653K,227M 66K,272M 479K
173,173-27,136M 371K,181M 828K,227M 285K,272M 742K
173,173-28,136M 503K,182M 4K,227M 505K,273M 5K
173,173-29,136M 635K,182M 180K,227M 724K,273M 269K
173,173-30,136M 767K,182M 356K,227M 944K,273M 533K
174,174-1,136M 899K,182M 532K,228M 165K,273M 798K
174,174-2,137M 31K,182M 708K,228M 385K,274M 62K
174,174-3,137M 164K,182M 885K,228M 606K,274M 327K
174,174-4,137M 296K,183M 62K,228M 827K,274M 592K
174,174-5,137M 429K,183M 238K,229M 48K,274M 857K
174,174-6,137M 562K,183M 416K,229M 269K,275M 123K
174,174-7,137M 695K,183M 593K,229M 491K,275M 389K
174,174-8,137M 828K,183M 770K,229M 713K,275M 655K
174,174-9,137M 961K,183M 948K,229M 935K,275M 921K
174,174-10,138M 94K,184M 126K,230M 157K,276M 188K
174,174-11,138M 228K,184M 303K,230M 379K,276M 455K
174,174-12,138M 361K,184M 482K,230M 602K,276M 722K
174,174-13,138M 495K,184M 660K,230M 825K,276M 989K
174,174-14,138M 629K,184M 838K,231M 48K,277M 257K
174,174-15,138M 763K,185M 17K,231M 271K,277M 525K
174,174-16,138M 897K,185M 196K,231M 494K,277M 793K
174,174-17,139M 31K,185M 375K,231M 718K,278M 62K
174,174-18,139M 165K,185M 554K,231M 942K,278M 330K
174,174-19,139M 300K,185M 733K,232M 166K,278M 599K
174,174-20,139M 435K,185M 913K,232M 391K,278M 869K
174,174-21,139M 569K,186M 92K,232M 615K,279M 138K
174,174-22,139M 704K,186M 272K,232M 840K,279M 408K
174,174-23,139M 839K,186M 452K,233M 65K,279M 678K
174,174-24,139M 974K,186M 632K,233M 290K,279M 948K
174,174-25,140M 110K,186M 813K,233M 516K,280M 219K
174,174-26,140M 245K,186M 993K,233M 741K,280M 489K
174,174-27,140M 380K,187M 174K,233M 967K,280M 760K
174,174-28,140M 516K,187M 355K,234M 193K,281M 32K
174,174-29,140M 652K,187M 536K,234M 419K,281M 303K
174,174-30,140M 788K,187M 717K,234M 646K,281M 575K
175,175-1,140M 924K,187M 898K,234M 873K,281M 847K
175,175-2,141M 60K,188M 80K,235M 100K,282M 120K
175,175-3,141M 196K,188M 262K,235M 327K,282M 392K
175,175-4,141M 333K,188M 444K,235M 554K,282M 665K
175,175-5,141M 469K,188M 626K,235M 782K,282M 938K
175,175-6,141M 606K,188M 808K,236M 10K,283M 212K
175,175-7,141M 743K,188M 990K,236M 238K,283M 485K
175,175-8,141M 880K,189M 173K,236M 466K,283M 759K
175,175-9,142M 17K,189M 356K,236M 695K,284M 33K
175,175-10,142M 154K,189M 539K,236M 923K,284M 308K
175,175-11,142M 292K,189M 722K,237M 152K,284M 583K
175,175-12,142M 429K,189M 905K,237M 381K,284M 858K
175,175-13,142M 567K,190M 89K,237M 611K,285M 133K
175,175-14,142M 704K,190M 272K,237M 840K,285M 408K
175,175-15,142M 842K,190M 456K,238M 70K,285M 684K
175,175-16,142M 980K,190M 640K,238M 300K,285M 960K
175,175-17,143M 119K,190M 825K,238M 531K,286M 237K
175,175-18,143M 257K,191M 9K,238M 761K,286M 513K
175,175-19,143M 395K,191M 194K,238M 992K,286M 790K
175,175-20,143M 534K,191M 378K,239M 223K,287M 67K
175,175-21,143M 673K,191M 563K,239M 454K,287M 345K
175,175-22,143M 811K,191M 748K,239M 685K,287M 622K
175,175-23,143M 950K,191M 934K,239M 917K,287M 900K
175,175-24,144M 90K,192M 119K,240M 149K,288M 179K
175,175-25,144M 229K,192M 305K,240M 381K,288M 457K
175,175-26,144M 368K,192M 491K,240M 613K,288M 736K
175,175-27,144M 508K,192M 677K,240M 846K,289M 15K
175,175-28,144M 647K,192M 863K,241M 78K,289M 294K
175,175-29,144M 787K,193M 49K,241M 311K,289M 574K
175,175-30,144M 927K,193M 236K,241M 545K,289M 853K
176,176-1,145M 67K,193M 423K,241M 778K,290M 134K
176,176-2,145M 207K,193M 609K,242M 12K,290M 414K
176,176-3,145M 348K,193M 797K,242M 246K,290M 695K
176,176-4,145M 488K,193M 984K,242M 480K,290M 975K
176,176-5,145M 629K,194M 171K,242M 714K,291M 257K
176,176-6,145M 769K,194M 359K,242M 948K,291M 538K
176,176-7,145M 910K,194M 547K,243M 183K,291M 820K
176,176-8,146M 51K,194M 735K,243M 418K,292M 102K
176,176-9,146M 192K,194M 923K,243M 653K,292M 384K
176,176-10,146M 334K,195M 111K,243M 889K,292M 667K
176,176-11,146M 475K,195M 300K,244M 125K,292M 949K
176,176-12,146M 616K,195M 488K,244M 360K,293M 232K
176,176-13,146M 758K,195M 677K,244M 597K,293M 516K
176,176-14,146M 900K,195M 866K,244M 833K,293M 799K
176,176-15,147M 42K,196M 56K,245M 70K,294M 83K
176,176-16,147M 184K,196M 245K,245M 306K,294M 368K
176,176-17,147M 326K,196M 435K,245M 543K,294M 652K
176,176-18,147M 469K,196M 625K,245M 781K,294M 937K
176,176-19,147M 611K,196M 815K,246M 18K,295M 222K
176,176-20,147M 754K,197M 5K,246M 256K,295M 507K
176,176-21,147M 897K,197M 195K,246M 494K,295M 793K
176,176-22,148M 39K,197M 386K,246M 732K,296M 78K
176,176-23,148M 183K,197M 577K,246M 971K,296M 365K
176,176-24,148M 326K,197M 767K,247M 209K,296M 651K
176,176-25,148M 469K,197M 959K,247M 448K,296M 938K
176,176-26,148M 613K,198M 150K,247M 687K,297M 225K
176,176-27,148M 756K,198M 341K,247M 927K,297M 512K
176,176-28,148M 900K,198M 533K,248M 166K,297M 799K
176,176-29,149M 44K,198M 725K,248M 406K,298M 87K
176,176-30,149M 188K,198M 917K,248M 646K,298M 375K
177,177-1,149M 332K,199M 109K,248M 886K,298M 663K
177,177-2,149M 476K,199M 302K,249M 127K,298M 952K
177,177-3,149M 621K,199M 494K,249M 368K,299M 241K
177,177-4,149M 765K,199M 687K,249M 608K,299M 530K
177,177-5,149M 910K,199M 880K,249M 850K,299M 820K
177,177-6,150M 55K,200M 73K,250M 91K,300M 109K
177,177-7,150M 200K,200M 266K,250M 333K,300M 399K
177,177-8,150M 345K,200M 460K,250M 575K,300M 690K
177,177-9,150M 490K,200M 654K,250M 817K,300M 980K
177,177-10,150M 636K,200M 847K,251M 59K,301M 271K
177,177-11,150M 781K,201M 42K,251M 302K,301M 562K
177,177-12,150M 927K,201M 236K,251M 545K,301M 854K
177,177-13,151M 73K,201M 430K,251M 788K,302M 145K
177,177-14,151M 219K,201M 625K,252M 31K,302M 437K
177,177-15,151M 365K,201M 820K,252M 275K,302M 729K
177,177-16,151M 511K,202M 15K,252M 518K,303M 22K
177,177-17,151M 658K,202M 210K,252M 762K,303M 315K
177,177-18,151M 804K,202M 405K,253M 7K,303M 608K
177,177-19,151M 951K,202M 601K,253M 251K,303M 901K
177,177-20,152M 98K,202M 797K,253M 496K,304M 195K
177,177-21,152M 245K,202M 993K,253M 741K,304M 489K
177,177-22,152M 392K,203M 189K,253M 986K,304M 783K
177,177-23,152M 539K,203M 385K,254M 231K,305M 78K
177,177-24,152M 686K,203M 582K,254M 477K,305M 372K
177,177-25,152M 834K,203M 779K,254M 723K,305M 668K
177,177-26,152M 982K,203M 975K,254M 969K,305M 963K
177,177-27,153M 130K,204M 173K,255M 216K,306M 259K
177,177-28,153M 278K,204M 370K,255M 462K,306M 555K
177,177-29,153M 426K,204M 567K,255M 709K,306M 851K
177,177-30,153M 574K,204M 765K,255M 956K,307M 147K
178,178-1,153M 722K,204M 963K,256M 204K,307M 444K
178,178-2,153M 871K,205M 161K,256M 451K,307M 741K
178,178-3,154M 20K,205M 359K,256M 699K,308M 39K
178,178-4,154M 168K,205M 558K,256M 947K,308M 336K
178,178-5,154M 317K,205M 756K,257M 195K,308M 634K
178,178-6,154M 466K,205M 955K,257M 444K,308M 932K
178,178-7,154M 616K,206M 154K,257M 693K,309M 231K
178,178-8,154M 765K,206M 353K,257M 942K,309M 530K
178,178-9,154M 915K,206M 553K,258M 191K,309M 829K
178,178-10,155M 64K,206M 752K,258M 440K,310M 128K
178,178-11,155M 214K,206M 952K,258M 690K,310M 428K
178,178-12,155M 364K,207M 152K,258M 940K,310M 728K
178,178-13,155M 514K,207M 352K,259M 190K,311M 28K
178,178-14,155M 665K,207M 553K,259M 441K,311M 329K
178,178-15,155M 815K,207M 753K,259M 691K,311M 630K
178,178-16,155M 966K,207M 954K,259M 942K,311M 931K
178,178-17,156M 116K,208M 155K,260M 194K,312M 232K
178,178-18,156M 267K,208M 356K,260M 445K,312M 534K
178,178-19,156M 418K,208M 557K,260M 697K,312M 836K
178,178-20,156M 569K,208M 759K,260M 949K,313M 138K
178,178-21,156M 721K,208M 961K,261M 201K,313M 441K
178,178-22,156M 872K,209M 163K,261M 453K,313M 744K
178,178-23,157M 24K,209M 365K,261M 706K,314M 47K
178,178-24,157M 175K,209M 567K,261M 959K,314M 350K
178,178-25,157M 327K,209M 770K,262M 212K,314M 654K
178,178-26,157M 479K,209M 972K,262M 465K,314M 958K
178,178-27,157M 632K,210M 175K,262M 719K,315M 263K
178,178-28,157M 784K,210M 378K,262M 973K,315M 567K
178,178-29,157M 936K,210M 582K,263M 227K,315M 872K
178,178-30,158M 89K,210M 785K,263M 481K,316M 177K
179,179-1,158M 242K,210M 989K,263M 736K,316M 483K
179,179-2,158M 395K,211M 193K,263M 991K,316M 789K
179,179-3,158M 548K,211M 397K,264M 246K,317M 95K
179,179-4,158M 701K,211M 601K,264M 501K,317M 401K
179,179-5,158M 854K,211M 806K,264M 757K,317M 708K
179,179-6,159M 8K,212M 10K,265M 13K,318M 15K
179,179-7,159M 161K,212M 215K,265M 269K,318M 322K
179,179-8,159M 315K,212M 420K,265M 525K,318M 630K
179,179-9,159M 469K,212M 625K,265M 782K,318M 938K
179,179-10,159M 623K,212M 831K,266M 38K,319M 246K
179,179-11,159M 778K,213M 37K,266M 296K,319M 555K
179,179-12,159M 932K,213M 242K,266M 553K,319M 863K
179,179-13,160M 86K,213M 448K,266M 810K,320M 172K
179,179-14,160M 241K,213M 655K,267M 68K,320M 482K
179,179-15,160M 396K,213M 861K,267M 326K,320M 792K
179,179-16,160M 551K,214M 68K,267M 585K,321M 102K
179,179-17,160M 706K,214M 275K,267M 843K,321M 412K
179,179-18,160M 861K,214M 482K,268M 102K,321M 722K
179,179-19,161M 17K,214M 689K,268M 361K,322M 33K
179,179-20,161M 173K,214M 897K,268M 621K,322M 345K
179,179-21,161M 328K,215M 104K,268M 880K,322M 656K
179,179-22,161M 484K,215M 312K,269M 140K,322M 968K
179,179-23,161M 640K,215M 520K,269M 400K,323M 280K
179,179-24,161M 796K,215M 728K,269M 660K,323M 592K
179,179-25,161M 953K,215M 937K,269M 921K,323M 905K
179,179-26,162M 109K,216M 146K,270M 182K,324M 218K
179,179-27,162M 266K,216M 354K,270M 443K,324M 531K
179,179-28,162M 423K,216M 563K,270M 704K,324M 845K
179,179-29,162M 580K,216M 773K,270M 966K,325M 159K
179,179-30,162M 737K,216M 982K,271M 228K,325M 473K
180,180-1,162M 894K,217M 192K,271M 490K,325M 788K
180,180-2,163M 51K,217M 402K,271M 752K,326M 102K
180,180-3,163M 209K,217M 612K,272M 15K,326M 417K
180,180-4,163M 367K,217M 822K,272M 278K,326M 733K
180,180-5,163M 525K,218M 33K,272M 541K,327M 49K
180,180-6,163M 683K,218M 243K,272M 804K,327M 365K
180,180-7,163M 841K,218M 454K,273M 68K,327M 681K
180,180-8,163M 999K,218M 665K,273M 331K,327M 998K
180,180-9,164M 158K,218M 877K,273M 596K,328M 315K
180,180-10,164M 316K,219M 88K,273M 860K,328M 632K
180,180-11,164M 475K,219M 300K,274M 125K,328M 949K
180,180-12,164M 634K,219M 512K,274M 390K,329M 267K
180,180-13,164M 793K,219M 724K,274M 655K,329M 586K
180,180-14,164M 952K,219M 936K,274M 920K,329M 904K
180,180-15,165M 112K,220M 149K,275M 186K,330M 223K
180,180-16,165M 271K,220M 361K,275M 452K,330M 542K
180,180-17,165M 431K,220M 574K,275M 718K,330M 861K
180,180-18,165M 591K,220M 788K,275M 984K,331M 181K
180,180-19,165M 751K,221M 1K,276M 251K,331M 501K
180,180-20,165M 911K,221M 214K,276M 518K,331M 821K
180,180-21,166M 71K,221M 428K,276M 785K,332M 142K
180,180-22,166M 232K,221M 642K,277M 53K,332M 463K
180,180-23,166M 392K,221M 856K,277M 320K,332M 784K
180,180-24,166M 553K,222M 71K,277M 588K,333M 106K
180,180-25,166M 714K,222M 285K,277M 857K,333M 428K
180,180-26,166M 875K,222M 500K,278M 125K,333M 750K
180,180-27,167M 37K,222M 715K,278M 394K,334M 73K
180,180-28,167M 198K,222M 930K,278M 663K,334M 395K
180,180-29,167M 359K,223M 146K,278M 932K,334M 718K
180,180-30,167M 521K,223M 361K,279M 202K,335M 42K
181,181-1,167M 683K,223M 577K,279M 471K,335M 366K
181,181-2,167M 845K,223M 793K,279M 742K,335M 690K
181,181-3,168M 7K,224M 10K,280M 12K,336M 14K
181,181-4,168M 170K,224M 226K,280M 282K,336M 339K
181,181-5,168M 332K,224M 443K,280M 553K,336M 664K
181,181-6,168M 495K,224M 660K,280M 824K,336M 989K
181,181-7,168M 658K,224M 877K,281M 96K,337M 315K
181,181-8,168M 821K,225M 94K,281M 367K,337M 641K
181,181-9,168M 984K,225M 312K,281M 639K,337M 967K
181,181-10,169M 147K,225M 529K,281M 911K,338M 294K
181,181-11,169M 311K,225M 747K,282M 184K,338M 621K
181,181-12,169M 474K,225M 965K,282M 457K,338M 948K
181,181-13,169M 638K,226M 184K,282M 730K,339M 275K
181,181-14,169M 802K,226M 402K,283M 3K,339M 603K
181,181-15,169M 966K,226M 621K,283M 276K,339M 931K
181,181-16,170M 130K,226M 840K,283M 550K,340M 260K
181,181-17,170M 295K,227M 59K,283M 824K,340M 589K
181,181-18,170M 459K,227M 279K,284M 98K,340M 918K
181,181-19,170M 624K,227M 498K,284M 373K,341M 247K
181,181-20,170M 789K,227M 718K,284M 648K,341M 577K
181,181-21,170M 954K,227M 938K,284M 923K,341M 907K
181,181-22,171M 119K,228M 158K,285M 198K,342M 237K
181,181-23,171M 284K,228M 379K,285M 474K,342M 568K
181,181-24,171M 450K,228M 600K,285M 749K,342M 899K
181,181-25,171M 616K,228M 821K,286M 26K,343M 231K
181,181-26,171M 781K,229M 42K,286M 302K,343M 562K
181,181-27,171M 947K,229M 263K,286M 579K,343M 894K
181,181-28,172M 114K,229M 485K,286M 856K,344M 227K
181,181-29,172M 280K,229M 706K,287M 133K,344M 559K
181,181-30,172M 446K,229M 928K,287M 410K,344M 892K
182,182-1,172M 613K,230M 150K,287M 688K,345M 225K
182,182-2,172M 780K,230M 373K,287M 966K,345M 559K
182,182-3,172M 947K,230M 595K,288M 244K,345M 893K
182,182-4,173M 114K,230M 818K,288M 523K,346M 227K
182,182-5,173M 281K,231M 41K,288M 802K,346M 562K
182,182-6,173M 449K,231M 265K,289M 81K,346M 897K
182,182-7,173M 616K,231M 488K,289M 360K,347M 232K
182,182-8,173M 784K,231M 712K,289M 640K,347M 567K
182,182-9,173M 952K,231M 936K,289M 919K,347M 903K
182,182-10,174M 120K,232M 160K,290M 200K,348M 239K
182,182-11,174M 288K,232M 384K,290M 480K,348M 576K
182,182-12,174M 457K,232M 609K,290M 761K,348M 913K
182,182-13,174M 625K,232M 834K,291M 42K,349M 250K
182,182-14,174M 794K,233M 59K,291M 323K,349M 588K
182,182-15,174M 963K,233M 284K,291M 605K,349M 925K
182,182-16,175M 132K,233M 509K,291M 886K,350M 263K
182,182-17,175M 301K,233M 735K,292M 168K,350M 602K
182,182-18,175M 471K,233M 961K,292M 451K,350M 941K
182,182-19,175M 640K,234M 187K,292M 733K,351M 280K
182,182-20,175M 810K,234M 413K,293M 16K,351M 619K
182,182-21,175M 980K,234M 640K,293M 299K,351M 959K
182,182-22,176M 150K,234M 866K,293M 583K,352M 299K
182,182-23,176M 320K,235M 93K,293M 866K,352M 640K
182,182-24,176M 490K,235M 320K,294M 150K,352M 980K
182,182-25,176M 661K,235M 548K,294M 435K,353M 322K
182,182-26,176M 832K,235M 775K,294M 719K,353M 663K
182,182-27,177M 3K,236M 3K,295M 4K,354M 5K
182,182-28,177M 174K,236M 231K,295M 289K,354M 347K
182,182-29,177M 345K,236M 460K,295M 574K,354M 689K
182,182-30,177M 516K,236M 688K,295M 860K,355M 32K
183,183-1,177M 688K,236M 917K,296M 146K,355M 375K
183,183-2,177M 859K,237M 146K,296M 432K,355M 718K
183,183-3,178M 31K,237M 375K,296M 719K,356M 62K
183,183-4,178M 203K,237M 604K,297M 5K,356M 406K
183,183-5,178M 376K,237M 834K,297M 292K,356M 751K
183,183-6,178M 548K,238M 64K,297M 580K,357M 95K
183,183-7,178M 720K,238M 294K,297M 867K,357M 440K
183,183-8,178M 893K,238M 524K,298M 155K,357M 786K
183,183-9,179M 66K,238M 755K,298M 443K,358M 132K
183,183-10,179M 239K,238M 985K,298M 732K,358M 478K
183,183-11,179M 412K,239M 216K,299M 20K,358M 824K
183,183-12,179M 586K,239M 447K,299M 309K,359M 171K
183,183-13,179M 759K,239M 679K,299M 598K,359M 518K
183,183-14,179M 933K,239M 910K,299M 888K,359M 865K
183,183-15,180M 107K,240M 142K,300M 178K,360M 213K
183,183-16,180M 281K,240M 374K,300M 468K,360M 561K
183,183-17,180M 455K,240M 607K,300M 758K,360M 910K
183,183-18,180M 629K,240M 839K,301M 49K,361M 258K
183,183-19,180M 804K,241M 72K,301M 340K,361M 607K
183,183-20,180M 979K,241M 305K,301M 631K,361M 957K
183,183-21,181M 154K,241M 538K,301M 922K,362M 307K
183,183-22,181M 329K,241M 771K,302M 214K,362M 657K
183,183-23,181M 504K,242M 5K,302M 506K,363M 7K
183,183-24,181M 679K,242M 239K,302M 798K,363M 358K
183,183-25,181M 855K,242M 473K,303M 91K,363M 709K
183,183-26,182M 31K,242M 707K,303M 384K,364M 61K
183,183-27,182M 206K,242M 942K,303M 677K,364M 412K
183,183-28,182M 383K,243M 177K,303M 971K,364M 765K
183,183-29,182M 559K,243M 412K,304M 264K,365M 117K
183,183-30,182M 735K,243M 647K,304M 558K,365M 470K
184,184-1,182M 912K,243M 882K,304M 853K,365M 823K
184,184-2,183M 89K,244M 118K,305M 147K,366M 177K
184,184-3,183M 265K,244M 354K,305M 442K,366M 530K
184,184-4,183M 443K,244M 590K,305M 737K,366M 885K
184,184-5,183M 620K,244M 826K,306M 33K,367M 239K
184,184-6,183M 797K,245M 63K,306M 328K,367M 594K
184,184-7,183M 975K,245M 300K,306M 624K,367M 949K
184,184-8,184M 153K,245M 537K,306M 921K,368M 305K
184,184-9,184M 331K,245M 774K,307M 217K,368M 661K
184,184-10,184M 509K,246M 11K,307M 514K,369M 17K
184,184-11,184M 687K,246M 249K,307M 811K,369M 374K
184,184-12,184M 865K,246M 487K,308M 109K,369M 730K
184,184-13,185M 44K,246M 725K,308M 407K,370M 88K
184,184-14,185M 223K,246M 964K,308M 705K,370M 445K
184,184-15,185M 402K,247M 202K,309M 3K,370M 803K
184,184-16,185M 581K,247M 441K,309M 301K,371M 162K
184,184-17,185M 760K,247M 680K,309M 600K,371M 520K
184,184-18,185M 940K,247M 920K,309M 900K,371M 879K
184,184-19,186M 120K,248M 159K,310M 199K,372M 239K
184,184-20,186M 299K,248M 399K,310M 499K,372M 598K
184,184-21,186M 479K,248M 639K,310M 799K,372M 958K
184,184-22,186M 660K,248M 879K,311M 99K,373M 319K
184,184-23,186M 840K,249M 120K,311M 400K,373M 680K
184,184-24,187M 21K,249M 361K,311M 701K,374M 41K
184,184-25,187M 201K,249M 602K,312M 2K,374M 402K
184,184-26,187M 382K,249M 843K,312M 303K,374M 764K
184,184-27,187M 563K,250M 84K,312M 605K,375M 126K
184,184-28,187M 745K,250M 326K,312M 907K,375M 489K
184,184-29,187M 926K,250M 568K,313M 210K,375M 851K
184,184-30,188M 108K,250M 810K,313M 512K,376M 215K
185,185-1,188M 289K,251M 52K,313M 815K,376M 578K
185,185-2,188M 471K,251M 295K,314M 119K,376M 942K
185,185-3,188M 653K,251M 538K,314M 422K,377M 306K
185,185-4,188M 836K,251M 781K,314M 726K,377M 671K
185,185-5,189M 18K,252M 24K,315M 30K,378M 36K
185,185-6,189M 201K,252M 268K,315M 334K,378M 401K
185,185-7,189M 384K,252M 511K,315M 639K,378M 767K
185,185-8,189M 567K,252M 755K,315M 944K,379M 133K
185,185-9,189M 750K,253M,316M 250K,379M 499K
185,185-10,189M 933K,253M 244K,316M 555K,379M 866K
185,185-11,190M 117K,253M 489K,316M 861K,380M 233K
185,185-12,190M 301K,253M 734K,317M 167K,380M 601K
185,185-13,190M 484K,253M 979K,317M 474K,380M 968K
185,185-14,190M 668K,254M 224K,317M 780K,381M 336K
185,185-15,190M 853K,254M 470K,318M 88K,381M 705K
185,185-16,191M 37K,254M 716K,318M 395K,382M 74K
185,185-17,191M 222K,254M 962K,318M 703K,382M 443K
185,185-18,191M 407K,255M 209K,319M 11K,382M 813K
185,185-19,191M 592K,255M 455K,319M 319K,383M 183K
185,185-20,191M 777K,255M 702K,319M 627K,383M 553K
185,185-21,191M 962K,255M 949K,319M 936K,383M 923K
185,185-22,192M 147K,256M 196K,320M 245K,384M 294K
185,185-23,192M 333K,256M 444K,320M 555K,384M 666K
185,185-24,192M 519K,256M 692K,320M 865K,385M 38K
185,185-25,192M 705K,256M 940K,321M 175K,385M 410K
185,185-26,192M 891K,257M 188K,321M 485K,385M 782K
185,185-27,193M 78K,257M 437K,321M 796K,386M 155K
185,185-28,193M 264K,257M 685K,322M 107K,386M 528K
185,185-29,193M 451K,257M 935K,322M 418K,386M 902K
185,185-30,193M 638K,258M 184K,322M 730K,387M 275K
186,186-1,193M 825K,258M 433K,323M 41K,387M 650K
186,186-2,194M 12K,258M 683K,323M 354K,388M 24K
186,186-3,194M 200K,258M 933K,323M 666K,388M 399K
186,186-4,194M 388K,259M 183K,323M 979K,388M 775K
186,186-5,194M 575K,259M 434K,324M 292K,389M 150K
186,186-6,194M 763K,259M 684K,324M 605K,389M 526K
186,186-7,194M 952K,259M 935K,324M 919K,389M 903K
186,186-8,195M 140K,260M 186K,325M 233K,390M 279K
186,186-9,195M 329K,260M 438K,325M 547K,390M 657K
186,186-10,195M 517K,260M 690K,325M 862K,391M 34K
186,186-11,195M 706K,260M 941K,326M 177K,391M 412K
186,186-12,195M 895K,261M 194K,326M 492K,391M 790K
186,186-13,196M 85K,261M 446K,326M 807K,392M 169K
186,186-14,196M 274K,261M 699K,327M 123K,392M 548K
186,186-15,196M 464K,261M 952K,327M 439K,392M 927K
186,186-16,196M 654K,262M 205K,327M 756K,393M 307K
186,186-17,196M 844K,262M 458K,328M 72K,393M 687K
186,186-18,197M 34K,262M 712K,328M 389K,394M 67K
186,186-19,197M 224K,262M 966K,328M 707K,394M 448K
186,186-20,197M 415K,263M 220K,329M 24K,394M 829K
186,186-21,197M 606K,263M 474K,329M 342K,395M 211K
186,186-22,197M 797K,263M 729K,329M 661K,395M 593K
186,186-23,197M 988K,263M 983K,329M 979K,395M 975K
186,186-24,198M 179K,264M 239K,330M 298K,396M 358K
186,186-25,198M 371K,264M 494K,330M 617K,396M 741K
186,186-26,198M 562K,264M 750K,330M 937K,397M 124K
186,186-27,198M 754K,265M 5K,331M 257K,397M 508K
186,186-28,198M 946K,265M 261K,331M 577K,397M 892K
186,186-29,199M 138K,265M 518K,331M 897K,398M 276K
186,186-30,199M 331K,265M 774K,332M 218K,398M 661K
187,187-1,199M 524K,266M 31K,332M 539K,399M 47K
187,187-2,199M 716K,266M 288K,332M 860K,399M 432K
187,187-3,199M 909K,266M 546K,333M 182K,399M 818K
187,187-4,200M 102K,266M 803K,333M 504K,400M 204K
187,187-5,200M 296K,267M 61K,333M 826K,400M 591K
187,187-6,200M 489K,267M 319K,334M 149K,400M 978K
187,187-7,200M 683K,267M 577K,334M 472K,401M 366K
187,187-8,200M 877K,267M 836K,334M 795K,401M 754K
187,187-9,201M 71K,268M 95K,335M 118K,402M 142K
187,187-10,201M 265K,268M 354K,335M 442K,402M 530K
187,187-11,201M 460K,268M 613K,335M 766K,402M 919K
187,187-12,201M 655K,268M 873K,336M 91K,403M 309K
187,187-13,201M 850K,269M 133K,336M 416K,403M 699K
187,187-14,202M 45K,269M 393K,336M 741K,404M 89K
187,187-15,202M 240K,269M 653K,337M 66K,404M 479K
187,187-16,202M 435K,269M 913K,337M 392K,404M 870K
187,187-17,202M 631K,270M 174K,337M 718K,405M 261K
187,187-18,202M 827K,270M 435K,338M 44K,405M 653K
187,187-19,203M 23K,270M 697K,338M 371K,406M 45K
187,187-20,203M 219K,270M 958K,338M 698K,406M 437K
187,187-21,203M 415K,271M 220K,339M 25K,406M 830K
187,187-22,203M 612K,271M 482K,339M 353K,407M 223K
187,187-23,203M 809K,271M 745K,339M 681K,407M 617K
187,187-24,204M 6K,272M 7K,340M 9K,408M 11K
187,187-25,204M 203K,272M 270K,340M 337K,408M 405K
187,187-26,204M 400K,272M 533K,340M 666K,408M 799K
187,187-27,204M 597K,272M 796K,340M 995K,409M 194K
187,187-28,204M 795K,273M 60K,341M 325K,409M 590K
187,187-29,204M 993K,273M 324K,341M 655K,409M 986K
187,187-30,205M 191K,273M 588K,341M 985K,410M 382K
188,188-1,205M 389K,273M 852K,342M 315K,410M 778K
188,188-2,205M 588K,274M 117K,342M 646K,411M 175K
188,188-3,205M 787K,274M 382K,342M 977K,411M 573K
188,188-4,205M 985K,274M 647K,343M 309K,411M 970K
188,188-5,206M 185K,274M 913K,343M 641K,412M 369K
188,188-6,206M 384K,275M 178K,343M 973K,412M 767K
188,188-7,206M 583K,275M 444K,344M 305K,413M 166K
188,188-8,206M 783K,275M 710K,344M 638K,413M 565K
188,188-9,206M 983K,275M 977K,344M 971K,413M 965K
188,188-10,207M 183K,276M 243K,345M 304K,414M 365K
188,188-11,207M 383K,276M 510K,345M 638K,414M 765K
188,188-12,207M 583K,276M 778K,345M 972K,415M 166K
188,188-13,207M 784K,277M 45K,346M 306K,415M 567K
188,188-14,207M 985K,277M 313K,346M 641K,415M 969K
188,188-15,208M 186K,277M 581K,346M 976K,416M 371K
188,188-16,208M 387K,277M 849K,347M 311K,416M 773K
188,188-17,208M 588K,278M 117K,347M 647K,417M 176K
188,188-18,208M 790K,278M 386K,347M 983K,417M 579K
188,188-19,208M 992K,278M 655K,348M 319K,417M 983K
188,188-20,209M 193K,278M 924K,348M 655K,418M 386K
188,188-21,209M 396K,279M 194K,348M 992K,418M 791K
188,188-22,209M 598K,279M 464K,349M 330K,419M 195K
188,188-23,209M 801K,279M 734K,349M 667K,419M 601K
188,188-24,210M 3K,280M 4K,350M 5K,420M 6K
188,188-25,210M 206K,280M 275K,350M 343K,420M 412K
188,188-26,210M 409K,280M 546K,350M 682K,420M 818K
188,188-27,210M 613K,280M 817K,351M 21K,421M 225K
188,188-28,210M 816K,281M 88K,351M 360K,421M 632K
188,188-29,211M 20K,281M 360K,351M 699K,422M 39K
188,188-30,211M 224K,281M 632K,352M 39K,422M 447K
189,189-1,211M 428K,281M 904K,352M 380K,422M 855K
189,189-2,211M 632K,282M 176K,352M 720K,423M 264K
189,189-3,211M 837K,282M 449K,353M 61K,423M 673K
189,189-4,212M 41K,282M 722K,353M 402K,424M 82K
189,189-5,212M 246K,282M 995K,353M 744K,424M 492K
189,189-6,212M 451K,283M 268K,354M 85K,424M 902K
189,189-7,212M 657K,283M 542K,354M 428K,425M 313K
189,189-8,212M 862K,283M 816K,354M 770K,425M 724K
189,189-9,213M 68K,284M 90K,355M 113K,426M 135K
189,189-10,213M 274K,284M 365K,355M 456K,426M 547K
189,189-11,213M 480K,284M 640K,355M 800K,426M 959K
189,189-12,213M 686K,284M 915K,356M 143K,427M 372K
189,189-13,213M 893K,285M 190K,356M 488K,427M 785K
189,189-14,214M 99K,285M 466K,356M 832K,428M 198K
189,189-15,214M 306K,285M 742K,357M 177K,428M 612K
189,189-16,214M 513K,286M 18K,357M 522K,429M 26K
189,189-17,214M 721K,286M 294K,357M 867K,429M 441K
189,189-18,214M 928K,286M 571K,358M 213K,429M 856K
189,189-19,215M 136K,286M 848K,358M 559K,430M 271K
189,189-20,215M 344K,287M 125K,358M 906K,430M 687K
189,189-21,215M 552K,287M 402K,359M 253K,431M 103K
189,189-22,215M 760K,287M 680K,359M 600K,431M 520K
189,189-23,215M 969K,287M 958K,359M 947K,431M 937K
189,189-24,216M 177K,288M 236K,360M 295K,432M 354K
189,189-25,216M 386K,288M 515K,360M 643K,432M 772K
189,189-26,216M 595K,288M 794K,360M 992K,433M 190K
189,189-27,216M 805K,289M 73K,361M 341K,433M 609K
189,189-28,217M 14K,289M 352K,361M 690K,434M 28K
189,189-29,217M 224K,289M 632K,362M 39K,434M 447K
189,189-30,217M 434K,289M 912K,362M 389K,434M 867K
190,190-1,217M 644K,290M 192K,362M 739K,435M 287K
190,190-2,217M 854K,290M 472K,363M 90K,435M 708K
190,190-3,218M 65K,290M 753K,363M 441K,436M 129K
190,190-4,218M 275K,291M 34K,363M 792K,436M 550K
190,190-5,218M 486K,291M 315K,364M 144K,436M 972K
190,190-6,218M 697K,291M 596K,364M 495K,437M 394K
190,190-7,218M 909K,291M 878K,364M 848K,437M 817K
190,190-8,219M 120K,292M 160K,365M 200K,438M 240K
190,190-9,219M 332K,292M 443K,365M 553K,438M 664K
190,190-10,219M 544K,292M 725K,365M 906K,439M 88K
190,190-11,219M 756K,293M 8K,366M 260K,439M 512K
190,190-12,219M 969K,293M 291K,366M 614K,439M 937K
190,190-13,220M 181K,293M 575K,366M 968K,440M 362K
190,190-14,220M 394K,293M 858K,367M 323K,440M 787K
190,190-15,220M 607K,294M 142K,367M 678K,441M 213K
190,190-16,220M 820K,294M 427K,368M 33K,441M 640K
190,190-17,221M 33K,294M 711K,368M 389K,442M 66K
190,190-18,221M 247K,294M 996K,368M 745K,442M 494K
190,190-19,221M 461K,295M 281K,369M 101K,442M 921K
190,190-20,221M 675K,295M 566K,369M 458K,443M 349K
190,190-21,221M 889K,295M 852K,369M 815K,443M 778K
190,190-22,222M 103K,296M 138K,370M 172K,444M 206K
190,190-23,222M 318K,296M 424K,370M 530K,444M 636K
190,190-24,222M 533K,296M 710K,370M 888K,445M 65K
190,190-25,222M 748K,296M 997K,371M 246K,445M 495K
190,190-26,222M 963K,297M 284K,371M 605K,445M 926K
190,190-27,223M 179K,297M 571K,371M 964K,446M 357K
190,190-28,223M 394K,297M 859K,372M 324K,446M 788K
190,190-29,223M 610K,298M 147K,372M 683K,447M 220K
190,190-30,223M 826K,298M 435K,373M 44K,447M 652K
191,191-1,224M 43K,298M 723K,373M 404K,448M 85K
191,191-2,224M 259K,299M 12K,373M 765K,448M 518K
191,191-3,224M 476K,299M 301K,374M 126K,448M 951K
191,191-4,224M 693K,299M 590K,374M 488K,449M 385K
191,191-5,224M 910K,299M 880K,374M 849K,449M 819K
191,191-6,225M 127K,300M 169K,375M 212K,450M 254K
191,191-7,225M 345K,300M 459K,375M 574K,450M 689K
191,191-8,225M 562K,300M 750K,375M 937K,451M 124K
191,191-9,225M 780K,301M 40K,376M 300K,451M 560K
191,191-10,225M 999K,301M 331K,376M 664K,451M 997K
191,191-11,226M 217K,301M 623K,377M 28K,452M 434K
191,191-12,226M 436K,301M 914K,377M 392K,452M 871K
191,191-13,226M 654K,302M 206K,377M 757K,453M 308K
191,191-14,226M 873K,302M 498K,378M 122K,453M 746K
191,191-15,227M 93K,302M 790K,378M 488K,454M 185K
191,191-16,227M 312K,303M 83K,378M 853K,454M 624K
191,191-17,227M 532K,303M 376K,379M 219K,455M 63K
191,191-18,227M 752K,303M 669K,379M 586K,455M 503K
191,191-19,227M 972K,303M 962K,379M 953K,455M 943K
191,191-20,228M 192K,304M 256K,380M 320K,456M 384K
191,191-21,228M 413K,304M 550K,380M 687K,456M 825K
191,191-22,228M 633K,304M 844K,381M 55K,457M 266K
191,191-23,228M 854K,305M 139K,381M 423K,457M 708K
191,191-24,229M 75K,305M 434K,381M 792K,458M 150K
191,191-25,229M 297K,305M 729K,382M 161K,458M 593K
191,191-26,229M 518K,306M 24K,382M 530K,459M 36K
191,191-27,229M 740K,306M 320K,382M 900K,459M 480K
191,191-28,229M 962K,306M 616K,383M 270K,459M 924K
191,191-29,230M 184K,306M 912K,383M 640K,460M 368K
191,191-30,230M 407K,307M 209K,384M 11K,460M 813K
192,192-1,230M 629K,307M 506K,384M 382K,461M 258K
192,192-2,230M 852K,307M 803K,384M 753K,461M 704K
192,192-3,231M 75K,308M 100K,385M 125K,462M 150K
192,192-4,231M 299K,308M 398K,385M 497K,462M 597K
192,192-5,231M 522K,308M 696K,385M 870K,463M 44K
192,192-6,231M 746K,308M 994K,386M 243K,463M 491K
192,192-7,231M 970K,309M 293K,386M 616K,463M 939K
192,192-8,232M 194K,309M 592K,386M 990K,464M 388K
192,192-9,232M 418K,309M 891K,387M 364K,464M 836K
192,192-10,232M 643K,310M 190K,387M 738K,465M 285K
192,192-11,232M 868K,310M 490K,388M 113K,465M 735K
192,192-12,233M 93K,310M 790K,388M 488K,466M 185K
192,192-13,233M 318K,311M 91K,388M 863K,466M 636K
192,192-14,233M 544K,311M 391K,389M 239K,467M 87K
192,192-15,233M 769K,311M 692K,389M 615K,467M 538K
192,192-16,233M 995K,311M 993K,389M 992K,467M 990K
192,192-17,234M 221K,312M 295K,390M 368K,468M 442K
192,192-18,234M 448K,312M 597K,390M 746K,468M 895K
192,192-19,234M 674K,312M 899K,391M 123K,469M 348K
192,192-20,234M 901K,313M 201K,391M 501K,469M 801K
192,192-21,235M 128K,313M 504K,391M 879K,470M 255K
192,192-22,235M 355K,313M 807K,392M 258K,470M 710K
192,192-23,235M 583K,314M 110K,392M 637K,471M 165K
192,192-24,235M 810K,314M 413K,393M 17K,471M 620K
192,192-25,236M 38K,314M 717K,393M 396K,472M 76K
192,192-26,236M 266K,315M 21K,393M 777K,472M 532K
192,192-27,236M 494K,315M 326K,394M 157K,472M 988K
192,192-28,236M 723K,315M 630K,394M 538K,473M 445K
192,192-29,236M 952K,315M 936K,394M 919K,473M 903K
192,192-30,237M 181K,316M 241K,395M 301K,474M 361K
193,193-1,237M 410K,316M 546K,395M 683K,474M 819K
193,193-2,237M 639K,316M 852K,396M 65K,475M 278K
193,193-3,237M 869K,317M 158K,396M 448K,475M 737K
193,193-4,238M 99K,317M 465K,396M 831K,476M 197K
193,193-5,238M 329K,317M 772K,397M 215K,476M 657K
193,193-6,238M 559K,318M 79K,397M 598K,477M 118K
193,193-7,238M 790K,318M 386K,397M 983K,477M 579K
193,193-8,239M 21K,318M 694K,398M 367K,478M 41K
193,193-9,239M 251K,319M 2K,398M 752K,478M 502K
193,193-10,239M 483K,319M 310K,399M 137K,478M 965K
193,193-11,239M 714K,319M 619K,399M 523K,479M 428K
193,193-12,239M 946K,319M 927K,399M 909K,479M 891K
193,193-13,240M 178K,320M 237K,400M 296K,480M 355K
193,193-14,240M 410K,320M 546K,400M 683K,480M 819K
193,193-15,240M 642K,320M 856K,401M 70K,481M 284K
193,193-16,240M 875K,321M 166K,401M 457K,481M 749K
193,193-17,241M 107K,321M 476K,401M 845K,482M 214K
193,193-18,241M 340K,321M 787K,402M 234K,482M 680K
193,193-19,241M 574K,322M 98K,402M 622K,483M 147K
193,193-20,241M 807K,322M 409K,403M 11K,483M 613K
193,193-21,242M 41K,322M 721K,403M 401K,484M 81K
193,193-22,242M 275K,323M 33K,403M 791K,484M 549K
193,193-23,242M 509K,323M 345K,404M 181K,485M 17K
193,193-24,242M 743K,323M 657K,404M 571K,485M 485K
193,193-25,242M 978K,323M 970K,404M 962K,485M 955K
193,193-26,243M 212K,324M 283K,405M 354K,486M 424K
193,193-27,243M 447K,324M 596K,405M 745K,486M 894K
193,193-28,243M 683K,324M 910K,406M 137K,487M 365K
193,193-29,243M 918K,325M 224K,406M 530K,487M 836K
193,193-30,244M 154K,325M 538K,406M 923K,488M 307K
194,194-1,244M 390K,325M 853K,407M 316K,488M 779K
194,194-2,244M 626K,326M 168K,407M 710K,489M 251K
194,194-3,244M 862K,326M 483K,408M 104K,489M 724K
194,194-4,245M 99K,326M 798K,408M 498K,490M 197K
194,194-5,245M 336K,327M 114K,408M 893K,490M 671K
194,194-6,245M 573K,327M 430K,409M 288K,491M 145K
194,194-7,245M 810K,327M 747K,409M 683K,491M 620K
194,194-8,246M 48K,328M 63K,410M 79K,492M 95K
194,194-9,246M 285K,328M 380K,410M 475K,492M 570K
194,194-10,246M 523K,328M 698K,410M 872K,493M 46K
194,194-11,246M 762K,329M 15K,411M 269K,493M 523K
194,194-12,247M,329M 333K,411M 667K,494M
194,194-13,247M 239K,329M 652K,412M 64K,494M 477K
194,194-14,247M 478K,329M 970K,412M 463K,494M 955K
194,194-15,247M 717K,330M 289K,412M 861K,495M 433K
194,194-16,247M 956K,330M 608K,413M 260K,495M 912K
194,194-17,248M 196K,330M 928K,413M 659K,496M 391K
194,194-18,248M 436K,331M 247K,414M 59K,496M 871K
194,194-19,248M 676K,331M 568K,414M 459K,497M 351K
194,194-20,248M 916K,331M 888K,414M 860K,497M 832K
194,194-21,249M 157K,332M 209K,415M 261K,498M 313K
194,194-22,249M 397K,332M 530K,415M 662K,498M 794K
194,194-23,249M 638K,332M 851K,416M 64K,499M 276K
194,194-24,249M 880K,333M 173K,416M 466K,499M 759K
194,194-25,250M 121K,333M 495K,416M 868K,500M 242K
194,194-26,250M 363K,333M 817K,417M 271K,500M 725K
194,194-27,250M 605K,334M 139K,417M 674K,501M 209K
194,194-28,250M 847K,334M 462K,418M 78K,501M 693K
194,194-29,251M 89K,334M 786K,418M 482K,502M 178K
194,194-30,251M 332K,335M 109K,418M 886K,502M 663K
195,195-1,251M 575K,335M 433K,419M 291K,503M 149K
195,195-2,251M 818K,335M 757K,419M 696K,503M 635K
195,195-3,252M 61K,336M 81K,420M 102K,504M 122K
195,195-4,252M 305K,336M 406K,420M 508K,504M 609K
195,195-5,252M 549K,336M 731K,420M 914K,505M 97K
195,195-6,252M 793K,337M 57K,421M 321K,505M 585K
195,195-7,253M 37K,337M 382K,421M 728K,506M 73K
195,195-8,253M 281K,337M 708K,422M 135K,506M 562K
195,195-9,253M 526K,338M 35K,422M 543K,507M 52K
195,195-10,253M 771K,338M 361K,422M 952K,507M 542K
195,195-11,254M 16K,338M 688K,423M 360K,508M 32K
195,195-12,254M 262K,339M 16K,423M 770K,508M 523K
195,195-13,254M 508K,339M 343K,424M 179K,509M 15K
195,195-14,254M 754K,339M 671K,424M 589K,509M 507K
195,195-15,255M,339M 999K,424M 999K,509M 999K
195,195-16,255M 246K,340M 328K,425M 410K,510M 492K
195,195-17,255M 493K,340M 657K,425M 821K,510M 985K
195,195-18,255M 740K,340M 986K,426M 233K,511M 479K
195,195-19,255M 987K,341M 316K,426M 644K,511M 973K
195,195-20,256M 234K,341M 645K,427M 57K,512M 468K
195,195-21,256M 482K,341M 976K,427M 469K,512M 963K
195,195-22,256M 730K,342M 306K,427M 882K,513M 459K
195,195-23,256M 978K,342M 637K,428M 296K,513M 955K
195,195-24,257M 226K,342M 968K,428M 710K,514M 452K
195,195-25,257M 475K,343M 299K,429M 124K,514M 949K
195,195-26,257M 723K,343M 631K,429M 539K,515M 446K
195,195-27,257M 972K,343M 963K,429M 954K,515M 944K
195,195-28,258M 222K,344M 296K,430M 369K,516M 443K
195,195-29,258M 471K,344M 628K,430M 785K,516M 942K
195,195-30,258M 721K,344M 961K,431M 201K,517M 442K
196,196-1,258M 971K,345M 295K,431M 618K,517M 942K
196,196-2,259M 221K,345M 628K,432M 35K,518M 442K
196,196-3,259M 472K,345M 962K,432M 453K,518M 943K
196,196-4,259M 723K,346M 297K,432M 871K,519M 445K
196,196-5,259M 974K,346M 631K,433M 289K,519M 947K
196,196-6,260M 225K,346M 966K,433M 708K,520M 449K
196,196-7,260M 476K,347M 301K,434M 127K,520M 952K
196,196-8,260M 728K,347M 637K,434M 546K,521M 455K
196,196-9,260M 980K,347M 973K,434M 966K,521M 959K
196,196-10,261M 232K,348M 309K,435M 386K,522M 464K
196,196-11,261M 485K,348M 646K,435M 807K,522M 969K
196,196-12,261M 737K,348M 983K,436M 228K,523M 474K
196,196-13,261M 990K,349M 320K,436M 650K,523M 980K
196,196-14,262M 243K,349M 658K,437M 72K,524M 486K
196,196-15,262M 497K,349M 995K,437M 494K,524M 993K
196,196-16,262M 750K,350M 334K,437M 917K,525M 500K
196,196-17,263M 4K,350M 672K,438M 340K,526M 8K
196,196-18,263M 258K,351M 11K,438M 764K,526M 516K
196,196-19,263M 513K,351M 350K,439M 188K,527M 25K
196,196-20,263M 767K,351M 690K,439M 612K,527M 534K
196,196-21,264M 22K,352M 30K,440M 37K,528M 44K
196,196-22,264M 277K,352M 370K,440M 462K,528M 554K
196,196-23,264M 533K,352M 710K,440M 888K,529M 65K
196,196-24,264M 789K,353M 51K,441M 314K,529M 577K
196,196-25,265M 44K,353M 392K,441M 740K,530M 88K
196,196-26,265M 300K,353M 734K,442M 167K,530M 600K
196,196-27,265M 557K,354M 76K,442M 594K,531M 113K
196,196-28,265M 813K,354M 418K,443M 22K,531M 626K
196,196-29,266M 70K,354M 760K,443M 450K,532M 140K
196,196-30,266M 327K,355M 103K,443M 879K,532M 654K
197,197-1,266M 585K,355M 446K,444M 308K,533M 169K
197,197-2,266M 842K,355M 790K,444M 737K,533M 684K
197,197-3,267M 100K,356M 134K,445M 167K,534M 200K
197,197-4,267M 358K,356M 478K,445M 597K,534M 716K
197,197-5,267M 617K,356M 822K,446M 28K,535M 233K
197,197-6,267M 875K,357M 167K,446M 459K,535M 750K
197,197-7,268M 134K,357M 512K,446M 890K,536M 268K
197,197-8,268M 393K,357M 858K,447M 322K,536M 786K
197,197-9,268M 653K,358M 203K,447M 754K,537M 305K
197,197-10,268M 912K,358M 550K,448M 187K,537M 824K
197,197-11,269M 172K,358M 896K,448M 620K,538M 344K
197,197-12,269M 432K,359M 243K,449M 53K,538M 864K
197,197-13,269M 693K,359M 590K,449M 487K,539M 385K
197,197-14,269M 953K,359M 937K,449M 922K,539M 906K
197,197-15,270M 214K,360M 285K,450M 357K,540M 428K
197,197-16,270M 475K,360M 633K,450M 792K,540M 950K
197,197-17,270M 737K,360M 982K,451M 227K,541M 473K
197,197-18,270M 998K,361M 331K,451M 663K,541M 996K
197,197-19,271M 260K,361M 680K,452M 100K,542M 520K
197,197-20,271M 522K,362M 29K,452M 537K,543M 44K
197,197-21,271M 785K,362M 379K,452M 974K,543M 569K
197,197-22,272M 47K,362M 729K,453M 412K,544M 94K
197,197-23,272M 310K,363M 80K,453M 850K,544M 620K
197,197-24,272M 573K,363M 431K,454M 288K,545M 146K
197,197-25,272M 837K,363M 782K,454M 727K,545M 673K
197,197-26,273M 100K,364M 134K,455M 167K,546M 200K
197,197-27,273M 364K,364M 485K,455M 607K,546M 728K
197,197-28,273M 628K,364M 838K,456M 47K,547M 256K
197,197-29,273M 893K,365M 190K,456M 488K,547M 785K
197,197-30,274M 157K,365M 543K,456M 929K,548M 314K
198,198-1,274M 422K,365M 896K,457M 370K,548M 844K
198,198-2,274M 688K,366M 250K,457M 812K,549M 375K
198,198-3,274M 953K,366M 604K,458M 255K,549M 906K
198,198-4,275M 219K,366M 958K,458M 698K,550M 437K
198,198-5,275M 485K,367M 313K,459M 141K,550M 969K
198,198-6,275M 751K,367M 668K,459M 584K,551M 501K
198,198-7,276M 17K,368M 23K,460M 29K,552M 34K
198,198-8,276M 284K,368M 379K,460M 473K,552M 568K
198,198-9,276M 551K,368M 735K,460M 918K,553M 102K
198,198-10,276M 818K,369M 91K,461M 364K,553M 636K
198,198-11,277M 86K,369M 448K,461M 809K,554M 171K
198,198-12,277M 354K,369M 805K,462M 256K,554M 707K
198,198-13,277M 622K,370M 162K,462M 702K,555M 243K
198,198-14,277M 890K,370M 520K,463M 149K,555M 779K
198,198-15,278M 158K,370M 878K,463M 597K,556M 316K
198,198-16,278M 427K,371M 236K,464M 45K,556M 854K
198,198-17,278M 696K,371M 595K,464M 493K,557M 392K
198,198-18,278M 966K,371M 954K,464M 942K,557M 931K
198,198-19,279M 235K,372M 313K,465M 392K,558M 470K
198,198-20,279M 505K,372M 673K,465M 841K,559M 9K
198,198-21,279M 775K,373M 33K,466M 291K,559M 550K
198,198-22,280M 45K,373M 394K,466M 742K,560M 90K
198,198-23,280M 316K,373M 755K,467M 193K,560M 632K
198,198-24,280M 587K,374M 116K,467M 645K,561M 173K
198,198-25,280M 858K,374M 477K,468M 96K,561M 716K
198,198-26,281M 129K,374M 839K,468M 549K,562M 258K
198,198-27,281M 401K,375M 201K,469M 2K,562M 802K
198,198-28,281M 673K,375M 564K,469M 455K,563M 346K
198,198-29,281M 945K,375M 927K,469M 908K,563M 890K
198,198-30,282M 218K,376M 290K,470M 362K,564M 435K
199,199-1,282M 490K,376M 654K,470M 817K,564M 980K
199,199-2,282M 763K,377M 18K,471M 272K,565M 526K
199,199-3,283M 37K,377M 382K,471M 727K,566M 73K
199,199-4,283M 310K,377M 747K,472M 183K,566M 620K
199,199-5,283M 584K,378M 112K,472M 640K,567M 167K
199,199-6,283M 858K,378M 477K,473M 96K,567M 715K
199,199-7,284M 132K,378M 843K,473M 553K,568M 264K
199,199-8,284M 407K,379M 209K,474M 11K,568M 813K
199,199-9,284M 682K,379M 575K,474M 469K,569M 363K
199,199-10,284M 957K,379M 942K,474M 928K,569M 913K
199,199-11,285M 232K,380M 309K,475M 387K,570M 464K
199,199-12,285M 508K,380M 677K,475M 846K,571M 15K
199,199-13,285M 784K,381M 45K,476M 306K,571M 567K
199,199-14,286M 60K,381M 413K,476M 766K,572M 119K
199,199-15,286M 336K,381M 781K,477M 227K,572M 672K
199,199-16,286M 613K,382M 150K,477M 688K,573M 225K
199,199-17,286M 890K,382M 520K,478M 149K,573M 779K
199,199-18,287M 167K,382M 889K,478M 612K,574M 334K
199,199-19,287M 445K,383M 259K,479M 74K,574M 889K
199,199-20,287M 722K,383M 630K,479M 537K,575M 444K
199,199-21,288M,384M,480M,576M
199,199-22,288M 279K,384M 371K,480M 464K,576M 557K
199,199-23,288M 557K,384M 743K,480M 929K,577M 114K
199,199-24,288M 836K,385M 115K,481M 393K,577M 672K
199,199-25,289M 115K,385M 487K,481M 858K,578M 230K
199,199-26,289M 395K,385M 859K,482M 324K,578M 789K
199,199-27,289M 674K,386M 232K,482M 790K,579M 348K
199,199-28,289M 954K,386M 605K,483M 257K,579M 908K
199,199-29,290M 234K,386M 979K,483M 724K,580M 468K
199,199-30,290M 515K,387M 353K,484M 191K,581M 29K
200,200-1,290M 796K,387M 727K,484M 659K,581M 591K
200,200-2,291M 77K,388M 102K,485M 127K,582M 153K
200,200-3,291M 358K,388M 477K,485M 596K,582M 715K
200,200-4,291M 639K,388M 852K,486M 65K,583M 278K
200,200-5,291M 921K,389M 228K,486M 535K,583M 842K
200,200-6,292M 203K,389M 604K,487M 5K,584M 406K
200,200-7,292M 486K,389M 981K,487M 476K,584M 971K
200,200-8,292M 768K,390M 358K,487M 947K,585M 536K
200,200-9,293M 51K,390M 735K,488M 418K,586M 102K
200,200-10,293M 334K,391M 112K,488M 890K,586M 668K
200,200-11,293M 618K,391M 490K,489M 363K,587M 235K
200,200-12,293M 902K,391M 869K,489M 836K,587M 803K
200,200-13,294M 186K,392M 247K,490M 309K,588M 371K
200,200-14,294M 470K,392M 626K,490M 783K,588M 939K
200,200-15,294M 755K,393M 6K,491M 257K,589M 509K
200,200-16,295M 39K,393M 386K,491M 732K,590M 78K
200,200-17,295M 324K,393M 766K,492M 207K,590M 648K
200,200-18,295M 610K,394M 146K,492M 683K,591M 219K
200,200-19,295M 895K,394M 527K,493M 159K,591M 790K
200,200-20,296M 181K,394M 908K,493M 635K,592M 362K
200,200-21,296M 468K,395M 290K,494M 112K,592M 935K
200,200-22,296M 754K,395M 672K,494M 590K,593M 508K
200,200-23,297M 41K,396M 54K,495M 68K,594M 81K
200,200-24,297M 328K,396M 437K,495M 546K,594M 655K
200,200-25,297M 615K,396M 820K,496M 25K,595M 230K
200,200-26,297M 903K,397M 204K,496M 504K,595M 805K
200,200-27,298M 191K,397M 587K,496M 984K,596M 381K
200,200-28,298M 479K,397M 972K,497M 464K,596M 957K
200,200-29,298M 767K,398M 356K,497M 945K,597M 534K
200,200-30,299M 56K,398M 741K,498M 426K,598M 111K
201,201-1,299M 345K,399M 126K,498M 908K,598M 689K
201,201-2,299M 634K,399M 512K,499M 390K,599M 268K
201,201-3,299M 924K,399M 898K,499M 873K,599M 847K
201,201-4,300M 214K,400M 285K,500M 356K,600M 427K
201,201-5,300M 504K,400M 671K,500M 839K,601M 7K
201,201-6,300M 794K,401M 59K,501M 323K,601M 588K
201,201-7,301M 85K,401M 446K,501M 808K,602M 169K
201,201-8,301M 376K,401M 834K,502M 293K,602M 751K
201,201-9,301M 667K,402M 222K,502M 778K,603M 333K
201,201-10,301M 958K,402M 611K,503M 264K,603M 916K
201,201-11,302M 250K,403M,503M 750K,604M 500K
201,201-12,302M 542K,403M 390K,504M 237K,605M 84K
201,201-13,302M 835K,403M 779K,504M 724K,605M 669K
201,201-14,303M 127K,404M 170K,505M 212K,606M 254K
201,201-15,303M 420K,404M 560K,505M 700K,606M 840K
201,201-16,303M 713K,404M 951K,506M 189K,607M 426K
201,201-17,304M 7K,405M 342K,506M 678K,608M 13K
201,201-18,304M 301K,405M 734K,507M 168K,608M 601K
201,201-19,304M 595K,406M 126K,507M 658K,609M 189K
201,201-20,304M 889K,406M 519K,508M 148K,609M 778K
201,201-21,305M 184K,406M 912K,508M 639K,610M 367K
201,201-22,305M 479K,407M 305K,509M 131K,610M 957K
201,201-23,305M 774K,407M 698K,509M 623K,611M 547K
201,201-24,306M 69K,408M 92K,510M 115K,612M 138K
201,201-25,306M 365K,408M 487K,510M 608K,612M 730K
201,201-26,306M 661K,408M 881K,511M 102K,613M 322K
201,201-27,306M 957K,409M 276K,511M 595K,613M 914K
201,201-28,307M 254K,409M 672K,512M 90K,614M 508K
201,201-29,307M 551K,410M 68K,512M 585K,615M 102K
201,201-30,307M 848K,410M 464K,513M 80K,615M 696K
202,202-1,308M 146K,410M 861K,513M 576K,616M 291K
202,202-2,308M 443K,411M 258K,514M 72K,616M 886K
202,202-3,308M 742K,411M 655K,514M 569K,617M 483K
202,202-4,309M 40K,412M 53K,515M 66K,618M 79K
202,202-5,309M 339K,412M 451K,515M 564K,618M 677K
202,202-6,309M 637K,412M 850K,516M 62K,619M 274K
202,202-7,309M 937K,413M 249K,516M 561K,619M 873K
202,202-8,310M 236K,413M 648K,517M 60K,620M 472K
202,202-9,310M 536K,414M 48K,517M 560K,621M 71K
202,202-10,310M 836K,414M 448K,518M 60K,621M 672K
202,202-11,311M 136K,414M 848K,518M 560K,622M 272K
202,202-12,311M 437K,415M 249K,519M 61K,622M 874K
202,202-13,311M 738K,415M 651K,519M 563K,623M 476K
202,202-14,312M 39K,416M 52K,520M 65K,624M 78K
202,202-15,312M 341K,416M 454K,520M 568K,624M 681K
202,202-16,312M 643K,416M 857K,521M 71K,625M 285K
202,202-17,312M 945K,417M 260K,521M 574K,625M 889K
202,202-18,313M 247K,417M 663K,522M 78K,626M 494K
202,202-19,313M 550K,418M 66K,522M 583K,627M 99K
202,202-20,313M 853K,418M 470K,523M 88K,627M 705K
202,202-21,314M 156K,418M 875K,523M 593K,628M 312K
202,202-22,314M 460K,419M 279K,524M 99K,628M 919K
202,202-23,314M 764K,419M 685K,524M 606K,629M 527K
202,202-24,315M 68K,420M 90K,525M 113K,630M 135K
202,202-25,315M 372K,420M 496K,525M 620K,630M 744K
202,202-26,315M 677K,420M 902K,526M 128K,631M 353K
202,202-27,315M 982K,421M 309K,526M 636K,631M 964K
202,202-28,316M 287K,421M 716K,527M 145K,632M 574K
202,202-29,316M 593K,422M 124K,527M 655K,633M 186K
202,202-30,316M 899K,422M 532K,528M 165K,633M 797K
203,203-1,317M 205K,422M 940K,528M 675K,634M 410K
203,203-2,317M 512K,423M 349K,529M 186K,635M 23K
203,203-3,317M 819K,423M 758K,529M 697K,635M 637K
203,203-4,318M 126K,424M 167K,530M 209K,636M 251K
203,203-5,318M 433K,424M 577K,530M 721K,636M 866K
203,203-6,318M 741K,424M 988K,531M 234K,637M 481K
203,203-7,319M 49K,425M 398K,531M 748K,638M 97K
203,203-8,319M 357K,425M 809K,532M 261K,638M 714K
203,203-9,319M 666K,426M 221K,532M 776K,639M 331K
203,203-10,319M 975K,426M 633K,533M 291K,639M 949K
203,203-11,320M 284K,427M 45K,533M 806K,640M 567K
203,203-12,320M 593K,427M 458K,534M 322K,641M 186K
203,203-13,320M 903K,427M 871K,534M 838K,641M 806K
203,203-14,321M 213K,428M 284K,535M 355K,642M 426K
203,203-15,321M 524K,428M 698K,535M 872K,643M 47K
203,203-16,321M 834K,429M 112K,536M 390K,643M 668K
203,203-17,322M 145K,429M 527K,536M 909K,644M 290K
203,203-18,322M 457K,429M 942K,537M 427K,644M 913K
203,203-19,322M 768K,430M 357K,537M 947K,645M 536K
203,203-20,323M 80K,430M 773K,538M 467K,646M 160K
203,203-21,323M 392K,431M 190K,538M 987K,646M 784K
203,203-22,323M 705K,431M 606K,539M 508K,647M 409K
203,203-23,324M 18K,432M 23K,540M 29K,648M 35K
203,203-24,324M 331K,432M 441K,540M 551K,648M 661K
203,203-25,324M 644K,432M 859K,541M 73K,649M 288K
203,203-26,324M 958K,433M 277K,541M 596K,649M 915K
203,203-27,325M 272K,433M 696K,542M 119K,650M 543K
203,203-28,325M 586K,434M 115K,542M 643K,651M 172K
203,203-29,325M 901K,434M 534K,543M 168K,651M 801K
203,203-30,326M 216K,434M 954K,543M 693K,652M 431K
204,204-1,326M 531K,435M 374K,544M 218K,653M 61K
204,204-2,326M 847K,435M 795K,544M 744K,653M 693K
204,204-3,327M 162K,436M 216K,545M 270K,654M 324K
204,204-4,327M 479K,436M 638K,545M 797K,654M 957K
204,204-5,327M 795K,437M 60K,546M 325K,655M 589K
204,204-6,328M 112K,437M 482K,546M 853K,656M 223K
204,204-7,328M 429K,437M 905K,547M 381K,656M 857K
204,204-8,328M 746K,438M 328K,547M 910K,657M 492K
204,204-9,329M 64K,438M 752K,548M 439K,658M 127K
204,204-10,329M 382K,439M 176K,548M 969K,658M 763K
204,204-11,329M 700K,439M 600K,549M 500K,659M 400K
204,204-12,330M 19K,440M 25K,550M 31K,660M 37K
204,204-13,330M 338K,440M 450K,550M 562K,660M 675K
204,204-14,330M 657K,440M 876K,551M 94K,661M 313K
204,204-15,330M 976K,441M 302K,551M 627K,661M 952K
204,204-16,331M 296K,441M 728K,552M 160K,662M 592K
204,204-17,331M 616K,442M 155K,552M 694K,663M 232K
204,204-18,331M 937K,442M 582K,553M 228K,663M 873K
204,204-19,332M 258K,443M 10K,553M 762K,664M 515K
204,204-20,332M 579K,443M 438K,554M 297K,665M 157K
204,204-21,332M 900K,443M 867K,554M 833K,665M 800K
204,204-22,333M 222K,444M 295K,555M 369K,666M 443K
204,204-23,333M 544K,444M 725K,555M 906K,667M 87K
204,204-24,333M 866K,445M 155K,556M 443K,667M 732K
204,204-25,334M 189K,445M 585K,556M 981K,668M 377K
204,204-26,334M 512K,446M 15K,557M 519K,669M 23K
204,204-27,334M 835K,446M 446K,558M 58K,669M 669K
204,204-28,335M 158K,446M 878K,558M 597K,670M 316K
204,204-29,335M 482K,447M 310K,559M 137K,670M 964K
204,204-30,335M 806K,447M 742K,559M 677K,671M 612K
205,205-1,336M 131K,448M 174K,560M 218K,672M 261K
205,205-2,336M 456K,448M 608K,560M 759K,672M 911K
205,205-3,336M 781K,449M 41K,561M 301K,673M 561K
205,205-4,337M 106K,449M 475K,561M 844K,674M 212K
205,205-5,337M 432K,449M 909K,562M 387K,674M 864K
205,205-6,337M 758K,450M 344K,562M 930K,675M 516K
205,205-7,338M 85K,450M 779K,563M 474K,676M 169K
205,205-8,338M 411K,451M 215K,564M 19K,676M 822K
205,205-9,338M 738K,451M 651K,564M 564K,677M 476K
205,205-10,339M 66K,452M 87K,565M 109K,678M 131K
205,205-11,339M 393K,452M 524K,565M 655K,678M 786K
205,205-12,339M 721K,452M 962K,566M 202K,679M 442K
205,205-13,340M 50K,453M 399K,566M 749K,680M 99K
205,205-14,340M 378K,453M 837K,567M 297K,680M 756K
205,205-15,340M 707K,454M 276K,567M 845K,681M 414K
205,205-16,341M 36K,454M 715K,568M 394K,682M 72K
205,205-17,341M 366K,455M 154K,568M 943K,682M 731K
205,205-18,341M 696K,455M 594K,569M 493K,683M 391K
205,205-19,342M 26K,456M 34K,570M 43K,684M 51K
205,205-20,342M 356K,456M 475K,570M 594K,684M 712K
205,205-21,342M 687K,456M 916K,571M 145K,685M 374K
205,205-22,343M 18K,457M 358K,571M 697K,686M 36K
205,205-23,343M 350K,457M 800K,572M 250K,686M 699K
205,205-24,343M 682K,458M 242K,572M 802K,687M 363K
205,205-25,344M 14K,458M 685K,573M 356K,688M 27K
205,205-26,344M 346K,459M 128K,573M 910K,688M 692K
205,205-27,344M 679K,459M 572K,574M 465K,689M 357K
205,205-28,345M 12K,460M 16K,575M 20K,690M 24K
205,205-29,345M 345K,460M 460K,575M 575K,690M 690K
205,205-30,345M 679K,460M 905K,576M 132K,691M 358K
206,206-1,346M 13K,461M 351K,576M 688K,692M 26K
206,206-2,346M 348K,461M 797K,577M 246K,692M 695K
206,206-3,346M 682K,462M 243K,577M 803K,693M 364K
206,206-4,347M 17K,462M 690K,578M 362K,694M 34K
206,206-5,347M 353K,463M 137K,578M 921K,694M 705K
206,206-6,347M 688K,463M 584K,579M 480K,695M 376K
206,206-7,348M 24K,464M 32K,580M 40K,696M 48K
206,206-8,348M 361K,464M 481K,580M 601K,696M 721K
206,206-9,348M 697K,464M 929K,581M 162K,697M 394K
206,206-10,349M 34K,465M 379K,581M 723K,698M 68K
206,206-11,349M 371K,465M 828K,582M 285K,698M 742K
206,206-12,349M 709K,466M 279K,582M 848K,699M 418K
206,206-13,350M 47K,466M 729K,583M 411K,700M 94K
206,206-14,350M 385K,467M 180K,583M 975K,700M 770K
206,206-15,350M 724K,467M 632K,584M 539K,701M 447K
206,206-16,351M 63K,468M 84K,585M 104K,702M 125K
206,206-17,351M 402K,468M 536K,585M 670K,702M 804K
206,206-18,351M 742K,468M 989K,586M 236K,703M 483K
206,206-19,352M 81K,469M 442K,586M 802K,704M 162K
206,206-20,352M 422K,469M 895K,587M 369K,704M 843K
206,206-21,352M 762K,470M 350K,587M 937K,705M 524K
206,206-22,353M 103K,470M 804K,588M 505K,706M 206K
206,206-23,353M 444K,471M 259K,589M 74K,706M 888K
206,206-24,353M 786K,471M 714K,589M 643K,707M 571K
206,206-25,354M 128K,472M 170K,590M 213K,708M 255K
206,206-26,354M 470K,472M 627K,590M 783K,708M 940K
206,206-27,354M 813K,473M 83K,591M 354K,709M 625K
206,206-28,355M 155K,473M 540K,591M 925K,710M 310K
206,206-29,355M 499K,473M 998K,592M 497K,710M 997K
206,206-30,355M 842K,474M 456K,593M 70K,711M 684K
207,207-1,356M 186K,474M 915K,593M 643K,712M 372K
207,207-2,356M 530K,475M 373K,594M 217K,713M 60K
207,207-3,356M 875K,475M 833K,594M 791K,713M 749K
207,207-4,357M 220K,476M 293K,595M 366K,714M 439K
207,207-5,357M 565K,476M 753K,595M 941K,715M 129K
207,207-6,357M 910K,477M 214K,596M 517K,715M 820K
207,207-7,358M 256K,477M 675K,597M 93K,716M 512K
207,207-8,358M 602K,478M 136K,597M 670K,717M 204K
207,207-9,358M 949K,478M 598K,598M 248K,717M 897K
207,207-10,359M 296K,479M 61K,598M 826K,718M 591K
207,207-11,359M 643K,479M 524K,599M 405K,719M 285K
207,207-12,359M 991K,479M 987K,599M 984K,719M 981K
207,207-13,360M 338K,480M 451K,600M 564K,720M 676K
207,207-14,360M 687K,480M 915K,601M 144K,721M 373K
207,207-15,361M 35K,481M 380K,601M 725K,722M 70K
207,207-16,361M 384K,481M 845K,602M 306K,722M 768K
207,207-17,361M 733K,482M 311K,602M 888K,723M 466K
207,207-18,362M 83K,482M 777K,603M 471K,724M 165K
207,207-19,362M 433K,483M 243K,604M 54K,724M 865K
207,207-20,362M 783K,483M 710K,604M 638K,725M 565K
207,207-21,363M 133K,484M 178K,605M 222K,726M 266K
207,207-22,363M 484K,484M 646K,605M 807K,726M 968K
207,207-23,363M 836K,485M 114K,606M 392K,727M 671K
207,207-24,364M 187K,485M 583K,606M 978K,728M 374K
207,207-25,364M 539K,486M 52K,607M 565K,729M 78K
207,207-26,364M 891K,486M 522K,608M 152K,729M 782K
207,207-27,365M 244K,486M 992K,608M 740K,730M 488K
207,207-28,365M 597K,487M 462K,609M 328K,731M 193K
207,207-29,365M 950K,487M 934K,609M 917K,731M 900K
207,207-30,366M 304K,488M 405K,610M 506K,732M 607K
208,208-1,366M 658K,488M 877K,611M 96K,733M 315K
208,208-2,367M 12K,489M 349K,611M 687K,734M 24K
208,208-3,367M 367K,489M 822K,612M 278K,734M 733K
208,208-4,367M 722K,490M 296K,612M 869K,735M 443K
208,208-5,368M 77K,490M 769K,613M 462K,736M 154K
208,208-6,368M 433K,491M 244K,614M 54K,736M 865K
208,208-7,368M 789K,491M 718K,614M 648K,737M 577K
208,208-8,369M 145K,492M 194K,615M 242K,738M 290K
208,208-9,369M 502K,492M 669K,615M 836K,739M 3K
208,208-10,369M 859K,493M 145K,616M 431K,739M 718K
208,208-11,370M 216K,493M 622K,617M 27K,740M 432K
208,208-12,370M 574K,494M 99K,617M 623K,741M 148K
208,208-13,370M 932K,494M 576K,618M 220K,741M 864K
208,208-14,371M 291K,495M 54K,618M 818K,742M 581K
208,208-15,371M 650K,495M 533K,619M 416K,743M 299K
208,208-16,372M 9K,496M 11K,620M 14K,744M 17K
208,208-17,372M 368K,496M 491K,620M 613K,744M 736K
208,208-18,372M 728K,496M 970K,621M 213K,745M 455K
208,208-19,373M 88K,497M 451K,621M 813K,746M 176K
208,208-20,373M 449K,497M 931K,622M 414K,746M 897K
208,208-21,373M 810K,498M 413K,623M 16K,747M 619K
208,208-22,374M 171K,498M 894K,623M 618K,748M 341K
208,208-23,374M 532K,499M 376K,624M 220K,749M 64K
208,208-24,374M 894K,499M 859K,624M 824K,749M 788K
208,208-25,375M 257K,500M 342K,625M 427K,750M 513K
208,208-26,375M 619K,500M 825K,626M 32K,751M 238K
208,208-27,375M 982K,501M 309K,626M 637K,751M 964K
208,208-28,376M 346K,501M 794K,627M 242K,752M 691K
208,208-29,376M 709K,502M 279K,627M 848K,753M 418K
208,208-30,377M 73K,502M 764K,628M 455K,754M 146K
209,209-1,377M 438K,503M 250K,629M 62K,754M 875K
209,209-2,377M 802K,503M 736K,629M 670K,755M 604K
209,209-3,378M 167K,504M 223K,630M 279K,756M 334K
209,209-4,378M 533K,504M 710K,630M 888K,757M 65K
209,209-5,378M 899K,505M 198K,631M 497K,757M 797K
209,209-6,379M 265K,505M 686K,632M 108K,758M 529K
209,209-7,379M 631K,506M 175K,632M 718K,759M 262K
209,209-8,379M 998K,506M 664K,633M 330K,759M 996K
209,209-9,380M 365K,507M 154K,633M 942K,760M 730K
209,209-10,380M 733K,507M 644K,634M 554K,761M 465K
209,209-11,381M 101K,508M 134K,635M 168K,762M 201K
209,209-12,381M 469K,508M 625K,635M 781K,762M 938K
209,209-13,381M 838K,509M 117K,636M 396K,763M 675K
209,209-14,382M 207K,509M 609K,637M 11K,764M 413K
209,209-15,382M 576K,510M 101K,637M 626K,765M 152K
209,209-16,382M 946K,510M 594K,638M 243K,765M 891K
209,209-17,383M 316K,511M 88K,638M 859K,766M 631K
209,209-18,383M 686K,511M 581K,639M 477K,767M 372K
209,209-19,384M 57K,512M 76K,640M 95K,768M 113K
209,209-20,384M 428K,512M 571K,640M 713K,768M 856K
209,209-21,384M 800K,513M 66K,641M 332K,769M 599K
209,209-22,385M 171K,513M 562K,641M 952K,770M 342K
209,209-23,385M 544K,514M 58K,642M 572K,771M 87K
209,209-24,385M 916K,514M 555K,643M 193K,771M 832K
209,209-25,386M 289K,515M 52K,643M 815K,772M 578K
209,209-26,386M 662K,515M 550K,644M 437K,773M 324K
209,209-27,387M 36K,516M 48K,645M 60K,774M 72K
209,209-28,387M 410K,516M 547K,645M 683K,774M 820K
209,209-29,387M 784K,517M 46K,646M 307K,775M 568K
209,209-30,388M 159K,517M 545K,646M 932K,776M 318K
210,210-1,388M 534K,518M 45K,647M 557K,777M 68K
210,210-2,388M 910K,518M 546K,648M 182K,777M 819K
210,210-3,389M 286K,519M 47K,648M 809K,778M 571K
210,210-4,389M 662K,519M 549K,649M 436K,779M 323K
210,210-5,390M 38K,520M 51K,650M 63K,780M 76K
210,210-6,390M 415K,520M 553K,650M 692K,780M 830K
210,210-7,390M 792K,521M 56K,651M 320K,781M 584K
210,210-8,391M 170K,521M 560K,651M 950K,782M 340K
210,210-9,391M 548K,522M 64K,652M 580K,783M 96K
210,210-10,391M 926K,522M 568K,653M 210K,783M 852K
210,210-11,392M 305K,523M 73K,653M 842K,784M 610K
210,210-12,392M 684K,523M 579K,654M 473K,785M 368K
210,210-13,393M 64K,524M 85K,655M 106K,786M 127K
210,210-14,393M 444K,524M 591K,655M 739K,786M 887K
210,210-15,393M 824K,525M 98K,656M 373K,787M 647K
210,210-16,394M 204K,525M 606K,657M 7K,788M 408K
210,210-17,394M 585K,526M 113K,657M 642K,789M 170K
210,210-18,394M 967K,526M 622K,658M 277K,789M 933K
210,210-19,395M 348K,527M 131K,658M 913K,790M 696K
210,210-20,395M 730K,527M 640K,659M 550K,791M 460K
210,210-21,396M 113K,528M 150K,660M 187K,792M 225K
210,210-22,396M 495K,528M 660K,660M 825K,792M 990K
210,210-23,396M 879K,529M 171K,661M 464K,793M 757K
210,210-24,397M 262K,529M 683K,662M 103K,794M 524K
210,210-25,397M 646K,530M 194K,662M 743K,795M 291K
210,210-26,398M 30K,530M 707K,663M 383K,796M 60K
210,210-27,398M 415K,531M 220K,664M 24K,796M 829K
210,210-28,398M 800K,531M 733K,664M 666K,797M 599K
210,210-29,399M 185K,532M 247K,665M 308K,798M 370K
210,210-30,399M 571K,532M 761K,665M 951K,799M 142K
211,211-1,399M 957K,533M 276K,666M 595K,799M 914K
211,211-2,400M 344K,533M 791K,667M 239K,800M 687K
211,211-3,400M 730K,534M 307K,667M 884K,801M 460K
211,211-4,401M 118K,534M 823K,668M 529K,802M 235K
211,211-5,401M 505K,535M 340K,669M 175K,803M 10K
211,211-6,401M 893K,535M 858K,669M 822K,803M 786K
211,211-7,402M 282K,536M 375K,670M 469K,804M 563K
211,211-8,402M 670K,536M 894K,671M 117K,805M 340K
211,211-9,403M 60K,537M 413K,671M 766K,806M 119K
211,211-10,403M 449K,537M 932K,672M 415K,806M 898K
211,211-11,403M 839K,538M 452K,673M 65K,807M 677K
211,211-12,404M 229K,538M 972K,673M 715K,808M 458K
211,211-13,404M 620K,539M 493K,674M 366K,809M 239K
211,211-14,405M 11K,540M 14K,675M 18K,810M 21K
211,211-15,405M 402K,540M 536K,675M 670K,810M 804K
211,211-16,405M 794K,541M 58K,676M 323K,811M 587K
211,211-17,406M 186K,541M 581K,676M 976K,812M 372K
211,211-18,406M 579K,542M 105K,677M 631K,813M 157K
211,211-19,406M 971K,542M 628K,678M 285K,813M 942K
211,211-20,407M 365K,543M 153K,678M 941K,814M 729K
211,211-21,407M 758K,543M 678K,679M 597K,815M 516K
211,211-22,408M 152K,544M 203K,680M 254K,816M 304K
211,211-23,408M 547K,544M 729K,680M 911K,817M 93K
211,211-24,408M 942K,545M 255K,681M 569K,817M 883K
211,211-25,409M 337K,545M 782K,682M 228K,818M 673K
211,211-26,409M 732K,546M 310K,682M 887K,819M 464K
211,211-27,410M 128K,546M 838K,683M 547K,820M 256K
211,211-28,410M 525K,547M 366K,684M 207K,821M 49K
211,211-29,410M 921K,547M 895K,684M 868K,821M 842K
211,211-30,411M 318K,548M 424K,685M 530K,822M 636K
212,212-1,411M 716K,548M 954K,686M 193K,823M 431K
212,212-2,412M 114K,549M 485K,686M 856K,824M 227K
212,212-3,412M 512K,550M 16K,687M 520K,825M 23K
212,212-4,412M 911K,550M 547K,688M 184K,825M 821K
212,212-5,413M 310K,551M 79K,688M 849K,826M 619K
212,212-6,413M 709K,551M 612K,689M 515K,827M 417K
212,212-7,414M 109K,552M 145K,690M 181K,828M 217K
212,212-8,414M 509K,552M 678K,690M 848K,829M 17K
212,212-9,414M 909K,553M 212K,691M 515K,829M 818K
212,212-10,415M 310K,553M 747K,692M 184K,830M 620K
212,212-11,415M 712K,554M 282K,692M 853K,831M 423K
212,212-12,416M 113K,554M 818K,693M 522K,832M 226K
212,212-13,416M 516K,555M 354K,694M 192K,833M 31K
212,212-14,416M 918K,555M 891K,694M 863K,833M 836K
212,212-15,417M 321K,556M 428K,695M 535K,834M 641K
212,212-16,417M 724K,556M 965K,696M 207K,835M 448K
212,212-17,418M 128K,557M 504K,696M 879K,836M 255K
212,212-18,418M 532K,558M 42K,697M 553K,837M 63K
212,212-19,418M 936K,558M 582K,698M 227K,837M 872K
212,212-20,419M 341K,559M 121K,698M 902K,838M 682K
212,212-21,419M 746K,559M 662K,699M 577K,839M 492K
212,212-22,420M 152K,560M 203K,700M 253K,840M 304K
212,212-23,420M 558K,560M 744K,700M 930K,841M 116K
212,212-24,420M 964K,561M 286K,701M 607K,841M 928K
212,212-25,421M 371K,561M 828K,702M 285K,842M 742K
212,212-26,421M 778K,562M 371K,702M 964K,843M 556K
212,212-27,422M 186K,562M 915K,703M 643K,844M 372K
212,212-28,422M 594K,563M 458K,704M 323K,845M 187K
212,212-29,423M 2K,564M 3K,705M 4K,846M 4K
212,212-30,423M 411K,564M 548K,705M 685K,846M 822K
213,213-1,423M 820K,565M 94K,706M 367K,847M 640K
213,213-2,424M 230K,565M 640K,707M 49K,848M 459K
213,213-3,424M 640K,566M 186K,707M 733K,849M 279K
213,213-4,425M 50K,566M 733K,708M 417K,850M 100K
213,213-5,425M 461K,567M 281K,709M 101K,850M 921K
213,213-6,425M 872K,567M 829K,709M 786K,851M 744K
213,213-7,426M 284K,568M 378K,710M 472K,852M 567K
213,213-8,426M 695K,568M 927K,711M 159K,853M 390K
213,213-9,427M 108K,569M 477K,711M 846K,854M 215K
213,213-10,427M 521K,570M 27K,712M 534K,855M 41K
213,213-11,427M 934K,570M 578K,713M 222K,855M 867K
213,213-12,428M 347K,571M 129K,713M 912K,856M 694K
213,213-13,428M 761K,571M 681K,714M 602K,857M 522K
213,213-14,429M 175K,572M 234K,715M 292K,858M 350K
213,213-15,429M 590K,572M 787K,715M 983K,859M 180K
213,213-16,430M 5K,573M 340K,716M 675K,860M 10K
213,213-17,430M 421K,573M 894K,717M 368K,860M 841K
213,213-18,430M 837K,574M 449K,718M 61K,861M 673K
213,213-19,431M 253K,575M 4K,718M 755K,862M 506K
213,213-20,431M 670K,575M 560K,719M 449K,863M 339K
213,213-21,432M 87K,576M 116K,720M 145K,864M 173K
213,213-22,432M 505K,576M 673K,720M 841K,865M 9K
213,213-23,432M 922K,577M 230K,721M 537K,865M 844K
213,213-24,433M 341K,577M 788K,722M 234K,866M 681K
213,213-25,433M 760K,578M 346K,722M 932K,867M 519K
213,213-26,434M 179K,578M 905K,723M 631K,868M 357K
213,213-27,434M 598K,579M 464K,724M 330K,869M 196K
213,213-28,435M 18K,580M 24K,725M 30K,870M 36K
213,213-29,435M 439K,580M 585K,725M 731K,870M 877K
213,213-30,435M 859K,581M 146K,726M 432K,871M 718K
214,214-1,436M 281K,581M 707K,727M 134K,872M 561K
214,214-2,436M 702K,582M 269K,727M 837K,873M 404K
214,214-3,437M 124K,582M 832K,728M 540K,874M 248K
214,214-4,437M 547K,583M 395K,729M 244K,875M 93K
214,214-5,437M 969K,583M 959K,729M 949K,875M 938K
214,214-6,438M 393K,584M 523K,730M 654K,876M 785K
214,214-7,438M 816K,585M 88K,731M 360K,877M 632K
214,214-8,439M 240K,585M 654K,732M 67K,878M 480K
214,214-9,439M 665K,586M 220K,732M 774K,879M 329K
214,214-10,440M 90K,586M 786K,733M 482K,880M 179K
214,214-11,440M 515K,587M 353K,734M 191K,881M 29K
214,214-12,440M 941K,587M 921K,734M 901K,881M 881K
214,214-13,441M 367K,588M 489K,735M 611K,882M 733K
214,214-14,441M 793K,589M 57K,736M 322K,883M 586K
214,214-15,442M 220K,589M 627K,737M 33K,884M 440K
214,214-16,442M 647K,590M 196K,737M 745K,885M 294K
214,214-17,443M 75K,590M 767K,738M 458K,886M 150K
214,214-18,443M 503K,591M 338K,739M 172K,887M 6K
214,214-19,443M 932K,591M 909K,739M 886K,887M 863K
214,214-20,444M 361K,592M 481K,740M 601K,888M 721K
214,214-21,444M 790K,593M 54K,741M 317K,889M 580K
214,214-22,445M 220K,593M 627K,742M 33K,890M 440K
214,214-23,445M 650K,594M 200K,742M 750K,891M 300K
214,214-24,446M 81K,594M 775K,743M 468K,892M 162K
214,214-25,446M 512K,595M 349K,744M 186K,893M 24K
214,214-26,446M 944K,595M 925K,744M 906K,893M 887K
214,214-27,447M 375K,596M 500K,745M 625K,894M 750K
214,214-28,447M 808K,597M 77K,746M 346K,895M 615K
214,214-29,448M 241K,597M 654K,747M 67K,896M 481K
214,214-30,448M 674K,598M 231K,747M 789K,897M 347K
215,215-1,449M 107K,598M 809K,748M 512K,898M 214K
215,215-2,449M 541K,599M 388K,749M 235K,899M 82K
215,215-3,449M 976K,599M 967K,749M 959K,899M 951K
215,215-4,450M 410K,600M 547K,750M 684K,900M 820K
215,215-5,450M 846K,601M 127K,751M 409K,901M 691K
215,215-6,451M 281K,601M 708K,752M 135K,902M 562K
215,215-7,451M 717K,602M 290K,752M 862K,903M 434K
215,215-8,452M 154K,602M 872K,753M 590K,904M 307K
215,215-9,452M 591K,603M 454K,754M 318K,905M 181K
215,215-10,453M 28K,604M 37K,755M 47K,906M 56K
215,215-11,453M 466K,604M 621K,755M 776K,906M 932K
215,215-12,453M 904K,605M 205K,756M 507K,907M 808K
215,215-13,454M 343K,605M 790K,757M 238K,908M 685K
215,215-14,454M 782K,606M 376K,757M 969K,909M 563K
215,215-15,455M 221K,606M 962K,758M 702K,910M 442K
215,215-16,455M 661K,607M 548K,759M 435K,911M 322K
215,215-17,456M 102K,608M 135K,760M 169K,912M 203K
215,215-18,456M 542K,608M 723K,760M 904K,913M 84K
215,215-19,456M 984K,609M 311K,761M 639K,913M 967K
215,215-20,457M 425K,609M 900K,762M 375K,914M 850K
215,215-21,457M 867K,610M 489K,763M 112K,915M 734K
215,215-22,458M 310K,611M 79K,763M 849K,916M 619K
215,215-23,458M 752K,611M 670K,764M 587K,917M 504K
215,215-24,459M 196K,612M 261K,765M 326K,918M 391K
215,215-25,459M 640K,612M 853K,766M 66K,919M 279K
215,215-26,460M 84K,613M 445K,766M 806K,920M 167K
215,215-27,460M 528K,614M 38K,767M 547K,921M 56K
215,215-28,460M 973K,614M 631K,768M 289K,921M 946K
215,215-29,461M 419K,615M 225K,769M 31K,922M 837K
215,215-30,461M 865K,615M 819K,769M 774K,923M 729K
216,216-1,462M 311K,616M 414K,770M 518K,924M 621K
216,216-2,462M 758K,617M 10K,771M 263K,925M 515K
216,216-3,463M 205K,617M 606K,772M 8K,926M 409K
216,216-4,463M 652K,618M 203K,772M 754K,927M 304K
216,216-5,464M 101K,618M 801K,773M 501K,928M 201K
216,216-6,464M 549K,619M 399K,774M 248K,929M 98K
216,216-7,464M 998K,619M 997K,774M 996K,929M 995K
216,216-8,465M 447K,620M 596K,775M 745K,930M 894K
216,216-9,465M 897K,621M 196K,776M 495K,931M 794K
216,216-10,466M 347K,621M 796K,777M 245K,932M 694K
216,216-11,466M 798K,622M 397K,777M 996K,933M 595K
216,216-12,467M 249K,622M 998K,778M 748K,934M 497K
216,216-13,467M 701K,623M 601K,779M 501K,935M 401K
216,216-14,468M 152K,624M 203K,780M 254K,936M 304K
216,216-15,468M 605K,624M 806K,781M 8K,937M 209K
216,216-16,469M 58K,625M 410K,781M 762K,938M 115K
216,216-17,469M 511K,626M 14K,782M 518K,939M 21K
216,216-18,469M 965K,626M 619K,783M 274K,939M 929K
216,216-19,470M 419K,627M 225K,784M 31K,940M 837K
216,216-20,470M 873K,627M 831K,784M 789K,941M 746K
216,216-21,471M 328K,628M 438K,785M 547K,942M 656K
216,216-22,471M 784K,629M 45K,786M 306K,943M 567K
216,216-23,472M 240K,629M 653K,787M 66K,944M 479K
216,216-24,472M 696K,630M 261K,787M 827K,945M 392K
216,216-25,473M 153K,630M 870K,788M 588K,946M 305K
216,216-26,473M 610K,631M 480K,789M 350K,947M 220K
216,216-27,474M 68K,632M 90K,790M 113K,948M 135K
216,216-28,474M 526K,632M 701K,790M 876K,949M 51K
216,216-29,474M 984K,633M 312K,791M 640K,949M 968K
216,216-30,475M 443K,633M 924K,792M 405K,950M 886K
217,217-1,475M 903K,634M 537K,793M 171K,951M 805K
217,217-2,476M 363K,635M 150K,793M 938K,952M 725K
217,217-3,476M 823K,635M 764K,794M 705K,953M 646K
217,217-4,477M 284K,636M 378K,795M 473K,954M 567K
217,217-5,477M 745K,636M 993K,796M 241K,955M 490K
217,217-6,478M 207K,637M 609K,797M 11K,956M 413K
217,217-7,478M 669K,638M 225K,797M 781K,957M 337K
217,217-8,479M 131K,638M 842K,798M 552K,958M 262K
217,217-9,479M 594K,639M 459K,799M 324K,959M 188K
217,217-10,480M 58K,640M 77K,800M 96K,960M 115K
217,217-11,480M 522K,640M 696K,800M 869K,961M 43K
217,217-12,480M 986K,641M 315K,801M 643K,961M 972K
217,217-13,481M 451K,641M 934K,802M 418K,962M 901K
217,217-14,481M 916K,642M 555K,803M 193K,963M 832K
217,217-15,482M 382K,643M 176K,803M 969K,964M 763K
217,217-16,482M 848K,643M 797K,804M 746K,965M 695K
217,217-17,483M 315K,644M 419K,805M 524K,966M 629K
217,217-18,483M 782K,645M 42K,806M 302K,967M 563K
217,217-19,484M 249K,645M 665K,807M 82K,968M 498K
217,217-20,484M 717K,646M 289K,807M 861K,969M 434K
217,217-21,485M 185K,646M 914K,808M 642K,970M 370K
217,217-22,485M 654K,647M 539K,809M 424K,971M 308K
217,217-23,486M 124K,648M 165K,810M 206K,972M 247K
217,217-24,486M 593K,648M 791K,810M 989K,973M 186K
217,217-25,487M 64K,649M 418K,811M 772K,974M 127K
217,217-26,487M 534K,650M 46K,812M 557K,975M 68K
217,217-27,488M 5K,650M 674K,813M 342K,976M 10K
217,217-28,488M 477K,651M 302K,814M 128K,976M 953K
217,217-29,488M 949K,651M 932K,814M 915K,977M 897K
217,217-30,489M 421K,652M 562K,815M 702K,978M 842K
218,218-1,489M 894K,653M 192K,816M 490K,979M 788K
218,218-2,490M 368K,653M 824K,817M 279K,980M 735K
218,218-3,490M 842K,654M 455K,818M 69K,981M 683K
218,218-4,491M 316K,655M 88K,818M 860K,982M 631K
218,218-5,491M 791K,655M 721K,819M 651K,983M 581K
218,218-6,492M 266K,656M 355K,820M 443K,984M 532K
218,218-7,492M 742K,656M 989K,821M 236K,985M 483K
218,218-8,493M 218K,657M 624K,822M 29K,986M 435K
218,218-9,493M 694K,658M 259K,822M 824K,987M 388K
218,218-10,494M 172K,658M 895K,823M 619K,988M 343K
218,218-11,494M 649K,659M 532K,824M 415K,989M 298K
218,218-12,495M 127K,660M 169K,825M 211K,990M 254K
218,218-13,495M 606K,660M 807K,826M 9K,991M 211K
218,218-14,496M 84K,661M 446K,826M 807K,992M 168K
218,218-15,496M 564K,662M 85K,827M 606K,993M 127K
218,218-16,497M 44K,662M 725K,828M 406K,994M 87K
218,218-17,497M 524K,663M 365K,829M 206K,995M 48K
218,218-18,498M 5K,664M 6K,830M 8K,996M 9K
218,218-19,498M 486K,664M 648K,830M 810K,996M 972K
218,218-20,498M 968K,665M 290K,831M 613K,997M 935K
218,218-21,499M 450K,665M 933K,832M 416K,998M 899K
218,218-22,499M 933K,666M 577K,833M 221K,999M 865K
218,218-23,500M 416K,667M 221K,834M 26K,1G 1M
218,218-24,500M 899K,667M 865K,834M 832K,1G 2M
218,218-25,501M 383K,668M 511K,835M 638K,1G 3M
218,218-26,501M 868K,669M 157K,836M 446K,1G 4M
218,218-27,502M 353K,669M 803K,837M 254K,1G 5M
218,218-28,502M 838K,670M 451K,838M 63K,1G 6M
218,218-29,503M 324K,671M 99K,838M 873K,1G 7M
218,218-30,503M 810K,671M 747K,839M 684K,1G 8M
219,219-1,504M 297K,672M 396K,840M 495K,1G 9M
219,219-2,504M 785K,673M 46K,841M 307K,1G 10M
219,219-3,505M 272K,673M 696K,842M 120K,1G 11M
219,219-4,505M 761K,674M 347K,842M 934K,1G 12M
219,219-5,506M 249K,674M 999K,843M 749K,1G 13M
219,219-6,506M 739K,675M 651K,844M 564K,1G 14M
219,219-7,507M 228K,676M 304K,845M 380K,1G 15M
219,219-8,507M 718K,676M 958K,846M 197K,1G 16M
219,219-9,508M 209K,677M 612K,847M 15K,1G 17M
219,219-10,508M 700K,678M 267K,847M 833K,1G 18M
219,219-11,509M 192K,678M 922K,848M 653K,1G 19M
219,219-12,509M 684K,679M 578K,849M 473K,1G 20M
219,219-13,510M 176K,680M 235K,850M 294K,1G 21M
219,219-14,510M 669K,680M 892K,851M 115K,1G 22M
219,219-15,511M 163K,681M 550K,851M 938K,1G 23M
219,219-16,511M 657K,682M 209K,852M 761K,1G 24M
219,219-17,512M 151K,682M 868K,853M 585K,1G 25M
219,219-18,512M 646K,683M 528K,854M 410K,1G 26M
219,219-19,513M 141K,684M 188K,855M 235K,1G 27M
219,219-20,513M 637K,684M 850K,856M 62K,1G 28M
219,219-21,514M 134K,685M 511K,856M 889K,1G 29M
219,219-22,514M 631K,686M 174K,857M 717K,1G 30M
219,219-23,515M 128K,686M 837K,858M 546K,1G 31M
219,219-24,515M 626K,687M 501K,859M 376K,1G 32M
219,219-25,516M 124K,688M 165K,860M 206K,1G 33M
219,219-26,516M 623K,688M 830K,861M 37K,1G 34M
219,219-27,517M 122K,689M 496K,861M 869K,1G 35M
219,219-28,517M 622K,690M 162K,862M 702K,1G 36M
219,219-29,518M 122K,690M 829K,863M 536K,1G 37M
219,219-30,518M 622K,691M 496K,864M 370K,1G 38M
220,220-1,519M 124K,692M 165K,865M 206K,1G 39M
220,220-2,519M 625K,692M 834K,866M 42K,1G 40M
220,220-3,520M 127K,693M 503K,866M 879K,1G 41M
220,220-4,520M 630K,694M 173K,867M 716K,1G 42M
220,220-5,521M 133K,694M 844K,868M 555K,1G 43M
220,220-6,521M 637K,695M 515K,869M 394K,1G 44M
220,220-7,522M 141K,696M 188K,870M 234K,1G 45M
220,220-8,522M 645K,696M 860K,871M 75K,1G 46M
220,220-9,523M 150K,697M 534K,871M 917K,1G 47M
220,220-10,523M 656K,698M 208K,872M 760K,1G 48M
220,220-11,524M 162K,698M 882K,873M 603K,1G 49M
220,220-12,524M 668K,699M 558K,874M 447K,1G 50M
220,220-13,525M 175K,700M 234K,875M 292K,1G 51M
220,220-14,525M 683K,700M 910K,876M 138K,1G 52M
220,220-15,526M 191K,701M 588K,876M 985K,1G 53M
220,220-16,526M 699K,702M 266K,877M 832K,1G 54M
220,220-17,527M 208K,702M 944K,878M 680K,1G 55M
220,220-18,527M 718K,703M 624K,879M 529K,1G 56M
220,220-19,528M 228K,704M 304K,880M 379K,1G 57M
220,220-20,528M 738K,704M 984K,881M 230K,1G 58M
220,220-21,529M 249K,705M 665K,882M 82K,1G 59M
220,220-22,529M 761K,706M 347K,882M 934K,1G 60M
220,220-23,530M 273K,707M 30K,883M 787K,1G 61M
220,220-24,530M 785K,707M 713K,884M 641K,1G 62M
220,220-25,531M 298K,708M 397K,885M 496K,1G 63M
220,220-26,531M 811K,709M 82K,886M 352K,1G 64M
220,220-27,532M 325K,709M 767K,887M 208K,1G 65M
220,220-28,532M 840K,710M 453K,888M 66K,1G 66M
220,220-29,533M 355K,711M 139K,888M 924K,1G 67M
220,220-30,533M 870K,711M 826K,889M 783K,1G 68M
221,221-1,534M 386K,712M 514K,890M 643K,1G 69M
221,221-2,534M 902K,713M 203K,891M 503K,1G 70M
221,221-3,535M 419K,713M 892K,892M 365K,1G 71M
221,221-4,535M 937K,714M 582K,893M 227K,1G 72M
221,221-5,536M 454K,715M 272K,894M 90K,1G 73M
221,221-6,536M 973K,715M 964K,894M 954K,1G 74M
221,221-7,537M 492K,716M 655K,895M 819K,1G 75M
221,221-8,538M 11K,717M 348K,896M 685K,1G 77M
221,221-9,538M 531K,718M 41K,897M 551K,1G 78M
221,221-10,539M 51K,718M 735K,898M 419K,1G 79M
221,221-11,539M 572K,719M 430K,899M 287K,1G 80M
221,221-12,540M 94K,720M 125K,900M 156K,1G 81M
221,221-13,540M 616K,720M 821K,901M 26K,1G 82M
221,221-14,541M 138K,721M 517K,901M 896K,1G 83M
221,221-15,541M 661K,722M 214K,902M 768K,1G 84M
221,221-16,542M 184K,722M 912K,903M 640K,1G 85M
221,221-17,542M 708K,723M 611K,904M 514K,1G 86M
221,221-18,543M 233K,724M 310K,905M 388K,1G 87M
221,221-19,543M 758K,725M 10K,906M 263K,1G 88M
221,221-20,544M 283K,725M 711K,907M 138K,1G 89M
221,221-21,544M 809K,726M 412K,908M 15K,1G 90M
221,221-22,545M 336K,727M 114K,908M 892K,1G 91M
221,221-23,545M 863K,727M 817K,909M 771K,1G 92M
221,221-24,546M 390K,728M 520K,910M 650K,1G 93M
221,221-25,546M 918K,729M 224K,911M 530K,1G 94M
221,221-26,547M 447K,729M 929K,912M 411K,1G 95M
221,221-27,547M 976K,730M 634K,913M 292K,1G 96M
221,221-28,548M 505K,731M 340K,914M 175K,1G 98M
221,221-29,549M 35K,732M 47K,915M 58K,1G 99M
221,221-30,549M 566K,732M 754K,915M 943K,1G 100M
222,222-1,550M 97K,733M 462K,916M 828K,1G 101M
222,222-2,550M 628K,734M 171K,917M 714K,1G 102M
222,222-3,551M 160K,734M 880K,918M 600K,1G 103M
222,222-4,551M 693K,735M 591K,919M 488K,1G 104M
222,222-5,552M 226K,736M 301K,920M 377K,1G 105M
222,222-6,552M 760K,737M 13K,921M 266K,1G 106M
222,222-7,553M 294K,737M 725K,922M 156K,1G 107M
222,222-8,553M 829K,738M 438K,923M 47K,1G 108M
222,222-9,554M 364K,739M 152K,923M 939K,1G 109M
222,222-10,554M 900K,739M 866K,924M 832K,1G 110M
222,222-11,555M 436K,740M 581K,925M 726K,1G 111M
222,222-12,555M 972K,741M 296K,926M 620K,1G 112M
222,222-13,556M 510K,742M 13K,927M 516K,1G 114M
222,222-14,557M 48K,742M 730K,928M 412K,1G 115M
222,222-15,557M 586K,743M 448K,929M 309K,1G 116M
222,222-16,558M 125K,744M 166K,930M 207K,1G 117M
222,222-17,558M 664K,744M 885K,931M 106K,1G 118M
222,222-18,559M 204K,745M 605K,932M 6K,1G 119M
222,222-19,559M 744K,746M 325K,932M 907K,1G 120M
222,222-20,560M 285K,747M 47K,933M 808K,1G 121M
222,222-21,560M 827K,747M 769K,934M 711K,1G 122M
222,222-22,561M 368K,748M 491K,935M 614K,1G 123M
222,222-23,561M 911K,749M 214K,936M 518K,1G 124M
222,222-24,562M 454K,749M 938K,937M 423K,1G 125M
222,222-25,562M 997K,750M 663K,938M 329K,1G 126M
222,222-26,563M 541K,751M 388K,939M 235K,1G 128M
222,222-27,564M 86K,752M 115K,940M 143K,1G 129M
222,222-28,564M 631K,752M 841K,941M 52K,1G 130M
222,222-29,565M 177K,753M 569K,941M 961K,1G 131M
222,222-30,565M 723K,754M 297K,942M 871K,1G 132M
223,223-1,566M 270K,755M 26K,943M 782K,1G 133M
223,223-2,566M 817K,755M 756K,944M 694K,1G 134M
223,223-3,567M 365K,756M 486K,945M 607K,1G 135M
223,223-4,567M 913K,757M 217K,946M 521K,1G 136M
223,223-5,568M 462K,757M 949K,947M 436K,1G 137M
223,223-6,569M 11K,758M 681K,948M 351K,1G 139M
223,223-7,569M 561K,759M 414K,949M 268K,1G 140M
223,223-8,570M 111K,760M 148K,950M 185K,1G 141M
223,223-9,570M 662K,760M 883K,951M 103K,1G 142M
223,223-10,571M 214K,761M 618K,952M 22K,1G 143M
223,223-11,571M 766K,762M 354K,952M 942K,1G 144M
223,223-12,572M 318K,763M 91K,953M 863K,1G 145M
223,223-13,572M 871K,763M 828K,954M 785K,1G 146M
223,223-14,573M 425K,764M 566K,955M 707K,1G 147M
223,223-15,573M 979K,765M 305K,956M 631K,1G 148M
223,223-16,574M 533K,766M 44K,957M 555K,1G 150M
223,223-17,575M 89K,766M 785K,958M 481K,1G 151M
223,223-18,575M 644K,767M 526K,959M 407K,1G 152M
223,223-19,576M 201K,768M 267K,960M 334K,1G 153M
223,223-20,576M 757K,769M 10K,961M 262K,1G 154M
223,223-21,577M 315K,769M 753K,962M 191K,1G 155M
223,223-22,577M 873K,770M 497K,963M 121K,1G 156M
223,223-23,578M 431K,771M 241K,964M 51K,1G 157M
223,223-24,578M 990K,771M 987K,964M 983K,1G 158M
223,223-25,579M 550K,772M 733K,965M 916K,1G 160M
223,223-26,580M 110K,773M 479K,966M 849K,1G 161M
223,223-27,580M 670K,774M 227K,967M 783K,1G 162M
223,223-28,581M 231K,774M 975K,968M 718K,1G 163M
223,223-29,581M 793K,775M 724K,969M 655K,1G 164M
223,223-30,582M 355K,776M 473K,970M 592K,1G 165M
224,224-1,582M 918K,777M 224K,971M 530K,1G 166M
224,224-2,583M 481K,777M 975K,972M 468K,1G 167M
224,224-3,584M 45K,778M 727K,973M 408K,1G 169M
224,224-4,584M 609K,779M 479K,974M 349K,1G 170M
224,224-5,585M 174K,780M 232K,975M 290K,1G 171M
224,224-6,585M 740K,780M 986K,976M 233K,1G 172M
224,224-7,586M 306K,781M 741K,977M 176K,1G 173M
224,224-8,586M 872K,782M 496K,978M 120K,1G 174M
224,224-9,587M 440K,783M 253K,979M 66K,1G 175M
224,224-10,588M 7K,784M 9K,980M 12K,1G 177M
224,224-11,588M 575K,784M 767K,980M 959K,1G 178M
224,224-12,589M 144K,785M 525K,981M 907K,1G 179M
224,224-13,589M 713K,786M 284K,982M 855K,1G 180M
224,224-14,590M 283K,787M 44K,983M 805K,1G 181M
224,224-15,590M 854K,787M 805K,984M 756K,1G 182M
224,224-16,591M 425K,788M 566K,985M 708K,1G 183M
224,224-17,591M 996K,789M 328K,986M 660K,1G 184M
224,224-18,592M 568K,790M 91K,987M 614K,1G 186M
224,224-19,593M 141K,790M 854K,988M 568K,1G 187M
224,224-20,593M 714K,791M 619K,989M 523K,1G 188M
224,224-21,594M 288K,792M 384K,990M 479K,1G 189M
224,224-22,594M 862K,793M 149K,991M 437K,1G 190M
224,224-23,595M 437K,793M 916K,992M 395K,1G 191M
224,224-24,596M 12K,794M 683K,993M 354K,1G 193M
224,224-25,596M 588K,795M 451K,994M 313K,1G 194M
224,224-26,597M 165K,796M 220K,995M 274K,1G 195M
224,224-27,597M 742K,796M 989K,996M 236K,1G 196M
224,224-28,598M 319K,797M 759K,997M 199K,1G 197M
224,224-29,598M 898K,798M 530K,998M 162K,1G 198M
224,224-30,599M 476K,799M 302K,999M 127K,1G 199M
225,225-1,600M 56K,800M 74K,1G 1M,1G 201M
225,225-2,600M 636K,800M 847K,1G 2M,1G 202M
225,225-3,601M 216K,801M 621K,1G 3M,1G 203M
225,225-4,601M 797K,802M 396K,1G 3M,1G 204M
225,225-5,602M 378K,803M 171K,1G 4M,1G 205M
225,225-6,602M 961K,803M 947K,1G 5M,1G 206M
225,225-7,603M 543K,804M 724K,1G 6M,1G 208M
225,225-8,604M 126K,805M 502K,1G 7M,1G 209M
225,225-9,604M 710K,806M 280K,1G 8M,1G 210M
225,225-10,605M 295K,807M 59K,1G 9M,1G 211M
225,225-11,605M 880K,807M 839K,1G 10M,1G 212M
225,225-12,606M 465K,808M 620K,1G 11M,1G 213M
225,225-13,607M 51K,809M 401K,1G 12M,1G 215M
225,225-14,607M 638K,810M 183K,1G 13M,1G 216M
225,225-15,608M 225K,810M 966K,1G 14M,1G 217M
225,225-16,608M 813K,811M 750K,1G 15M,1G 218M
225,225-17,609M 401K,812M 534K,1G 16M,1G 219M
225,225-18,609M 990K,813M 320K,1G 17M,1G 220M
225,225-19,610M 579K,814M 106K,1G 18M,1G 222M
225,225-20,611M 169K,814M 892K,1G 19M,1G 223M
225,225-21,611M 760K,815M 680K,1G 20M,1G 224M
225,225-22,612M 351K,816M 468K,1G 21M,1G 225M
225,225-23,612M 943K,817M 257K,1G 22M,1G 226M
225,225-24,613M 535K,818M 47K,1G 23M,1G 228M
225,225-25,614M 128K,818M 837K,1G 24M,1G 229M
225,225-26,614M 721K,819M 628K,1G 25M,1G 230M
225,225-27,615M 315K,820M 420K,1G 26M,1G 231M
225,225-28,615M 910K,821M 213K,1G 27M,1G 232M
225,225-29,616M 505K,822M 7K,1G 28M,1G 234M
225,225-30,617M 101K,822M 801K,1G 29M,1G 235M
226,226-1,617M 697K,823M 596K,1G 30M,1G 236M
226,226-2,618M 294K,824M 392K,1G 31M,1G 237M
226,226-3,618M 892K,825M 189K,1G 32M,1G 238M
226,226-4,619M 490K,825M 986K,1G 33M,1G 239M
226,226-5,620M 88K,826M 784K,1G 34M,1G 241M
226,226-6,620M 688K,827M 583K,1G 35M,1G 242M
226,226-7,621M 287K,828M 383K,1G 36M,1G 243M
226,226-8,621M 888K,829M 184K,1G 37M,1G 244M
226,226-9,622M 489K,829M 985K,1G 38M,1G 245M
226,226-10,623M 90K,830M 787K,1G 39M,1G 247M
226,226-11,623M 692K,831M 590K,1G 40M,1G 248M
226,226-12,624M 295K,832M 393K,1G 41M,1G 249M
226,226-13,624M 898K,833M 198K,1G 42M,1G 250M
226,226-14,625M 502K,834M 3K,1G 43M,1G 252M
226,226-15,626M 107K,834M 809K,1G 44M,1G 253M
226,226-16,626M 712K,835M 615K,1G 45M,1G 254M
226,226-17,627M 317K,836M 423K,1G 46M,1G 255M
226,226-18,627M 923K,837M 231K,1G 47M,1G 256M
226,226-19,628M 530K,838M 40K,1G 48M,1G 258M
226,226-20,629M 138K,838M 850K,1G 49M,1G 259M
226,226-21,629M 746K,839M 661K,1G 50M,1G 260M
226,226-22,630M 354K,840M 472K,1G 51M,1G 261M
226,226-23,630M 963K,841M 284K,1G 52M,1G 262M
226,226-24,631M 573K,842M 97K,1G 53M,1G 264M
226,226-25,632M 183K,842M 911K,1G 54M,1G 265M
226,226-26,632M 794K,843M 725K,1G 55M,1G 266M
226,226-27,633M 406K,844M 541K,1G 56M,1G 267M
226,226-28,634M 18K,845M 357K,1G 57M,1G 269M
226,226-29,634M 630K,846M 174K,1G 58M,1G 270M
226,226-30,635M 244K,846M 991K,1G 59M,1G 271M
227,227-1,635M 858K,847M 810K,1G 60M,1G 272M
227,227-2,636M 472K,848M 629K,1G 61M,1G 273M
227,227-3,637M 87K,849M 449K,1G 62M,1G 275M
227,227-4,637M 703K,850M 270K,1G 63M,1G 276M
227,227-5,638M 319K,851M 92K,1G 64M,1G 277M
227,227-6,638M 936K,851M 914K,1G 65M,1G 278M
227,227-7,639M 553K,852M 737K,1G 66M,1G 280M
227,227-8,640M 171K,853M 562K,1G 67M,1G 281M
227,227-9,640M 790K,854M 386K,1G 68M,1G 282M
227,227-10,641M 409K,855M 212K,1G 70M,1G 283M
227,227-11,642M 29K,856M 38K,1G 71M,1G 285M
227,227-12,642M 649K,856M 866K,1G 72M,1G 286M
227,227-13,643M 270K,857M 694K,1G 73M,1G 287M
227,227-14,643M 892K,858M 522K,1G 74M,1G 288M
227,227-15,644M 514K,859M 352K,1G 75M,1G 290M
227,227-16,645M 137K,860M 182K,1G 76M,1G 291M
227,227-17,645M 760K,861M 14K,1G 77M,1G 292M
227,227-18,646M 384K,861M 846K,1G 78M,1G 293M
227,227-19,647M 9K,862M 679K,1G 79M,1G 295M
227,227-20,647M 634K,863M 512K,1G 80M,1G 296M
227,227-21,648M 260K,864M 347K,1G 81M,1G 297M
227,227-22,648M 887K,865M 182K,1G 82M,1G 298M
227,227-23,649M 514K,866M 18K,1G 83M,1G 300M
227,227-24,650M 141K,866M 855K,1G 84M,1G 301M
227,227-25,650M 769K,867M 692K,1G 85M,1G 302M
227,227-26,651M 398K,868M 531K,1G 86M,1G 303M
227,227-27,652M 28K,869M 370K,1G 87M,1G 305M
227,227-28,652M 658K,870M 210K,1G 88M,1G 306M
227,227-29,653M 289K,871M 51K,1G 89M,1G 307M
227,227-30,653M 920K,871M 893K,1G 90M,1G 308M
228,228-1,654M 552K,872M 736K,1G 91M,1G 310M
228,228-2,655M 184K,873M 579K,1G 92M,1G 311M
228,228-3,655M 817K,874M 423K,1G 94M,1G 312M
228,228-4,656M 451K,875M 268K,1G 95M,1G 313M
228,228-5,657M 86K,876M 114K,1G 96M,1G 315M
228,228-6,657M 720K,876M 960K,1G 97M,1G 316M
228,228-7,658M 356K,877M 808K,1G 98M,1G 317M
228,228-8,658M 992K,878M 656K,1G 99M,1G 318M
228,228-9,659M 629K,879M 505K,1G 100M,1G 320M
228,228-10,660M 267K,880M 355K,1G 101M,1G 321M
228,228-11,660M 905K,881M 206K,1G 102M,1G 322M
228,228-12,661M 543K,882M 57K,1G 103M,1G 324M
228,228-13,662M 182K,882M 910K,1G 104M,1G 325M
228,228-14,662M 822K,883M 763K,1G 105M,1G 326M
228,228-15,663M 463K,884M 617K,1G 106M,1G 327M
228,228-16,664M 104K,885M 472K,1G 107M,1G 329M
228,228-17,664M 746K,886M 327K,1G 108M,1G 330M
228,228-18,665M 388K,887M 184K,1G 109M,1G 331M
228,228-19,666M 31K,888M 41K,1G 111M,1G 333M
228,228-20,666M 675K,888M 899K,1G 112M,1G 334M
228,228-21,667M 319K,889M 758K,1G 113M,1G 335M
228,228-22,667M 964K,890M 618K,1G 114M,1G 336M
228,228-23,668M 609K,891M 479K,1G 115M,1G 338M
228,228-24,669M 255K,892M 340K,1G 116M,1G 339M
228,228-25,669M 902K,893M 203K,1G 117M,1G 340M
228,228-26,670M 549K,894M 66K,1G 118M,1G 342M
228,228-27,671M 197K,894M 930K,1G 119M,1G 343M
228,228-28,671M 846K,895M 795K,1G 120M,1G 344M
228,228-29,672M 495K,896M 660K,1G 121M,1G 345M
228,228-30,673M 145K,897M 527K,1G 122M,1G 347M
229,229-1,673M 796K,898M 394K,1G 123M,1G 348M
229,229-2,674M 447K,899M 262K,1G 125M,1G 349M
229,229-3,675M 98K,900M 131K,1G 126M,1G 351M
229,229-4,675M 751K,901M 1K,1G 127M,1G 352M
229,229-5,676M 404K,901M 872K,1G 128M,1G 353M
229,229-6,677M 57K,902M 743K,1G 129M,1G 355M
229,229-7,677M 712K,903M 615K,1G 130M,1G 356M
229,229-8,678M 367K,904M 489K,1G 131M,1G 357M
229,229-9,679M 22K,905M 363K,1G 132M,1G 359M
229,229-10,679M 678K,906M 238K,1G 133M,1G 360M
229,229-11,680M 335K,907M 113K,1G 134M,1G 361M
229,229-12,680M 993K,907M 990K,1G 135M,1G 362M
229,229-13,681M 651K,908M 867K,1G 137M,1G 364M
229,229-14,682M 309K,909M 746K,1G 138M,1G 365M
229,229-15,682M 969K,910M 625K,1G 139M,1G 366M
229,229-16,683M 629K,911M 505K,1G 140M,1G 368M
229,229-17,684M 289K,912M 386K,1G 141M,1G 369M
229,229-18,684M 951K,913M 267K,1G 142M,1G 370M
229,229-19,685M 612K,914M 150K,1G 143M,1G 372M
229,229-20,686M 275K,915M 33K,1G 144M,1G 373M
229,229-21,686M 938K,915M 917K,1G 145M,1G 374M
229,229-22,687M 602K,916M 802K,1G 147M,1G 376M
229,229-23,688M 266K,917M 688K,1G 148M,1G 377M
229,229-24,688M 931K,918M 575K,1G 149M,1G 378M
229,229-25,689M 597K,919M 463K,1G 150M,1G 380M
229,229-26,690M 264K,920M 351K,1G 151M,1G 381M
229,229-27,690M 931K,921M 241K,1G 152M,1G 382M
229,229-28,691M 598K,922M 131K,1G 153M,1G 384M
229,229-29,692M 267K,923M 22K,1G 154M,1G 385M
229,229-30,692M 936K,923M 914K,1G 155M,1G 386M
230,230-1,693M 605K,924M 807K,1G 157M,1G 388M
230,230-2,694M 275K,925M 700K,1G 158M,1G 389M
230,230-3,694M 946K,926M 595K,1G 159M,1G 390M
230,230-4,695M 618K,927M 490K,1G 160M,1G 392M
230,230-5,696M 290K,928M 387K,1G 161M,1G 393M
230,230-6,696M 963K,929M 284K,1G 162M,1G 394M
230,230-7,697M 636K,930M 182K,1G 163M,1G 396M
230,230-8,698M 311K,931M 81K,1G 164M,1G 397M
230,230-9,698M 985K,931M 980K,1G 165M,1G 398M
230,230-10,699M 661K,932M 881K,1G 167M,1G 400M
230,230-11,700M 337K,933M 782K,1G 168M,1G 401M
230,230-12,701M 14K,934M 685K,1G 169M,1G 403M
230,230-13,701M 691K,935M 588K,1G 170M,1G 404M
230,230-14,702M 369K,936M 492K,1G 171M,1G 405M
230,230-15,703M 48K,937M 397K,1G 172M,1G 407M
230,230-16,703M 727K,938M 303K,1G 173M,1G 408M
230,230-17,704M 407K,939M 210K,1G 175M,1G 409M
230,230-18,705M 88K,940M 117K,1G 176M,1G 411M
230,230-19,705M 769K,941M 26K,1G 177M,1G 412M
230,230-20,706M 451K,941M 935K,1G 178M,1G 413M
230,230-21,707M 134K,942M 845K,1G 179M,1G 415M
230,230-22,707M 817K,943M 756K,1G 180M,1G 416M
230,230-23,708M 501K,944M 668K,1G 181M,1G 418M
230,230-24,709M 186K,945M 581K,1G 182M,1G 419M
230,230-25,709M 871K,946M 495K,1G 184M,1G 420M
230,230-26,710M 557K,947M 410K,1G 185M,1G 422M
230,230-27,711M 244K,948M 325K,1G 186M,1G 423M
230,230-28,711M 931K,949M 242K,1G 187M,1G 424M
230,230-29,712M 619K,950M 159K,1G 188M,1G 426M
230,230-30,713M 308K,951M 77K,1G 189M,1G 427M
231,231-1,713M 997K,951M 996K,1G 190M,1G 428M
231,231-2,714M 687K,952M 916K,1G 192M,1G 430M
231,231-3,715M 378K,953M 837K,1G 193M,1G 431M
231,231-4,716M 69K,954M 759K,1G 194M,1G 433M
231,231-5,716M 761K,955M 681K,1G 195M,1G 434M
231,231-6,717M 454K,956M 605K,1G 196M,1G 435M
231,231-7,718M 147K,957M 529K,1G 197M,1G 437M
231,231-8,718M 841K,958M 454K,1G 199M,1G 438M
231,231-9,719M 536K,959M 381K,1G 200M,1G 440M
231,231-10,720M 231K,960M 308K,1G 201M,1G 441M
231,231-11,720M 927K,961M 236K,1G 202M,1G 442M
231,231-12,721M 624K,962M 165K,1G 203M,1G 444M
231,231-13,722M 321K,963M 94K,1G 204M,1G 445M
231,231-14,723M 19K,964M 25K,1G 206M,1G 447M
231,231-15,723M 718K,964M 957K,1G 207M,1G 448M
231,231-16,724M 417K,965M 889K,1G 208M,1G 449M
231,231-17,725M 117K,966M 822K,1G 209M,1G 451M
231,231-18,725M 818K,967M 757K,1G 210M,1G 452M
231,231-19,726M 519K,968M 692K,1G 211M,1G 454M
231,231-20,727M 221K,969M 628K,1G 213M,1G 455M
231,231-21,727M 924K,970M 565K,1G 214M,1G 456M
231,231-22,728M 627K,971M 503K,1G 215M,1G 458M
231,231-23,729M 331K,972M 442K,1G 216M,1G 459M
231,231-24,730M 36K,973M 381K,1G 217M,1G 461M
231,231-25,730M 742K,974M 322K,1G 218M,1G 462M
231,231-26,731M 448K,975M 263K,1G 220M,1G 463M
231,231-27,732M 155K,976M 206K,1G 221M,1G 465M
231,231-28,732M 862K,977M 149K,1G 222M,1G 466M
231,231-29,733M 570K,978M 93K,1G 223M,1G 468M
231,231-30,734M 279K,979M 39K,1G 224M,1G 469M
232,232-1,734M 989K,979M 985K,1G 225M,1G 470M
232,232-2,735M 699K,980M 932K,1G 227M,1G 472M
232,232-3,736M 410K,981M 880K,1G 228M,1G 473M
232,232-4,737M 121K,982M 828K,1G 229M,1G 475M
232,232-5,737M 834K,983M 778K,1G 230M,1G 476M
232,232-6,738M 547K,984M 729K,1G 231M,1G 478M
232,232-7,739M 260K,985M 680K,1G 233M,1G 479M
232,232-8,739M 975K,986M 633K,1G 234M,1G 480M
232,232-9,740M 690K,987M 586K,1G 235M,1G 482M
232,232-10,741M 406K,988M 541K,1G 236M,1G 483M
232,232-11,742M 122K,989M 496K,1G 237M,1G 485M
232,232-12,742M 839K,990M 452K,1G 239M,1G 486M
232,232-13,743M 557K,991M 409K,1G 240M,1G 488M
232,232-14,744M 276K,992M 367K,1G 241M,1G 489M
232,232-15,744M 995K,993M 326K,1G 242M,1G 490M
232,232-16,745M 715K,994M 286K,1G 243M,1G 492M
232,232-17,746M 435K,995M 247K,1G 245M,1G 493M
232,232-18,747M 157K,996M 209K,1G 246M,1G 495M
232,232-19,747M 879K,997M 171K,1G 247M,1G 496M
232,232-20,748M 601K,998M 135K,1G 248M,1G 498M
232,232-21,749M 325K,999M 99K,1G 249M,1G 499M
232,232-22,750M 49K,1G 1M,1G 251M,1G 501M
232,232-23,750M 774K,1G 2M,1G 252M,1G 502M
232,232-24,751M 499K,1G 2M,1G 253M,1G 503M
232,232-25,752M 225K,1G 3M,1G 254M,1G 505M
232,232-26,752M 952K,1G 4M,1G 255M,1G 506M
232,232-27,753M 680K,1G 5M,1G 257M,1G 508M
232,232-28,754M 408K,1G 6M,1G 258M,1G 509M
232,232-29,755M 137K,1G 7M,1G 259M,1G 511M
232,232-30,755M 867K,1G 8M,1G 260M,1G 512M
233,233-1,756M 597K,1G 9M,1G 261M,1G 514M
233,233-2,757M 328K,1G 10M,1G 263M,1G 515M
233,233-3,758M 60K,1G 11M,1G 264M,1G 517M
233,233-4,758M 793K,1G 12M,1G 265M,1G 518M
233,233-5,759M 526K,1G 13M,1G 266M,1G 520M
233,233-6,760M 260K,1G 14M,1G 268M,1G 521M
233,233-7,760M 995K,1G 15M,1G 269M,1G 522M
233,233-8,761M 730K,1G 16M,1G 270M,1G 524M
233,233-9,762M 466K,1G 17M,1G 271M,1G 525M
233,233-10,763M 203K,1G 18M,1G 273M,1G 527M
233,233-11,763M 940K,1G 19M,1G 274M,1G 528M
233,233-12,764M 679K,1G 20M,1G 275M,1G 530M
233,233-13,765M 418K,1G 21M,1G 276M,1G 531M
233,233-14,766M 157K,1G 22M,1G 277M,1G 533M
233,233-15,766M 898K,1G 23M,1G 279M,1G 534M
233,233-16,767M 639K,1G 24M,1G 280M,1G 536M
233,233-17,768M 381K,1G 25M,1G 281M,1G 537M
233,233-18,769M 123K,1G 26M,1G 282M,1G 539M
233,233-19,769M 866K,1G 27M,1G 284M,1G 540M
233,233-20,770M 610K,1G 28M,1G 285M,1G 542M
233,233-21,771M 355K,1G 29M,1G 286M,1G 543M
233,233-22,772M 100K,1G 30M,1G 287M,1G 545M
233,233-23,772M 846K,1G 31M,1G 289M,1G 546M
233,233-24,773M 593K,1G 32M,1G 290M,1G 548M
233,233-25,774M 341K,1G 33M,1G 291M,1G 549M
233,233-26,775M 89K,1G 34M,1G 292M,1G 551M
233,233-27,775M 838K,1G 35M,1G 294M,1G 552M
233,233-28,776M 588K,1G 36M,1G 295M,1G 554M
233,233-29,777M 338K,1G 37M,1G 296M,1G 555M
233,233-30,778M 89K,1G 38M,1G 297M,1G 557M
234,234-1,778M 841K,1G 39M,1G 299M,1G 558M
234,234-2,779M 594K,1G 40M,1G 300M,1G 560M
234,234-3,780M 347K,1G 41M,1G 301M,1G 561M
234,234-4,781M 101K,1G 42M,1G 302M,1G 563M
234,234-5,781M 856K,1G 43M,1G 304M,1G 564M
234,234-6,782M 612K,1G 44M,1G 305M,1G 566M
234,234-7,783M 368K,1G 45M,1G 306M,1G 567M
234,234-8,784M 125K,1G 46M,1G 307M,1G 569M
234,234-9,784M 883K,1G 47M,1G 309M,1G 570M
234,234-10,785M 641K,1G 48M,1G 310M,1G 572M
234,234-11,786M 400K,1G 49M,1G 311M,1G 573M
234,234-12,787M 160K,1G 50M,1G 312M,1G 575M
234,234-13,787M 921K,1G 51M,1G 314M,1G 576M
234,234-14,788M 682K,1G 52M,1G 315M,1G 578M
234,234-15,789M 444K,1G 53M,1G 316M,1G 579M
234,234-16,790M 207K,1G 54M,1G 318M,1G 581M
234,234-17,790M 971K,1G 55M,1G 319M,1G 582M
234,234-18,791M 735K,1G 56M,1G 320M,1G 584M
234,234-19,792M 500K,1G 57M,1G 321M,1G 585M
234,234-20,793M 266K,1G 58M,1G 323M,1G 587M
234,234-21,794M 33K,1G 59M,1G 324M,1G 589M
234,234-22,794M 800K,1G 60M,1G 325M,1G 590M
234,234-23,795M 568K,1G 61M,1G 326M,1G 592M
234,234-24,796M 337K,1G 62M,1G 328M,1G 593M
234,234-25,797M 106K,1G 63M,1G 329M,1G 595M
234,234-26,797M 877K,1G 64M,1G 330M,1G 596M
234,234-27,798M 648K,1G 65M,1G 332M,1G 598M
234,234-28,799M 419K,1G 66M,1G 333M,1G 599M
234,234-29,800M 192K,1G 67M,1G 334M,1G 601M
234,234-30,800M 965K,1G 68M,1G 335M,1G 602M
235,235-1,801M 739K,1G 69M,1G 337M,1G 604M
235,235-2,802M 514K,1G 71M,1G 338M,1G 606M
235,235-3,803M 289K,1G 72M,1G 339M,1G 607M
235,235-4,804M 66K,1G 73M,1G 341M,1G 609M
235,235-5,804M 843K,1G 74M,1G 342M,1G 610M
235,235-6,805M 620K,1G 75M,1G 343M,1G 612M
235,235-7,806M 399K,1G 76M,1G 344M,1G 613M
235,235-8,807M 178K,1G 77M,1G 346M,1G 615M
235,235-9,807M 958K,1G 78M,1G 347M,1G 616M
235,235-10,808M 739K,1G 79M,1G 348M,1G 618M
235,235-11,809M 520K,1G 80M,1G 350M,1G 620M
235,235-12,810M 303K,1G 81M,1G 351M,1G 621M
235,235-13,811M 86K,1G 82M,1G 352M,1G 623M
235,235-14,811M 870K,1G 83M,1G 354M,1G 624M
235,235-15,812M 654K,1G 84M,1G 355M,1G 626M
235,235-16,813M 439K,1G 85M,1G 356M,1G 627M
235,235-17,814M 225K,1G 86M,1G 358M,1G 629M
235,235-18,815M 12K,1G 87M,1G 359M,1G 631M
235,235-19,815M 800K,1G 88M,1G 360M,1G 632M
235,235-20,816M 588K,1G 89M,1G 361M,1G 634M
235,235-21,817M 377K,1G 90M,1G 363M,1G 635M
235,235-22,818M 167K,1G 91M,1G 364M,1G 637M
235,235-23,818M 958K,1G 92M,1G 365M,1G 638M
235,235-24,819M 749K,1G 93M,1G 367M,1G 640M
235,235-25,820M 541K,1G 95M,1G 368M,1G 642M
235,235-26,821M 334K,1G 96M,1G 369M,1G 643M
235,235-27,822M 128K,1G 97M,1G 371M,1G 645M
235,235-28,822M 922K,1G 98M,1G 372M,1G 646M
235,235-29,823M 718K,1G 99M,1G 373M,1G 648M
235,235-30,824M 514K,1G 100M,1G 375M,1G 650M
236,236-1,825M 310K,1G 101M,1G 376M,1G 651M
236,236-2,826M 108K,1G 102M,1G 377M,1G 653M
236,236-3,826M 906K,1G 103M,1G 379M,1G 654M
236,236-4,827M 705K,1G 104M,1G 380M,1G 656M
236,236-5,828M 505K,1G 105M,1G 381M,1G 658M
236,236-6,829M 306K,1G 106M,1G 383M,1G 659M
236,236-7,830M 107K,1G 107M,1G 384M,1G 661M
236,236-8,830M 909K,1G 108M,1G 385M,1G 662M
236,236-9,831M 712K,1G 109M,1G 387M,1G 664M
236,236-10,832M 516K,1G 111M,1G 388M,1G 666M
236,236-11,833M 320K,1G 112M,1G 389M,1G 667M
236,236-12,834M 126K,1G 113M,1G 391M,1G 669M
236,236-13,834M 932K,1G 114M,1G 392M,1G 670M
236,236-14,835M 738K,1G 115M,1G 393M,1G 672M
236,236-15,836M 546K,1G 116M,1G 395M,1G 674M
236,236-16,837M 354K,1G 117M,1G 396M,1G 675M
236,236-17,838M 164K,1G 118M,1G 397M,1G 677M
236,236-18,838M 974K,1G 119M,1G 399M,1G 678M
236,236-19,839M 784K,1G 120M,1G 400M,1G 680M
236,236-20,840M 596K,1G 121M,1G 401M,1G 682M
236,236-21,841M 408K,1G 122M,1G 403M,1G 683M
236,236-22,842M 221K,1G 123M,1G 404M,1G 685M
236,236-23,843M 35K,1G 125M,1G 406M,1G 687M
236,236-24,843M 850K,1G 126M,1G 407M,1G 688M
236,236-25,844M 665K,1G 127M,1G 408M,1G 690M
236,236-26,845M 481K,1G 128M,1G 410M,1G 691M
236,236-27,846M 298K,1G 129M,1G 411M,1G 693M
236,236-28,847M 116K,1G 130M,1G 412M,1G 695M
236,236-29,847M 935K,1G 131M,1G 414M,1G 696M
236,236-30,848M 754K,1G 132M,1G 415M,1G 698M
237,237-1,849M 574K,1G 133M,1G 416M,1G 700M
237,237-2,850M 395K,1G 134M,1G 418M,1G 701M
237,237-3,851M 217K,1G 135M,1G 419M,1G 703M
237,237-4,852M 40K,1G 137M,1G 421M,1G 705M
237,237-5,852M 863K,1G 138M,1G 422M,1G 706M
237,237-6,853M 687K,1G 139M,1G 423M,1G 708M
237,237-7,854M 512K,1G 140M,1G 425M,1G 710M
237,237-8,855M 338K,1G 141M,1G 426M,1G 711M
237,237-9,856M 164K,1G 142M,1G 427M,1G 713M
237,237-10,856M 992K,1G 143M,1G 429M,1G 714M
237,237-11,857M 820K,1G 144M,1G 430M,1G 716M
237,237-12,858M 649K,1G 145M,1G 432M,1G 718M
237,237-13,859M 479K,1G 146M,1G 433M,1G 719M
237,237-14,860M 309K,1G 148M,1G 434M,1G 721M
237,237-15,861M 141K,1G 149M,1G 436M,1G 723M
237,237-16,861M 973K,1G 150M,1G 437M,1G 724M
237,237-17,862M 806K,1G 151M,1G 439M,1G 726M
237,237-18,863M 639K,1G 152M,1G 440M,1G 728M
237,237-19,864M 474K,1G 153M,1G 441M,1G 729M
237,237-20,865M 309K,1G 154M,1G 443M,1G 731M
237,237-21,866M 146K,1G 155M,1G 444M,1G 733M
237,237-22,866M 982K,1G 156M,1G 445M,1G 734M
237,237-23,867M 820K,1G 158M,1G 447M,1G 736M
237,237-24,868M 659K,1G 159M,1G 448M,1G 738M
237,237-25,869M 498K,1G 160M,1G 450M,1G 739M
237,237-26,870M 339K,1G 161M,1G 451M,1G 741M
237,237-27,871M 180K,1G 162M,1G 452M,1G 743M
237,237-28,872M 21K,1G 163M,1G 454M,1G 745M
237,237-29,872M 864K,1G 164M,1G 455M,1G 746M
237,237-30,873M 708K,1G 165M,1G 457M,1G 748M
238,238-1,874M 552K,1G 167M,1G 458M,1G 750M
238,238-2,875M 397K,1G 168M,1G 459M,1G 751M
238,238-3,876M 243K,1G 169M,1G 461M,1G 753M
238,238-4,877M 90K,1G 170M,1G 462M,1G 755M
238,238-5,877M 937K,1G 171M,1G 464M,1G 756M
238,238-6,878M 786K,1G 172M,1G 465M,1G 758M
238,238-7,879M 635K,1G 173M,1G 467M,1G 760M
238,238-8,880M 485K,1G 174M,1G 468M,1G 761M
238,238-9,881M 336K,1G 176M,1G 469M,1G 763M
238,238-10,882M 187K,1G 177M,1G 471M,1G 765M
238,238-11,883M 40K,1G 178M,1G 472M,1G 767M
238,238-12,883M 893K,1G 179M,1G 474M,1G 768M
238,238-13,884M 747K,1G 180M,1G 475M,1G 770M
238,238-14,885M 602K,1G 181M,1G 477M,1G 772M
238,238-15,886M 458K,1G 182M,1G 478M,1G 773M
238,238-16,887M 315K,1G 184M,1G 479M,1G 775M
238,238-17,888M 172K,1G 185M,1G 481M,1G 777M
238,238-18,889M 30K,1G 186M,1G 482M,1G 779M
238,238-19,889M 889K,1G 187M,1G 484M,1G 780M
238,238-20,890M 749K,1G 188M,1G 485M,1G 782M
238,238-21,891M 610K,1G 189M,1G 487M,1G 784M
238,238-22,892M 472K,1G 190M,1G 488M,1G 785M
238,238-23,893M 334K,1G 192M,1G 489M,1G 787M
238,238-24,894M 197K,1G 193M,1G 491M,1G 789M
238,238-25,895M 62K,1G 194M,1G 492M,1G 791M
238,238-26,895M 926K,1G 195M,1G 494M,1G 792M
238,238-27,896M 792K,1G 196M,1G 495M,1G 794M
238,238-28,897M 659K,1G 197M,1G 497M,1G 796M
238,238-29,898M 526K,1G 199M,1G 498M,1G 798M
238,238-30,899M 395K,1G 200M,1G 499M,1G 799M
239,239-1,900M 264K,1G 201M,1G 501M,1G 801M
239,239-2,901M 134K,1G 202M,1G 502M,1G 803M
239,239-3,902M 4K,1G 203M,1G 504M,1G 805M
239,239-4,902M 876K,1G 204M,1G 505M,1G 806M
239,239-5,903M 749K,1G 205M,1G 507M,1G 808M
239,239-6,904M 622K,1G 207M,1G 508M,1G 810M
239,239-7,905M 496K,1G 208M,1G 510M,1G 811M
239,239-8,906M 371K,1G 209M,1G 511M,1G 813M
239,239-9,907M 247K,1G 210M,1G 513M,1G 815M
239,239-10,908M 124K,1G 211M,1G 514M,1G 817M
239,239-11,909M 1K,1G 213M,1G 516M,1G 819M
239,239-12,909M 880K,1G 214M,1G 517M,1G 820M
239,239-13,910M 759K,1G 215M,1G 518M,1G 822M
239,239-14,911M 639K,1G 216M,1G 520M,1G 824M
239,239-15,912M 520K,1G 217M,1G 521M,1G 826M
239,239-16,913M 402K,1G 218M,1G 523M,1G 827M
239,239-17,914M 284K,1G 220M,1G 524M,1G 829M
239,239-18,915M 168K,1G 221M,1G 526M,1G 831M
239,239-19,916M 52K,1G 222M,1G 527M,1G 833M
239,239-20,916M 937K,1G 223M,1G 529M,1G 834M
239,239-21,917M 823K,1G 224M,1G 530M,1G 836M
239,239-22,918M 710K,1G 225M,1G 532M,1G 838M
239,239-23,919M 598K,1G 227M,1G 533M,1G 840M
239,239-24,920M 487K,1G 228M,1G 535M,1G 841M
239,239-25,921M 376K,1G 229M,1G 536M,1G 843M
239,239-26,922M 267K,1G 230M,1G 538M,1G 845M
239,239-27,923M 158K,1G 231M,1G 539M,1G 847M
239,239-28,924M 50K,1G 233M,1G 541M,1G 849M
239,239-29,924M 943K,1G 234M,1G 542M,1G 850M
239,239-30,925M 837K,1G 235M,1G 544M,1G 852M
240,240-1,926M 731K,1G 236M,1G 545M,1G 854M
240,240-2,927M 627K,1G 237M,1G 547M,1G 856M
240,240-3,928M 523K,1G 239M,1G 548M,1G 858M
240,240-4,929M 421K,1G 240M,1G 550M,1G 859M
240,240-5,930M 319K,1G 241M,1G 551M,1G 861M
240,240-6,931M 218K,1G 242M,1G 553M,1G 863M
240,240-7,932M 118K,1G 243M,1G 554M,1G 865M
240,240-8,933M 18K,1G 245M,1G 556M,1G 867M
240,240-9,933M 920K,1G 246M,1G 557M,1G 868M
240,240-10,934M 822K,1G 247M,1G 559M,1G 870M
240,240-11,935M 726K,1G 248M,1G 560M,1G 872M
240,240-12,936M 630K,1G 249M,1G 562M,1G 874M
240,240-13,937M 535K,1G 251M,1G 563M,1G 876M
240,240-14,938M 441K,1G 252M,1G 565M,1G 877M
240,240-15,939M 348K,1G 253M,1G 566M,1G 879M
240,240-16,940M 256K,1G 254M,1G 568M,1G 881M
240,240-17,941M 164K,1G 255M,1G 569M,1G 883M
240,240-18,942M 74K,1G 257M,1G 571M,1G 885M
240,240-19,942M 984K,1G 258M,1G 572M,1G 886M
240,240-20,943M 895K,1G 259M,1G 574M,1G 888M
240,240-21,944M 807K,1G 260M,1G 575M,1G 890M
240,240-22,945M 720K,1G 261M,1G 577M,1G 892M
240,240-23,946M 634K,1G 263M,1G 578M,1G 894M
240,240-24,947M 549K,1G 264M,1G 580M,1G 896M
240,240-25,948M 465K,1G 265M,1G 581M,1G 897M
240,240-26,949M 381K,1G 266M,1G 583M,1G 899M
240,240-27,950M 299K,1G 268M,1G 584M,1G 901M
240,240-28,951M 217K,1G 269M,1G 586M,1G 903M
240,240-29,952M 136K,1G 270M,1G 587M,1G 905M
240,240-30,953M 56K,1G 271M,1G 589M,1G 907M
241,241-1,953M 977K,1G 272M,1G 590M,1G 908M
241,241-2,954M 899K,1G 274M,1G 592M,1G 910M
241,241-3,955M 822K,1G 275M,1G 594M,1G 912M
241,241-4,956M 746K,1G 276M,1G 595M,1G 914M
241,241-5,957M 670K,1G 277M,1G 597M,1G 916M
241,241-6,958M 596K,1G 279M,1G 598M,1G 918M
241,241-7,959M 522K,1G 280M,1G 600M,1G 920M
241,241-8,960M 449K,1G 281M,1G 601M,1G 921M
241,241-9,961M 377K,1G 282M,1G 603M,1G 923M
241,241-10,962M 306K,1G 284M,1G 604M,1G 925M
241,241-11,963M 236K,1G 285M,1G 606M,1G 927M
241,241-12,964M 167K,1G 286M,1G 607M,1G 929M
241,241-13,965M 99K,1G 287M,1G 609M,1G 931M
241,241-14,966M 31K,1G 289M,1G 611M,1G 933M
241,241-15,966M 965K,1G 290M,1G 612M,1G 934M
241,241-16,967M 899K,1G 291M,1G 614M,1G 936M
241,241-17,968M 835K,1G 292M,1G 615M,1G 938M
241,241-18,969M 771K,1G 294M,1G 617M,1G 940M
241,241-19,970M 708K,1G 295M,1G 618M,1G 942M
241,241-20,971M 646K,1G 296M,1G 620M,1G 944M
241,241-21,972M 585K,1G 297M,1G 621M,1G 946M
241,241-22,973M 525K,1G 299M,1G 623M,1G 948M
241,241-23,974M 465K,1G 300M,1G 625M,1G 949M
241,241-24,975M 407K,1G 301M,1G 626M,1G 951M
241,241-25,976M 350K,1G 302M,1G 628M,1G 953M
241,241-26,977M 293K,1G 304M,1G 629M,1G 955M
241,241-27,978M 238K,1G 305M,1G 631M,1G 957M
241,241-28,979M 183K,1G 306M,1G 632M,1G 959M
241,241-29,980M 129K,1G 307M,1G 634M,1G 961M
241,241-30,981M 76K,1G 309M,1G 636M,1G 963M
242,242-1,982M 24K,1G 310M,1G 637M,1G 965M
242,242-2,982M 973K,1G 311M,1G 639M,1G 966M
242,242-3,983M 923K,1G 312M,1G 640M,1G 968M
242,242-4,984M 874K,1G 314M,1G 642M,1G 970M
242,242-5,985M 826K,1G 315M,1G 644M,1G 972M
242,242-6,986M 778K,1G 316M,1G 645M,1G 974M
242,242-7,987M 732K,1G 317M,1G 647M,1G 976M
242,242-8,988M 686K,1G 319M,1G 648M,1G 978M
242,242-9,989M 642K,1G 320M,1G 650M,1G 980M
242,242-10,990M 598K,1G 321M,1G 651M,1G 982M
242,242-11,991M 555K,1G 323M,1G 653M,1G 984M
242,242-12,992M 513K,1G 324M,1G 655M,1G 986M
242,242-13,993M 473K,1G 325M,1G 656M,1G 987M
242,242-14,994M 433K,1G 326M,1G 658M,1G 989M
242,242-15,995M 394K,1G 328M,1G 659M,1G 991M
242,242-16,996M 355K,1G 329M,1G 661M,1G 993M
242,242-17,997M 318K,1G 330M,1G 663M,1G 995M
242,242-18,998M 282K,1G 332M,1G 664M,1G 997M
242,242-19,999M 247K,1G 333M,1G 666M,1G 999M
242,242-20,1G 1M,1G 334M,1G 668M,2G 1M
242,242-21,1G 2M,1G 335M,1G 669M,2G 3M
242,242-22,1G 3M,1G 337M,1G 671M,2G 5M
242,242-23,1G 4M,1G 338M,1G 672M,2G 7M
242,242-24,1G 5M,1G 339M,1G 674M,2G 9M
242,242-25,1G 6M,1G 341M,1G 676M,2G 11M
242,242-26,1G 7M,1G 342M,1G 677M,2G 13M
242,242-27,1G 7M,1G 343M,1G 679M,2G 14M
242,242-28,1G 8M,1G 344M,1G 680M,2G 16M
242,242-29,1G 9M,1G 346M,1G 682M,2G 18M
242,242-30,1G 10M,1G 347M,1G 684M,2G 20M
243,243-1,1G 11M,1G 348M,1G 685M,2G 22M
243,243-2,1G 12M,1G 350M,1G 687M,2G 24M
243,243-3,1G 13M,1G 351M,1G 689M,2G 26M
243,243-4,1G 14M,1G 352M,1G 690M,2G 28M
243,243-5,1G 15M,1G 354M,1G 692M,2G 30M
243,243-6,1G 16M,1G 355M,1G 693M,2G 32M
243,243-7,1G 17M,1G 356M,1G 695M,2G 34M
243,243-8,1G 18M,1G 358M,1G 697M,2G 36M
243,243-9,1G 19M,1G 359M,1G 698M,2G 38M
243,243-10,1G 20M,1G 360M,1G 700M,2G 40M
243,243-11,1G 21M,1G 361M,1G 702M,2G 42M
243,243-12,1G 22M,1G 363M,1G 703M,2G 44M
243,243-13,1G 23M,1G 364M,1G 705M,2G 46M
243,243-14,1G 24M,1G 365M,1G 707M,2G 48M
243,243-15,1G 25M,1G 367M,1G 708M,2G 50M
243,243-16,1G 26M,1G 368M,1G 710M,2G 52M
243,243-17,1G 27M,1G 369M,1G 712M,2G 54M
243,243-18,1G 28M,1G 371M,1G 713M,2G 56M
243,243-19,1G 29M,1G 372M,1G 715M,2G 58M
243,243-20,1G 30M,1G 373M,1G 717M,2G 60M
243,243-21,1G 31M,1G 375M,1G 718M,2G 62M
243,243-22,1G 32M,1G 376M,1G 720M,2G 64M
243,243-23,1G 33M,1G 377M,1G 722M,2G 66M
243,243-24,1G 34M,1G 379M,1G 723M,2G 68M
243,243-25,1G 35M,1G 380M,1G 725M,2G 70M
243,243-26,1G 36M,1G 381M,1G 727M,2G 72M
243,243-27,1G 37M,1G 383M,1G 728M,2G 74M
243,243-28,1G 38M,1G 384M,1G 730M,2G 76M
243,243-29,1G 39M,1G 385M,1G 732M,2G 78M
243,243-30,1G 40M,1G 387M,1G 733M,2G 80M
244,244-1,1G 41M,1G 388M,1G 735M,2G 82M
244,244-2,1G 42M,1G 389M,1G 737M,2G 84M
244,244-3,1G 43M,1G 391M,1G 738M,2G 86M
244,244-4,1G 44M,1G 392M,1G 740M,2G 88M
244,244-5,1G 45M,1G 393M,1G 742M,2G 90M
244,244-6,1G 46M,1G 395M,1G 743M,2G 92M
244,244-7,1G 47M,1G 396M,1G 745M,2G 94M
244,244-8,1G 48M,1G 397M,1G 747M,2G 96M
244,244-9,1G 49M,1G 399M,1G 748M,2G 98M
244,244-10,1G 50M,1G 400M,1G 750M,2G 100M
244,244-11,1G 51M,1G 401M,1G 752M,2G 102M
244,244-12,1G 52M,1G 403M,1G 753M,2G 104M
244,244-13,1G 53M,1G 404M,1G 755M,2G 106M
244,244-14,1G 54M,1G 406M,1G 757M,2G 108M
244,244-15,1G 55M,1G 407M,1G 758M,2G 110M
244,244-16,1G 56M,1G 408M,1G 760M,2G 112M
244,244-17,1G 57M,1G 410M,1G 762M,2G 114M
244,244-18,1G 58M,1G 411M,1G 764M,2G 116M
244,244-19,1G 59M,1G 412M,1G 765M,2G 118M
244,244-20,1G 60M,1G 414M,1G 767M,2G 120M
244,244-21,1G 61M,1G 415M,1G 769M,2G 122M
244,244-22,1G 62M,1G 416M,1G 770M,2G 124M
244,244-23,1G 63M,1G 418M,1G 772M,2G 126M
244,244-24,1G 64M,1G 419M,1G 774M,2G 128M
244,244-25,1G 66M,1G 421M,1G 776M,2G 131M
244,244-26,1G 67M,1G 422M,1G 777M,2G 133M
244,244-27,1G 68M,1G 423M,1G 779M,2G 135M
244,244-28,1G 69M,1G 425M,1G 781M,2G 137M
244,244-29,1G 70M,1G 426M,1G 782M,2G 139M
244,244-30,1G 71M,1G 427M,1G 784M,2G 141M
245,245-1,1G 72M,1G 429M,1G 786M,2G 143M
245,245-2,1G 73M,1G 430M,1G 788M,2G 145M
245,245-3,1G 74M,1G 432M,1G 789M,2G 147M
245,245-4,1G 75M,1G 433M,1G 791M,2G 149M
245,245-5,1G 76M,1G 434M,1G 793M,2G 151M
245,245-6,1G 77M,1G 436M,1G 794M,2G 153M
245,245-7,1G 78M,1G 437M,1G 796M,2G 155M
245,245-8,1G 79M,1G 438M,1G 798M,2G 157M
245,245-9,1G 80M,1G 440M,1G 800M,2G 160M
245,245-10,1G 81M,1G 441M,1G 801M,2G 162M
245,245-11,1G 82M,1G 443M,1G 803M,2G 164M
245,245-12,1G 83M,1G 444M,1G 805M,2G 166M
245,245-13,1G 84M,1G 445M,1G 807M,2G 168M
245,245-14,1G 85M,1G 447M,1G 808M,2G 170M
245,245-15,1G 86M,1G 448M,1G 810M,2G 172M
245,245-16,1G 87M,1G 450M,1G 812M,2G 174M
245,245-17,1G 88M,1G 451M,1G 814M,2G 176M
245,245-18,1G 89M,1G 452M,1G 815M,2G 178M
245,245-19,1G 90M,1G 454M,1G 817M,2G 180M
245,245-20,1G 92M,1G 455M,1G 819M,2G 183M
245,245-21,1G 93M,1G 457M,1G 821M,2G 185M
245,245-22,1G 94M,1G 458M,1G 822M,2G 187M
245,245-23,1G 95M,1G 459M,1G 824M,2G 189M
245,245-24,1G 96M,1G 461M,1G 826M,2G 191M
245,245-25,1G 97M,1G 462M,1G 828M,2G 193M
245,245-26,1G 98M,1G 464M,1G 829M,2G 195M
245,245-27,1G 99M,1G 465M,1G 831M,2G 197M
245,245-28,1G 100M,1G 467M,1G 833M,2G 200M
245,245-29,1G 101M,1G 468M,1G 835M,2G 202M
245,245-30,1G 102M,1G 469M,1G 837M,2G 204M
246,246-1,1G 103M,1G 471M,1G 838M,2G 206M
246,246-2,1G 104M,1G 472M,1G 840M,2G 208M
246,246-3,1G 105M,1G 474M,1G 842M,2G 210M
246,246-4,1G 106M,1G 475M,1G 844M,2G 212M
246,246-5,1G 107M,1G 476M,1G 845M,2G 214M
246,246-6,1G 109M,1G 478M,1G 847M,2G 217M
246,246-7,1G 110M,1G 479M,1G 849M,2G 219M
246,246-8,1G 111M,1G 481M,1G 851M,2G 221M
246,246-9,1G 112M,1G 482M,1G 853M,2G 223M
246,246-10,1G 113M,1G 484M,1G 854M,2G 225M
246,246-11,1G 114M,1G 485M,1G 856M,2G 227M
246,246-12,1G 115M,1G 486M,1G 858M,2G 229M
246,246-13,1G 116M,1G 488M,1G 860M,2G 232M
246,246-14,1G 117M,1G 489M,1G 862M,2G 234M
246,246-15,1G 118M,1G 491M,1G 863M,2G 236M
246,246-16,1G 119M,1G 492M,1G 865M,2G 238M
246,246-17,1G 120M,1G 494M,1G 867M,2G 240M
246,246-18,1G 121M,1G 495M,1G 869M,2G 242M
246,246-19,1G 123M,1G 497M,1G 871M,2G 245M
246,246-20,1G 124M,1G 498M,1G 872M,2G 247M
246,246-21,1G 125M,1G 499M,1G 874M,2G 249M
246,246-22,1G 126M,1G 501M,1G 876M,2G 251M
246,246-23,1G 127M,1G 502M,1G 878M,2G 253M
246,246-24,1G 128M,1G 504M,1G 880M,2G 255M
246,246-25,1G 129M,1G 505M,1G 881M,2G 258M
246,246-26,1G 130M,1G 507M,1G 883M,2G 260M
246,246-27,1G 131M,1G 508M,1G 885M,2G 262M
246,246-28,1G 132M,1G 510M,1G 887M,2G 264M
246,246-29,1G 133M,1G 511M,1G 889M,2G 266M
246,246-30,1G 135M,1G 513M,1G 891M,2G 269M
247,247-1,1G 136M,1G 514M,1G 892M,2G 271M
247,247-2,1G 137M,1G 515M,1G 894M,2G 273M
247,247-3,1G 138M,1G 517M,1G 896M,2G 275M
247,247-4,1G 139M,1G 518M,1G 898M,2G 277M
247,247-5,1G 140M,1G 520M,1G 900M,2G 280M
247,247-6,1G 141M,1G 521M,1G 902M,2G 282M
247,247-7,1G 142M,1G 523M,1G 903M,2G 284M
247,247-8,1G 143M,1G 524M,1G 905M,2G 286M
247,247-9,1G 144M,1G 526M,1G 907M,2G 288M
247,247-10,1G 146M,1G 527M,1G 909M,2G 291M
247,247-11,1G 147M,1G 529M,1G 911M,2G 293M
247,247-12,1G 148M,1G 530M,1G 913M,2G 295M
247,247-13,1G 149M,1G 532M,1G 914M,2G 297M
247,247-14,1G 150M,1G 533M,1G 916M,2G 299M
247,247-15,1G 151M,1G 535M,1G 918M,2G 302M
247,247-16,1G 152M,1G 536M,1G 920M,2G 304M
247,247-17,1G 153M,1G 538M,1G 922M,2G 306M
247,247-18,1G 154M,1G 539M,1G 924M,2G 308M
247,247-19,1G 156M,1G 541M,1G 926M,2G 311M
247,247-20,1G 157M,1G 542M,1G 927M,2G 313M
247,247-21,1G 158M,1G 544M,1G 929M,2G 315M
247,247-22,1G 159M,1G 545M,1G 931M,2G 317M
247,247-23,1G 160M,1G 547M,1G 933M,2G 320M
247,247-24,1G 161M,1G 548M,1G 935M,2G 322M
247,247-25,1G 162M,1G 549M,1G 937M,2G 324M
247,247-26,1G 163M,1G 551M,1G 939M,2G 326M
247,247-27,1G 164M,1G 552M,1G 940M,2G 328M
247,247-28,1G 166M,1G 554M,1G 942M,2G 331M
247,247-29,1G 167M,1G 555M,1G 944M,2G 333M
247,247-30,1G 168M,1G 557M,1G 946M,2G 335M
248,248-1,1G 169M,1G 558M,1G 948M,2G 337M
248,248-2,1G 170M,1G 560M,1G 950M,2G 340M
248,248-3,1G 171M,1G 562M,1G 952M,2G 342M
248,248-4,1G 172M,1G 563M,1G 954M,2G 344M
248,248-5,1G 174M,1G 565M,1G 956M,2G 347M
248,248-6,1G 175M,1G 566M,1G 957M,2G 349M
248,248-7,1G 176M,1G 568M,1G 959M,2G 351M
248,248-8,1G 177M,1G 569M,1G 961M,2G 353M
248,248-9,1G 178M,1G 571M,1G 963M,2G 356M
248,248-10,1G 179M,1G 572M,1G 965M,2G 358M
248,248-11,1G 180M,1G 574M,1G 967M,2G 360M
248,248-12,1G 181M,1G 575M,1G 969M,2G 362M
248,248-13,1G 183M,1G 577M,1G 971M,2G 365M
248,248-14,1G 184M,1G 578M,1G 973M,2G 367M
248,248-15,1G 185M,1G 580M,1G 975M,2G 369M
248,248-16,1G 186M,1G 581M,1G 976M,2G 372M
248,248-17,1G 187M,1G 583M,1G 978M,2G 374M
248,248-18,1G 188M,1G 584M,1G 980M,2G 376M
248,248-19,1G 189M,1G 586M,1G 982M,2G 378M
248,248-20,1G 191M,1G 587M,1G 984M,2G 381M
248,248-21,1G 192M,1G 589M,1G 986M,2G 383M
248,248-22,1G 193M,1G 590M,1G 988M,2G 385M
248,248-23,1G 194M,1G 592M,1G 990M,2G 388M
248,248-24,1G 195M,1G 593M,1G 992M,2G 390M
248,248-25,1G 196M,1G 595M,1G 994M,2G 392M
248,248-26,1G 198M,1G 597M,1G 996M,2G 395M
248,248-27,1G 199M,1G 598M,1G 998M,2G 397M
248,248-28,1G 200M,1G 600M,1G 999M,2G 399M
248,248-29,1G 201M,1G 601M,2G 1M,2G 402M
248,248-30,1G 202M,1G 603M,2G 3M,2G 404M
